observation_date,DEXUSEU,DEXUSUK,DEXUSAL,DEXUSNZ,DEXJPUS,DEXSZUS,DEXCAUS
1971-01-04,,2.3938,1.1127,1.1138,357.73,4.3180,1.0109
1971-01-05,,2.3949,1.1132,1.1143,357.81,4.3117,1.0102
1971-01-06,,2.3967,1.1140,1.1151,357.86,4.3113,1.0106
1971-01-07,,2.3963,1.1138,1.1150,357.87,4.3103,1.0148
1971-01-08,,2.3972,1.1124,1.1154,357.82,4.3109,1.0154
1971-01-11,,2.3992,1.1152,1.1163,357.95,4.3102,1.0159
1971-01-12,,2.4001,1.1156,1.1167,358.06,4.3099,1.0130
1971-01-13,,2.4021,1.1165,1.1177,358.44,4.3095,1.0122
1971-01-14,,2.4071,1.1189,1.1200,358.40,4.3095,1.0133
1971-01-15,,2.4057,1.1182,1.1193,358.40,4.3076,1.0135
1971-01-18,,2.4052,1.1179,1.1191,358.29,4.3029,1.0126
1971-01-19,,2.4081,1.1193,1.1205,358.35,4.3006,1.0111
1971-01-20,,2.4080,1.1193,1.1204,358.40,4.3010,1.0115
1971-01-21,,2.4092,1.1198,1.1210,358.27,4.3017,1.0109
1971-01-22,,2.4103,1.1204,1.1215,357.90,4.2996,1.0117
1971-01-25,,2.4147,1.1224,1.1236,357.73,4.3005,1.0111
1971-01-26,,2.4160,1.1230,1.1241,357.78,4.2987,1.0107
1971-01-27,,2.4161,1.1230,1.1242,357.79,4.2973,1.0101
1971-01-28,,2.4169,1.1234,1.1246,357.83,4.2978,1.0090
1971-01-29,,2.4174,1.1236,1.1248,357.72,4.2963,1.0080
1971-02-01,,2.4184,1.1241,1.1253,357.67,4.2968,1.0076
1971-02-02,,2.4181,1.1240,1.1251,357.55,4.2969,1.0087
1971-02-03,,2.4184,1.1241,1.1253,357.54,4.2965,1.0085
1971-02-04,,2.4167,1.1233,1.1245,357.51,4.2966,1.0078
1971-02-05,,2.4147,1.1224,1.1235,357.53,4.2969,1.0078
1971-02-08,,2.4182,1.1240,1.1252,357.49,4.2979,1.0083
1971-02-09,,2.4151,1.1226,1.1237,357.50,4.2969,1.0083
1971-02-10,,2.4159,1.1229,1.1241,357.50,4.2972,1.0086
1971-02-11,,2.4158,1.1229,1.1240,357.50,4.2967,1.0086
1971-02-12,,,,,,,
1971-02-15,,,,,,,
1971-02-16,,2.4193,1.1245,1.1257,357.53,4.2968,1.0084
1971-02-17,,2.4193,1.1245,1.1257,357.53,4.2968,1.0087
1971-02-18,,2.4191,1.1244,1.1256,357.53,4.2967,1.0076
1971-02-19,,2.4190,1.1244,1.1255,357.56,4.2963,1.0066
1971-02-22,,2.4192,1.1245,1.1256,357.60,4.2958,1.0043
1971-02-23,,2.4193,1.1245,1.1257,357.55,4.2957,1.0035
1971-02-24,,2.4193,1.1245,1.1257,357.60,4.3015,1.0075
1971-02-25,,2.4177,1.1238,1.1249,357.56,4.3073,1.0066
1971-02-26,,2.4160,1.1230,1.1241,357.56,4.3070,1.0070
1971-03-01,,2.4162,1.1231,1.1242,357.63,4.3073,1.0076
1971-03-02,,2.4184,1.1241,1.1253,357.56,4.3054,1.0071
1971-03-03,,2.4193,1.1245,1.1257,357.49,4.3039,1.0073
1971-03-04,,2.4179,1.1239,1.1250,357.45,4.3068,1.0064
1971-03-05,,2.4183,1.1241,1.1252,357.59,4.3066,1.0047
1971-03-08,,2.4192,1.1245,1.1256,357.55,4.3020,1.0030
1971-03-09,,2.4188,1.1244,1.1256,357.46,4.3011,1.0040
1971-03-10,,2.4192,1.1245,1.1256,357.59,4.3040,1.0036
1971-03-11,,2.4188,1.1243,1.1254,357.56,4.3012,1.0049
1971-03-12,,2.4193,1.1245,1.1257,357.58,4.3010,1.0056
1971-03-15,,2.4193,1.1245,1.1257,357.54,4.3004,1.0059
1971-03-16,,2.4183,1.1241,1.1252,357.49,4.3002,1.0052
1971-03-17,,2.4194,1.1246,1.1257,357.53,4.2995,1.0056
1971-03-18,,2.4190,1.1244,1.1255,357.56,4.2983,1.0065
1971-03-19,,2.4190,1.1244,1.1255,357.56,4.2972,1.0077
1971-03-22,,2.4193,1.1245,1.1257,357.44,4.2971,1.0079
1971-03-23,,2.4193,1.1245,1.1257,357.53,4.2972,1.0078
1971-03-24,,2.4194,1.1246,1.1257,357.53,4.2968,1.0076
1971-03-25,,2.4185,1.1241,1.1253,357.47,4.2969,1.0070
1971-03-26,,2.4188,1.1243,1.1254,357.47,4.2959,1.0074
1971-03-29,,2.4194,1.1246,1.1257,357.44,4.2966,1.0075
1971-03-30,,2.4181,1.1240,1.1251,357.49,4.2958,1.0082
1971-03-31,,2.4168,1.1234,1.1245,357.42,4.2954,1.0081
1971-04-01,,2.4147,1.1224,1.1235,357.49,4.2955,1.0076
1971-04-02,,2.4125,1.1213,1.1225,357.53,4.2947,1.0073
1971-04-05,,2.4161,1.1230,1.1242,357.50,4.2971,1.0071
1971-04-06,,2.4189,1.1243,1.1255,357.46,4.2974,1.0062
1971-04-07,,2.4170,1.1234,1.1246,357.55,4.2960,1.0069
1971-04-08,,2.4167,1.1233,1.1245,357.55,4.2937,1.0071
1971-04-09,,2.4167,1.1233,1.1245,357.50,4.2951,1.0068
1971-04-12,,2.4169,1.1234,1.1246,357.50,4.2969,1.0069
1971-04-13,,2.4167,1.1233,1.1245,357.62,4.3019,1.0076
1971-04-14,,2.4180,1.1239,1.1250,357.58,4.3024,1.0081
1971-04-15,,2.4187,1.1242,1.1254,357.50,4.2992,1.0075
1971-04-16,,2.4186,1.1242,1.1253,357.54,4.3019,1.0068
1971-04-19,,2.4193,1.1245,1.1256,357.49,4.3052,1.0073
1971-04-20,,2.4193,1.1245,1.1257,357.49,4.3039,1.0075
1971-04-21,,2.4196,1.1246,1.1258,357.49,4.3008,1.0073
1971-04-22,,2.4187,1.1242,1.1254,357.49,4.2995,1.0076
1971-04-23,,2.4189,1.1243,1.1255,357.49,4.3025,1.0085
1971-04-26,,2.4188,1.1243,1.1254,357.50,4.3008,1.0092
1971-04-27,,2.4190,1.1244,1.1255,357.49,4.2990,1.0095
1971-04-28,,2.4195,1.1246,1.1258,357.50,4.2957,1.0089
1971-04-29,,2.4192,1.1245,1.1256,357.41,4.2957,1.0086
1971-04-30,,2.4193,1.1245,1.1257,357.40,4.2959,1.0091
1971-05-03,,2.4189,1.1243,1.1255,357.41,4.2955,1.0089
1971-05-04,,2.4185,1.1242,1.1253,357.40,4.2952,1.0090
1971-05-05,,2.4194,1.1246,1.1257,357.40,4.1841,1.0074
1971-05-06,,2.4185,1.1242,1.1253,357.41,4.1667,1.0074
1971-05-07,,2.4188,1.1243,1.1255,357.41,4.1374,1.0069
1971-05-10,,2.4173,1.1236,1.1248,357.14,4.1076,1.0084
1971-05-11,,2.4170,1.1235,1.1246,357.44,4.1164,1.0084
1971-05-12,,2.4183,1.1240,1.1252,357.53,4.1095,1.0083
1971-05-13,,2.4183,1.1240,1.1252,357.49,4.0950,1.0089
1971-05-14,,2.4186,1.1242,1.1253,357.49,4.0950,1.0089
1971-05-17,,2.4193,1.1245,1.1256,357.40,4.0914,1.0089
1971-05-18,,2.4190,1.1244,1.1255,357.44,4.0872,1.0089
1971-05-19,,2.4194,1.1246,1.1257,357.40,4.0866,1.0095
1971-05-20,,2.4193,1.1245,1.1256,357.46,4.0869,1.0093
1971-05-21,,2.4194,1.1246,1.1257,357.40,4.0733,1.0092
1971-05-24,,2.4194,1.1246,1.1257,357.40,4.0771,1.0090
1971-05-25,,2.4190,1.1244,1.1255,357.40,4.0868,1.0091
1971-05-26,,2.4194,1.1246,1.1257,357.44,4.0882,1.0086
1971-05-27,,2.4187,1.1243,1.1254,357.40,4.0984,1.0093
1971-05-28,,2.4178,1.1238,1.1250,357.40,4.1058,1.0101
1971-05-31,,,,,,,
1971-06-01,,2.4162,1.1231,1.1243,357.46,4.1059,1.0126
1971-06-02,,2.4170,1.1234,1.1246,357.40,4.0995,1.0134
1971-06-03,,2.4188,1.1243,1.1254,357.46,4.0898,1.0185
1971-06-04,,2.4190,1.1244,1.1255,357.40,4.0940,1.0174
1971-06-07,,2.4192,1.1245,1.1256,357.40,4.0879,1.0161
1971-06-08,,2.4188,1.1243,1.1254,357.40,4.0896,1.0179
1971-06-09,,2.4194,1.1246,1.1257,357.40,4.0909,1.0186
1971-06-10,,2.4193,1.1245,1.1256,357.40,4.0851,1.0239
1971-06-11,,2.4194,1.1246,1.1257,357.40,4.0885,1.0239
1971-06-14,,2.4186,1.1242,1.1254,357.40,4.0901,1.0232
1971-06-15,,2.4187,1.1242,1.1254,357.46,4.0948,1.0248
1971-06-16,,2.4193,1.1245,1.1256,357.46,4.0907,1.0244
1971-06-17,,2.4189,1.1243,1.1255,357.46,4.0940,1.0242
1971-06-18,,2.4191,1.1244,1.1256,357.40,4.0931,1.0225
1971-06-21,,2.4191,1.1244,1.1256,357.40,4.0929,1.0242
1971-06-22,,2.4190,1.1244,1.1255,357.40,4.0961,1.0243
1971-06-23,,2.4195,1.1246,1.1258,357.40,4.0943,1.0234
1971-06-24,,2.4191,1.1244,1.1256,357.40,4.0940,1.0242
1971-06-25,,2.4191,1.1244,1.1256,357.40,4.0944,1.0233
1971-06-28,,2.4185,1.1242,1.1253,357.37,4.0981,1.0221
1971-06-29,,2.4190,1.1244,1.1255,357.39,4.1017,1.0230
1971-06-30,,2.4196,1.1246,1.1258,357.40,4.0989,1.0235
1971-07-01,,2.4190,1.1243,1.1255,357.40,4.0966,1.0232
1971-07-02,,2.4190,1.1243,1.1255,357.40,4.0989,1.0226
1971-07-05,,,,,,,
1971-07-06,,2.4181,1.1240,1.1251,357.45,4.1037,1.0230
1971-07-07,,2.4187,1.1242,1.1254,357.46,4.1049,1.0233
1971-07-08,,2.4185,1.1242,1.1259,357.46,4.1050,1.0230
1971-07-09,,2.4183,1.1241,1.1252,357.40,4.1061,1.0230
1971-07-12,,2.4182,1.1240,1.1252,357.41,4.1060,1.0231
1971-07-13,,2.4180,1.1239,1.1251,357.44,4.1038,1.0231
1971-07-14,,2.4187,1.1242,1.1254,357.40,4.0980,1.0230
1971-07-15,,2.4187,1.1242,1.1254,357.40,4.0939,1.0227
1971-07-16,,2.4189,1.1243,1.1255,357.40,4.0934,1.0228
1971-07-19,,2.4183,1.1240,1.1252,357.39,4.0915,1.0222
1971-07-20,,2.4182,1.1240,1.1251,357.39,4.0909,1.0203
1971-07-21,,2.4191,1.1244,1.1255,357.40,4.0886,1.0200
1971-07-22,,2.4188,1.1243,1.1254,357.37,4.0866,1.0175
1971-07-23,,2.4190,1.1243,1.1255,357.36,4.0866,1.0151
1971-07-26,,2.4180,1.1239,1.1250,357.40,4.0862,1.0176
1971-07-27,,2.4178,1.1238,1.1250,357.37,4.0862,1.0205
1971-07-28,,2.4185,1.1241,1.1253,357.40,4.0854,1.0221
1971-07-29,,2.4184,1.1241,1.1253,357.40,4.0871,1.0207
1971-07-30,,2.4184,1.1241,1.1252,357.39,4.0862,1.0188
1971-08-02,,2.4175,1.1237,1.1248,357.41,4.0878,1.0193
1971-08-03,,2.4170,1.1235,1.1246,357.37,4.0887,1.0195
1971-08-04,,2.4193,1.1245,1.1256,357.37,4.0607,1.0185
1971-08-05,,2.4183,1.1240,1.1242,357.37,4.0616,1.0168
1971-08-06,,2.4185,1.1241,1.1253,357.37,4.0699,1.0186
1971-08-09,,2.4192,1.1245,1.1256,357.35,4.0532,1.0063
1971-08-10,,2.4187,1.1242,1.1254,357.39,4.0582,1.0128
1971-08-11,,2.4197,1.1247,1.1258,357.35,4.0600,1.0143
1971-08-12,,2.4196,1.1246,1.1258,357.40,4.0527,1.0132
1971-08-13,,2.4195,1.1246,1.1257,357.35,4.0633,1.0119
1971-08-16,,,,,,,1.0098
1971-08-17,,,,,,,1.0067
1971-08-18,,,,,,,1.0087
1971-08-19,,,,,,,1.0112
1971-08-20,,,,,,,1.0113
1971-08-23,,2.4350,1.1318,1.1330,,3.9932,1.0128
1971-08-24,,2.4447,1.1363,1.1375,,3.9761,1.0143
1971-08-25,,2.4589,1.1428,1.1440,,3.9748,1.0121
1971-08-26,,2.4723,1.1492,1.1504,,3.9651,1.0106
1971-08-27,,2.4693,1.1478,1.1489,,3.9732,1.0100
1971-08-30,,2.4677,1.1471,1.1485,,3.9878,1.0135
1971-08-31,,2.4535,1.1406,1.1417,339.85,3.9936,1.0142
1971-09-01,,2.4541,1.1409,1.1420,341.01,4.0024,1.0162
1971-09-02,,2.4576,1.1423,1.1434,338.98,3.9992,1.0143
1971-09-03,,2.4590,1.1432,1.1445,340.14,3.9790,1.0146
1971-09-06,,,,,,,
1971-09-07,,2.4583,1.1427,1.1438,339.79,3.9999,1.0162
1971-09-08,,2.4584,1.1427,1.1439,339.39,3.9963,1.0161
1971-09-09,,2.4587,1.1428,1.1440,339.07,3.9948,1.0157
1971-09-10,,2.4592,1.1431,1.1443,338.81,3.9933,1.0159
1971-09-13,,2.4602,1.1435,1.1447,338.98,3.9984,1.0161
1971-09-14,,2.4670,1.1465,1.1476,338.24,3.9897,1.0153
1971-09-15,,2.4709,1.1485,1.1497,338.41,3.9853,1.0141
1971-09-16,,2.4710,1.1485,1.1497,337.84,3.9860,1.0142
1971-09-17,,2.4720,1.1490,1.1501,337.95,3.9864,1.0136
1971-09-20,,2.4743,1.1500,1.1511,337.27,3.9714,1.0120
1971-09-21,,2.4733,1.1496,1.1508,337.34,3.9751,1.0122
1971-09-22,,2.4740,1.1500,1.1511,337.44,3.9714,1.0119
1971-09-23,,2.4805,1.1530,1.1541,337.27,3.9563,1.0092
1971-09-24,,2.4825,1.1539,1.1551,336.98,3.9698,1.0066
1971-09-27,,2.4803,1.1530,1.1541,336.25,3.9689,1.0098
1971-09-28,,2.4782,1.1518,1.1530,336.36,3.9681,1.0099
1971-09-29,,2.4838,1.1545,1.1557,335.57,3.9594,1.0098
1971-09-30,,2.4847,1.1549,1.1560,335.35,3.9541,1.0093
1971-10-01,,2.4892,1.1570,1.1582,333.39,3.9588,1.0091
1971-10-04,,2.4889,1.1569,1.1580,333.17,3.9599,1.0082
1971-10-05,,2.4894,1.1571,1.1582,333.14,3.9596,1.0079
1971-10-06,,2.4882,1.1567,1.1577,332.65,3.9603,1.0075
1971-10-07,,2.4894,1.1571,1.1582,332.61,3.9604,1.0062
1971-10-08,,2.4802,1.1574,1.1586,332.37,3.9659,1.0057
1971-10-11,,,,,,,
1971-10-12,,2.4895,1.1572,1.1583,330.52,3.9699,1.0054
1971-10-13,,2.4891,1.1570,1.1581,331.40,3.9781,1.0056
1971-10-14,,2.4806,1.1572,1.1584,330.85,3.9824,1.0045
1971-10-15,,2.4889,1.1569,1.1581,330.58,3.9833,1.0051
1971-10-18,,2.4894,1.1571,1.1583,329.60,3.9727,1.0045
1971-10-19,,2.4893,1.1571,1.1582,330.85,3.9749,1.0036
1971-10-20,,2.4912,1.1579,1.1591,331.07,3.9755,1.0034
1971-10-21,,2.4921,1.1584,1.1595,330.79,3.9774,1.0034
1971-10-22,,2.4927,1.1586,1.1598,330.36,3.9799,1.0007
1971-10-25,,,,,,,
1971-10-26,,2.4940,1.1592,1.1604,329.00,3.9914,1.0019
1971-10-27,,2.4945,1.1595,1.1606,329.54,3.9948,1.0013
1971-10-28,,2.4938,1.1592,1.1603,329.71,3.9880,1.0017
1971-10-29,,2.4914,1.1580,1.1592,329.50,3.9927,1.0036
1971-11-01,,2.4927,1.1586,1.1598,329.45,3.9960,1.0054
1971-11-02,,,,,,,
1971-11-03,,2.4930,1.1587,1.1600,329.50,3.9917,1.0036
1971-11-04,,2.4928,1.1587,1.1598,330.87,3.9912,1.0042
1971-11-05,,2.4936,1.1590,1.1602,329.16,3.9911,1.0048
1971-11-08,,2.4931,1.1588,1.1600,329.22,3.9946,1.0058
1971-11-09,,2.4926,1.1586,1.1597,329.16,3.9946,1.0060
1971-11-10,,2.4925,1.1586,1.1597,329.11,3.9960,1.0053
1971-11-11,,2.4934,1.1589,1.1601,329.11,3.9952,1.0048
1971-11-12,,2.4937,1.1591,1.1603,329.49,3.9943,1.0045
1971-11-15,,2.4930,1.1588,1.1600,328.73,3.9944,1.0038
1971-11-16,,2.4929,1.1587,1.1599,328.62,3.9948,1.0034
1971-11-17,,2.4938,1.1591,1.1603,328.80,3.9960,1.0037
1971-11-18,,2.4935,1.1590,1.1602,328.68,3.9965,1.0036
1971-11-19,,2.4938,1.1592,1.1603,328.40,3.9839,1.0027
1971-11-22,,2.4937,1.1591,1.1603,328.41,3.9761,1.0027
1971-11-23,,2.4939,1.1592,1.1604,328.19,3.9647,1.0027
1971-11-24,,2.4935,1.1590,1.1602,328.04,3.9526,1.0026
1971-11-25,,,,,,,
1971-11-26,,2.4937,1.1591,1.1603,327.60,3.9555,1.0027
1971-11-29,,2.4938,1.1592,1.1603,327.06,3.9539,1.0027
1971-11-30,,2.4937,1.1591,1.1603,327.44,3.9555,1.0036
1971-12-01,,2.4939,1.1592,1.1604,327.60,3.9489,1.0030
1971-12-02,,2.4930,1.1588,1.1599,326.00,3.9335,1.0027
1971-12-03,,2.4985,1.1613,1.1625,325.10,3.9170,1.0026
1971-12-06,,2.4978,1.1610,1.1621,326.53,3.8948,1.0010
1971-12-07,,2.5011,1.1625,1.1638,323.62,3.8997,1.0011
1971-12-08,,2.5079,1.1657,1.1669,323.50,3.8986,0.9997
1971-12-09,,2.5175,1.1702,1.1714,323.52,3.9000,0.9978
1971-12-10,,2.5182,1.1704,1.1717,323.10,3.8998,0.9957
1971-12-13,,2.5190,1.1708,1.1720,322.79,3.9027,0.9967
1971-12-14,,2.5189,1.1708,1.1722,322.58,3.8850,0.9971
1971-12-15,,2.5192,1.1710,1.1720,321.54,3.8756,0.9969
1971-12-16,,2.5197,1.1712,1.1724,320.00,3.8826,0.9973
1971-12-17,,2.5292,1.1756,1.1768,320.36,3.8754,0.9967
1971-12-20,,,,,,,0.9933
1971-12-21,,2.5537,,,314.98,3.8842,0.9967
1971-12-22,,2.5538,1.1871,,314.96,3.8850,0.9985
1971-12-23,,2.5485,1.1864,,315.01,3.9043,1.0004
1971-12-24,,2.5477,1.1871,,315.21,3.9092,1.0006
1971-12-27,,2.5482,1.1882,,314.96,3.9193,1.0002
1971-12-28,,2.5473,1.1879,1.1890,315.01,3.9192,1.0014
1971-12-29,,2.5474,1.1888,1.1892,315.21,3.9212,1.0019
1971-12-30,,2.5536,1.1887,1.1893,315.01,3.9196,1.0008
1971-12-31,,2.5520,1.1887,1.1913,315.01,3.9147,1.0024
1972-01-03,,2.5520,1.1910,1.1950,314.86,3.9177,1.0041
1972-01-04,,2.5505,1.1900,1.1915,314.96,3.9200,1.0052
1972-01-05,,2.5510,1.1905,1.1925,314.86,3.9216,1.0050
1972-01-06,,2.5502,1.1905,1.1920,312.01,3.9185,1.0050
1972-01-07,,2.5502,1.1905,1.1925,312.50,3.9208,1.0068
1972-01-10,,2.5498,1.1905,1.1925,312.99,3.9198,1.0093
1972-01-11,,2.5490,1.1910,1.1930,314.47,3.9216,1.0085
1972-01-12,,2.5504,1.1900,1.1900,313.48,3.9164,1.0076
1972-01-13,,2.5541,1.1915,1.1950,313.97,3.9002,1.0071
1972-01-14,,2.5720,1.1930,1.1980,312.99,3.8835,1.0061
1972-01-17,,2.5850,1.1920,1.1960,313.38,3.8655,1.0045
1972-01-18,,2.5800,1.1920,1.1960,312.89,3.8775,1.0065
1972-01-19,,2.5801,1.1920,1.1950,312.79,3.8728,1.0061
1972-01-20,,2.5815,1.1880,1.1900,312.01,3.8775,1.0065
1972-01-21,,2.5824,1.1910,1.1920,312.30,3.8778,1.0063
1972-01-24,,2.5873,1.1915,1.1930,312.21,3.8728,1.0056
1972-01-25,,2.5903,1.1915,1.1950,311.82,3.8655,1.0046
1972-01-26,,2.5894,1.1910,1.1940,311.53,3.8685,1.0046
1972-01-27,,2.5903,1.1910,1.1930,310.08,3.8707,1.0045
1972-01-28,,2.5914,1.1910,1.1950,310.46,3.8730,1.0046
1972-01-31,,2.5937,1.1910,1.1950,310.56,3.8745,1.0056
1972-02-01,,2.5998,1.1910,1.1950,310.37,3.8677,1.0063
1972-02-02,,2.6067,1.1910,1.1950,308.55,3.8462,1.0058
1972-02-03,,2.6046,1.1910,1.1950,309.12,3.8580,1.0057
1972-02-04,,2.6000,1.1910,1.1950,308.64,3.8745,1.0058
1972-02-07,,2.6029,1.1910,1.1950,308.17,3.8730,1.0060
1972-02-08,,2.6037,1.1910,1.1940,307.69,3.8692,1.0065
1972-02-09,,2.6050,1.1910,1.1950,304.79,3.8610,1.0058
1972-02-10,,2.6059,1.1910,1.1925,304.69,3.8610,1.0057
1972-02-11,,2.6055,1.1910,1.1925,304.69,3.8580,1.0057
1972-02-14,,2.5952,1.1910,1.1925,304.23,3.8610,1.0057
1972-02-15,,2.5937,1.1910,1.1925,304.14,3.8640,1.0050
1972-02-16,,2.6045,1.1910,1.1925,303.95,3.8447,1.0047
1972-02-17,,2.6050,1.1910,1.1940,303.95,3.8484,1.0045
1972-02-18,,2.6055,1.1910,1.1925,303.49,3.8491,1.0040
1972-02-21,,,,,,,
1972-02-22,,2.6050,1.1910,1.1950,302.85,3.8595,1.0034
1972-02-23,,2.6062,1.1910,1.1925,302.48,3.8565,1.0047
1972-02-24,,2.6070,1.1910,1.1950,302.11,3.8565,1.0025
1972-02-25,,2.6054,1.1910,1.1925,302.48,3.8692,1.0025
1972-02-28,,2.6057,1.1910,1.1950,303.95,3.8752,1.0028
1972-02-29,,2.6059,1.1910,1.1950,303.40,3.8685,1.0012
1972-03-01,,2.6058,1.1910,1.1950,303.21,3.8711,1.0010
1972-03-02,,2.6058,1.1910,1.1950,303.03,3.8685,1.0006
1972-03-03,,2.6077,1.1910,1.1950,302.66,3.8715,1.0004
1972-03-06,,2.6112,1.1910,1.1920,302.75,3.8610,0.9974
1972-03-07,,2.6213,1.1910,1.1925,302.30,3.8573,0.9971
1972-03-08,,2.6257,1.1910,1.1920,302.02,3.8410,0.9969
1972-03-09,,2.6440,1.1910,1.1925,301.66,3.8183,0.9962
1972-03-10,,2.6409,1.1910,1.1900,301.93,3.8175,0.9971
1972-03-13,,2.6387,1.1910,1.1950,302.30,3.9817,0.9989
1972-03-14,,2.6290,1.1910,1.1920,302.21,3.8358,1.0003
1972-03-15,,2.6210,1.1910,1.1920,302.11,3.8388,1.0011
1972-03-16,,2.6200,1.1910,1.1920,302.02,3.8432,1.0006
1972-03-17,,2.6100,1.1910,1.1900,302.11,3.8580,1.0008
1972-03-20,,2.6105,1.1910,1.1920,302.30,3.8625,0.9996
1972-03-21,,2.6175,1.1910,1.1920,302.11,3.8513,0.9973
1972-03-22,,2.6168,1.1910,1.1920,302.11,3.8603,0.9978
1972-03-23,,2.6096,1.1910,1.1920,301.93,3.8655,0.9990
1972-03-24,,2.6065,1.1910,1.1920,302.30,3.8700,0.9987
1972-03-27,,2.6107,1.1910,1.1920,302.57,3.8591,0.9966
1972-03-28,,2.6150,1.1910,1.1920,302.85,3.8528,0.9961
1972-03-29,,2.6160,1.1910,1.1920,303.77,3.8476,0.9966
1972-03-30,,2.6152,1.1910,1.1950,303.77,3.8366,0.9972
1972-03-31,,2.6163,1.1910,1.1980,304.32,3.8358,0.9977
1972-04-03,,2.6160,1.1910,1.1980,304.14,3.8373,0.9983
1972-04-04,,2.6128,1.1910,1.1980,304.97,3.8476,0.9979
1972-04-05,,2.6120,1.1910,1.1920,305.16,3.8491,0.9969
1972-04-06,,2.6093,1.1910,1.1920,304.88,3.8521,0.9964
1972-04-07,,2.6088,1.1910,1.1920,303.21,3.8521,0.9970
1972-04-10,,2.6082,1.1910,1.1950,302.11,3.7092,0.9970
1972-04-11,,2.6115,1.1910,1.1950,302.30,3.8499,0.9969
1972-04-12,,2.6125,1.1910,1.1950,302.43,3.8484,0.9970
1972-04-13,,2.6102,1.1910,1.1925,302.57,3.8506,0.9968
1972-04-14,,2.6086,1.1910,1.1950,302.94,3.8558,0.9972
1972-04-17,,2.6082,1.1910,1.1950,302.57,3.8588,0.9967
1972-04-18,,2.6068,1.1910,1.1930,302.39,3.8737,0.9970
1972-04-19,,2.6068,1.1910,1.1930,302.94,3.8790,0.9969
1972-04-20,,2.6093,1.1910,1.1925,303.03,3.8670,0.9961
1972-04-21,,2.6084,1.1910,1.1920,303.21,3.8700,0.9945
1972-04-24,,2.6099,1.1910,1.1930,305.16,3.8632,0.9933
1972-04-25,,2.6111,1.1910,1.1920,304.32,3.8625,0.9920
1972-04-26,,2.6110,1.1910,1.1925,303.77,3.8640,0.9917
1972-04-27,,2.6116,1.1910,1.1930,304.23,3.8629,0.9923
1972-04-28,,2.6110,1.1910,1.1925,304.88,3.8647,0.9924
1972-05-01,,2.6110,1.1910,1.1950,304.41,3.8640,0.9935
1972-05-02,,2.6108,1.1910,1.1950,304.23,3.8640,0.9931
1972-05-03,,2.6115,1.1910,1.1950,304.32,3.8625,0.9920
1972-05-04,,2.6112,1.1910,1.1950,304.23,3.8617,0.9920
1972-05-05,,2.6105,1.1910,1.1950,304.32,3.8632,0.9921
1972-05-08,,2.6107,1.1910,1.1950,305.06,3.8632,0.9922
1972-05-09,,2.6139,1.1910,1.1950,304.97,3.8573,0.9917
1972-05-10,,2.6152,1.1910,1.1950,303.77,3.8551,0.9910
1972-05-11,,2.6128,1.1910,1.1925,303.58,3.8610,0.9896
1972-05-12,,2.6130,1.1910,1.1925,303.86,3.8625,0.9899
1972-05-15,,2.6122,1.1910,1.1950,304.32,3.8670,0.9901
1972-05-16,,2.6113,1.1910,1.1950,304.41,3.8707,0.9911
1972-05-17,,2.6136,1.1910,1.1950,304.51,3.8655,0.9893
1972-05-18,,2.6135,1.1910,1.1940,304.60,3.8655,0.9887
1972-05-19,,2.6132,1.1910,1.1950,304.04,3.8651,0.9886
1972-05-22,,2.6133,1.1910,1.1950,304.41,3.8655,0.9882
1972-05-23,,2.6128,1.1910,1.1940,304.23,3.8565,0.9876
1972-05-24,,2.6133,1.1910,1.1940,304.32,3.8565,0.9838
1972-05-25,,2.6116,1.1910,1.1910,304.32,3.8595,0.9839
1972-05-26,,2.6126,1.1910,1.1910,304.41,3.8562,0.9841
1972-05-29,,,,,,,
1972-05-30,,2.6125,1.1910,1.1910,305.34,3.8462,0.9831
1972-05-31,,2.6130,1.1910,1.1950,304.69,3.8432,0.9812
1972-06-01,,2.6125,1.1910,1.1900,304.41,3.8351,0.9816
1972-06-02,,2.6117,1.1910,1.1960,304.23,3.8373,0.9813
1972-06-05,,2.6114,1.1910,1.1950,304.69,3.8432,0.9786
1972-06-06,,2.6109,1.1910,1.1950,304.51,3.8421,0.9790
1972-06-07,,2.6115,1.1910,1.1900,304.41,3.8366,0.9790
1972-06-08,,2.6112,1.1910,1.1900,304.32,3.8329,0.9768
1972-06-09,,2.6112,1.1910,1.1900,304.23,3.8329,0.9759
1972-06-12,,2.6070,1.1910,1.1900,304.51,3.8278,0.9777
1972-06-13,,2.6076,1.1910,1.1910,304.04,3.8179,0.9778
1972-06-14,,2.6080,1.1910,1.1910,303.95,3.8197,0.9756
1972-06-15,,2.6008,1.1910,1.1950,304.04,3.8157,0.9744
1972-06-16,,2.5913,1.1910,1.1900,303.95,3.8088,0.9759
1972-06-19,,2.5910,1.1910,1.1900,303.86,3.8059,0.9783
1972-06-20,,2.5850,1.1910,1.1900,303.40,3.7979,0.9805
1972-06-21,,2.5760,1.1910,1.1900,302.94,3.7940,0.9832
1972-06-22,,2.5720,1.1910,1.1900,302.07,3.7786,0.9813
1972-06-23,,2.5000,,,294.12,3.7439,0.9808
1972-06-26,,2.5195,,,298.51,3.7355,0.9805
1972-06-27,,2.4925,,,298.51,3.7594,0.9810
1972-06-28,,2.4850,,,296.74,3.7383,0.9815
1972-06-29,,2.4635,1.1910,1.1900,300.75,3.7495,0.9835
1972-06-30,,2.4410,1.1910,1.1900,300.93,3.7425,0.9856
1972-07-03,,2.4210,1.1910,1.1920,300.84,3.7481,0.9846
1972-07-04,,,,,,,
1972-07-05,,2.4460,1.1910,1.1950,300.03,3.7707,0.9836
1972-07-06,,2.4355,1.1910,1.1935,300.57,3.7594,0.9843
1972-07-07,,2.4385,1.1910,1.1950,300.93,3.7559,0.9855
1972-07-10,,2.4420,1.1910,1.1940,301.30,3.7552,0.9853
1972-07-11,,2.4410,1.1910,1.1930,301.57,3.7545,0.9844
1972-07-12,,2.4455,1.1910,1.1940,301.20,3.7523,0.9834
1972-07-13,,2.4537,1.1910,1.1925,301.02,3.7520,0.9835
1972-07-14,,2.4465,1.1910,1.1920,301.20,3.7530,0.9828
1972-07-17,,2.4445,1.1910,1.1950,301.02,3.7538,0.9848
1972-07-18,,2.4445,1.1910,1.1950,300.75,3.7707,0.9836
1972-07-19,,2.4455,1.1910,1.1925,301.20,3.7771,0.9835
1972-07-20,,2.4470,1.1910,1.1925,300.93,3.7700,0.9833
1972-07-21,,2.4505,1.1910,1.1940,301.11,3.7750,0.9843
1972-07-24,,2.4458,1.1910,1.1925,301.20,3.7811,0.9848
1972-07-25,,2.4482,1.1910,1.1940,300.75,3.7750,0.9847
1972-07-26,,2.4483,1.1910,1.1910,301.20,3.7718,0.9835
1972-07-27,,2.4505,1.1910,1.1900,301.20,3.7750,0.9830
1972-07-28,,2.4490,1.1910,1.1900,301.20,3.7750,0.9827
1972-07-31,,2.4498,1.1910,1.1950,301.39,3.7736,0.9834
1972-08-01,,2.4485,1.1910,1.1940,301.20,3.7736,0.9833
1972-08-02,,2.4505,1.1910,1.1940,301.20,3.7786,0.9832
1972-08-03,,2.4497,1.1910,1.1940,301.20,3.7793,0.9824
1972-08-04,,2.4505,1.1910,1.1950,300.93,3.7779,0.9821
1972-08-07,,2.4505,1.1910,1.1940,301.11,3.7757,0.9822
1972-08-08,,2.4527,1.1940,1.1950,301.20,3.7768,0.9820
1972-08-09,,2.4540,1.1910,1.1930,301.20,3.7786,0.9819
1972-08-10,,2.4525,1.1910,1.1940,301.11,3.7786,0.9815
1972-08-11,,2.4522,1.1910,1.1950,301.11,3.7793,0.9818
1972-08-14,,2.4523,1.1910,1.1950,301.11,3.7793,0.9818
1972-08-15,,2.4534,1.1910,1.1950,301.20,3.7821,0.9816
1972-08-16,,2.4542,1.1910,1.1930,301.20,3.7836,0.9819
1972-08-17,,2.4523,1.1910,1.1940,301.20,3.7886,0.9820
1972-08-18,,2.4509,1.1910,1.1940,301.20,3.7879,0.9822
1972-08-21,,2.4498,1.1910,1.1950,301.11,3.7915,0.9828
1972-08-22,,2.4461,1.1910,1.1950,301.20,3.7821,0.9834
1972-08-23,,2.4476,1.1910,1.1950,301.20,3.7793,0.9827
1972-08-24,,2.4460,1.1910,1.1950,301.20,3.7793,0.9826
1972-08-25,,2.4465,1.1910,1.1950,301.20,3.7864,0.9827
1972-08-28,,2.4464,1.1910,1.1950,301.20,3.7777,0.9823
1972-08-29,,2.4497,1.1910,1.1950,301.20,3.7821,0.9825
1972-08-30,,2.4509,1.1910,1.1950,301.11,3.7786,0.9833
1972-08-31,,2.4483,1.1910,1.1950,301.11,3.7818,0.9832
1972-09-01,,2.4489,1.1910,1.1950,301.11,3.7793,0.9833
1972-09-04,,,,,,,
1972-09-05,,2.4485,1.1910,1.1950,301.20,3.7821,0.9836
1972-09-06,,2.4496,1.1910,1.1950,301.20,3.7811,0.9839
1972-09-07,,2.4485,1.1910,1.1950,301.11,3.7775,0.9836
1972-09-08,,2.4467,1.1910,1.1950,301.11,3.7787,0.9840
1972-09-11,,2.4464,1.1910,1.1950,301.20,3.7800,0.9843
1972-09-12,,2.4461,1.1910,1.1950,301.11,3.7807,0.9838
1972-09-13,,2.4472,1.1910,1.1950,301.11,3.7793,0.9830
1972-09-14,,2.4476,1.1910,1.1925,301.11,3.7836,0.9828
1972-09-15,,2.4470,1.1910,1.1925,301.11,3.7847,0.9818
1972-09-18,,2.4465,1.1910,1.1925,301.11,3.7918,0.9816
1972-09-19,,2.4429,1.1910,1.1915,301.11,3.7904,0.9821
1972-09-20,,2.4440,1.1910,1.1920,301.11,3.7904,0.9828
1972-09-21,,2.4432,1.1910,1.1925,301.11,3.7915,0.9821
1972-09-22,,2.4340,1.1910,1.1940,301.11,3.7900,0.9822
1972-09-25,,2.4329,1.1910,1.1900,301.11,3.7925,0.9821
1972-09-26,,2.4307,1.1910,1.1900,301.11,3.7958,0.9826
1972-09-27,,2.4284,1.1910,1.1900,301.02,3.7951,0.9832
1972-09-28,,2.4223,1.1910,1.1940,301.11,3.8019,0.9838
1972-09-29,,2.4195,1.1910,1.1940,301.11,3.8023,0.9835
1972-10-02,,2.4242,1.1910,1.1940,301.11,3.8066,0.9842
1972-10-03,,2.4231,1.1910,1.1940,301.11,3.8045,0.9840
1972-10-04,,2.4240,1.1910,1.1885,301.11,3.7965,0.9833
1972-10-05,,2.4232,1.1910,1.1885,301.11,3.7882,0.9834
1972-10-06,,2.4217,1.1910,1.1925,300.93,3.7872,0.9837
1972-10-09,,,,,,,
1972-10-10,,2.4191,1.1910,1.1925,300.93,3.7922,0.9825
1972-10-11,,2.4204,1.1910,1.1925,301.02,3.7971,0.9825
1972-10-12,,2.4185,1.1910,1.1925,301.02,3.7994,0.9825
1972-10-13,,2.4179,1.1910,1.1925,301.11,3.7994,0.9819
1972-10-16,,2.4055,1.1900,1.1900,301.11,3.7983,0.9821
1972-10-17,,2.4074,1.1900,1.1900,301.11,3.7979,0.9820
1972-10-18,,2.4080,1.1900,1.1900,301.11,3.7961,0.9830
1972-10-19,,2.3925,1.1900,1.1900,301.02,3.7940,0.9825
1972-10-20,,2.3926,1.1900,1.1950,300.75,3.7976,0.9825
1972-10-23,,,,,,,
1972-10-24,,2.3755,1.1910,1.1925,301.02,3.8043,0.9825
1972-10-25,,2.3610,1.1910,1.1920,301.20,3.7994,0.9821
1972-10-26,,2.3440,1.1910,1.1925,300.84,3.7990,0.9821
1972-10-27,,2.3460,1.1910,1.1950,300.48,3.7987,0.9822
1972-10-30,,2.3300,1.1900,1.1925,301.02,3.7979,0.9825
1972-10-31,,2.3405,1.1910,1.1940,301.11,3.7994,0.9832
1972-11-01,,2.3565,1.1910,1.1990,301.02,3.7981,0.9843
1972-11-02,,2.3532,1.1910,1.1980,300.66,3.7965,0.9859
1972-11-03,,2.3450,1.1910,1.1940,299.94,3.7972,0.9866
1972-11-06,,2.3565,1.1910,1.1940,301.02,3.8010,0.9867
1972-11-07,,,,,,,
1972-11-08,,2.3510,1.1910,1.1940,301.02,3.8019,0.9866
1972-11-09,,2.3447,1.1910,1.1940,301.02,3.8008,0.9865
1972-11-10,,2.3480,1.1910,1.1940,300.93,3.8023,0.9862
1972-11-13,,2.3490,1.1910,1.1925,301.02,3.8019,0.9857
1972-11-14,,2.3504,1.1910,1.1920,301.02,3.8030,0.9860
1972-11-15,,2.3554,1.1910,1.1940,301.11,3.7994,0.9860
1972-11-16,,2.3595,1.1910,1.1935,301.11,3.8012,0.9859
1972-11-17,,2.3504,1.1910,1.1940,301.02,3.8023,0.9861
1972-11-20,,2.3510,1.1900,1.1950,301.11,3.8023,0.9863
1972-11-21,,2.3518,1.1910,1.1935,301.11,3.8008,0.9869
1972-11-22,,2.3509,1.1910,1.1940,301.11,3.7990,0.9869
1972-11-23,,,,,,,
1972-11-24,,2.3498,1.1900,1.1950,301.02,3.7925,0.9876
1972-11-27,,2.3506,1.1910,1.1950,301.11,3.7739,0.9886
1972-11-28,,2.3519,1.1910,1.1950,301.20,3.7850,0.9909
1972-11-29,,2.3528,1.1910,1.1950,301.11,3.7764,0.9934
1972-11-30,,2.3522,1.1910,1.1950,301.11,3.7761,0.9945
1972-12-01,,2.3474,1.1910,1.1950,301.11,3.7658,0.9950
1972-12-04,,2.3478,1.1910,1.1950,301.11,3.7729,0.9958
1972-12-05,,2.3446,1.1910,1.1950,301.11,3.7718,0.9961
1972-12-06,,2.3443,1.1910,1.1950,301.11,3.7743,0.9985
1972-12-07,,2.3405,1.1910,1.1950,301.11,3.7743,1.0017
1972-12-08,,2.3432,1.1910,1.1945,301.11,3.7747,1.0012
1972-12-11,,2.3380,1.1910,1.1950,301.07,3.7750,1.0016
1972-12-12,,2.3381,1.1910,1.1950,301.11,3.7775,0.9988
1972-12-13,,2.3400,1.1910,1.1950,301.11,3.7743,0.9968
1972-12-14,,2.3415,1.1910,1.1960,301.11,3.7718,0.9974
1972-12-15,,2.3470,1.1910,1.1960,301.11,3.7718,0.9970
1972-12-18,,2.3478,1.1910,1.1950,301.11,3.7736,0.9971
1972-12-19,,2.3438,1.1910,1.1970,301.11,3.7745,0.9961
1972-12-20,,2.3462,1.1910,1.1940,301.11,3.7700,0.9933
1972-12-21,,2.3447,1.1910,1.1960,301.11,3.7615,0.9923
1972-12-22,,2.3475,1.1910,1.1960,301.11,3.7594,0.9944
1972-12-25,,,,,,,
1972-12-26,,2.3486,1.2726,1.1960,301.39,3.7580,0.9963
1972-12-27,,2.3504,1.2730,1.1960,302.02,3.7594,0.9950
1972-12-28,,2.3476,1.2730,1.1950,302.02,3.7679,0.9950
1972-12-29,,2.3480,1.2732,1.1950,301.66,3.7707,0.9956
1973-01-01,,,,,,,
1973-01-02,,2.3472,1.2732,1.1950,301.39,3.7714,0.9964
1973-01-03,,2.3487,1.2730,1.1950,301.43,3.7636,0.9986
1973-01-04,,2.3503,1.2730,1.1940,301.20,3.7672,0.9981
1973-01-05,,2.3517,1.2730,1.1950,301.30,3.7651,0.9976
1973-01-08,,2.3510,1.2730,1.1980,302.21,3.7693,0.9996
1973-01-09,,2.3514,1.2730,1.1950,302.07,3.7631,1.0008
1973-01-10,,2.3525,1.2730,1.1950,301.84,3.7585,0.9997
1973-01-11,,2.3513,1.2710,1.1950,301.48,3.7612,0.9985
1973-01-12,,2.3518,1.2710,1.1950,301.66,3.7619,0.9992
1973-01-15,,2.3509,1.2710,1.1950,301.66,3.7644,0.9998
1973-01-16,,2.3509,1.2710,1.1950,301.93,3.7633,0.9989
1973-01-17,,2.3527,1.2710,1.1950,302.11,3.7601,0.9994
1973-01-18,,2.3531,1.2710,1.1950,302.21,3.7601,1.0000
1973-01-19,,2.3525,1.2710,1.1950,302.57,3.7590,1.0000
1973-01-22,,2.3535,1.2710,1.1970,302.48,3.7202,0.9995
1973-01-23,,2.3553,1.2710,1.1950,301.66,3.7313,0.9996
1973-01-24,,2.3595,1.2710,1.1950,302.11,3.6950,0.9994
1973-01-25,,2.3605,1.2710,1.1950,301.84,3.6778,0.9993
1973-01-26,,2.3610,1.2710,1.1950,301.75,3.6711,0.9993
1973-01-29,,2.3710,1.2710,1.1950,301.66,3.6225,0.9995
1973-01-30,,2.3790,1.2710,1.1950,301.39,3.6186,1.0002
1973-01-31,,2.3817,1.2710,1.1950,301.39,3.6206,1.0009
1973-02-01,,2.3871,1.2710,1.1950,300.93,3.6049,1.0003
1973-02-02,,2.3640,1.2710,1.1950,299.58,3.6140,1.0004
1973-02-05,,2.3808,1.2710,1.1950,300.75,3.6010,1.0012
1973-02-06,,2.3790,1.2710,1.1950,299.85,3.5868,1.0015
1973-02-07,,2.3830,1.2710,1.1950,299.85,3.5855,1.0019
1973-02-08,,2.3828,1.2710,1.1950,299.40,3.5600,1.0003
1973-02-09,,2.3818,1.2710,1.1950,293.26,3.5651,1.0002
1973-02-12,,,,,,,
1973-02-13,,2.4400,,,266.67,3.4590,0.9941
1973-02-14,,2.4700,1.4150,1.3200,265.96,3.3875,0.9887
1973-02-15,,2.4500,1.4170,1.3200,263.02,3.3580,0.9906
1973-02-16,,2.4331,1.4170,1.3200,263.85,3.3670,0.9924
1973-02-19,,,,,,,
1973-02-20,,2.4385,1.4170,1.3205,265.96,3.3636,0.9919
1973-02-21,,2.4420,1.4100,1.3205,264.90,3.3422,0.9923
1973-02-22,,2.4610,1.4100,1.3207,265.46,3.2520,0.9911
1973-02-23,,2.4740,1.4100,1.3200,264.90,3.2733,0.9915
1973-02-26,,2.4650,1.4150,1.3205,265.60,3.2563,0.9942
1973-02-27,,2.4680,1.4100,1.3205,265.96,3.2000,0.9947
1973-02-28,,2.4900,1.4100,1.3208,265.67,3.1299,0.9942
1973-03-01,,2.5000,1.4100,1.3210,265.60,3.1299,0.9940
1973-03-02,,2.5000,,,262.12,3.1299,0.9941
1973-03-05,,2.4470,1.4191,,259.07,3.2113,0.9954
1973-03-06,,2.4620,1.4200,1.3300,261.78,3.1928,0.9965
1973-03-07,,2.4720,1.4200,1.3300,261.92,3.1796,0.9980
1973-03-08,,2.4730,1.4100,1.3215,261.44,3.1726,0.9964
1973-03-09,,2.4705,1.4120,1.3100,260.42,3.1827,0.9967
1973-03-12,,2.4700,1.4100,1.3200,257.07,3.2310,0.9967
1973-03-13,,2.4685,1.4100,1.3200,254.97,3.2680,0.9966
1973-03-14,,2.4640,1.4100,1.3200,254.45,3.2436,0.9963
1973-03-15,,2.4640,1.4100,1.3200,255.75,3.2041,0.9963
1973-03-16,,2.4570,1.4100,1.3200,260.08,3.2394,0.9965
1973-03-19,,2.4600,1.4100,1.3200,263.16,3.2520,0.9974
1973-03-20,,2.4665,1.4100,1.3200,263.16,3.2425,0.9980
1973-03-21,,2.4737,1.4100,1.3200,263.16,3.2468,0.9973
1973-03-22,,2.4740,1.4100,1.3200,263.50,3.2478,0.9966
1973-03-23,,2.4737,1.4150,1.3200,266.03,3.2404,0.9967
1973-03-26,,2.4767,1.4150,1.3200,265.53,3.2300,0.9967
1973-03-27,,2.4814,1.4150,1.3250,265.39,3.2248,0.9965
1973-03-28,,2.4814,1.4150,1.3296,265.60,3.2279,0.9976
1973-03-29,,2.4820,1.4150,1.3275,265.67,3.2352,0.9974
1973-03-30,,2.4755,1.4150,1.3275,265.96,3.2436,0.9991
1973-04-02,,2.4776,1.4150,1.3250,266.03,3.2648,0.9987
1973-04-03,,2.4762,1.4150,1.3275,265.46,3.2600,0.9988
1973-04-04,,2.4814,1.4150,1.3260,264.97,3.2352,0.9990
1973-04-05,,2.4825,1.4150,1.3260,264.55,3.2331,0.9992
1973-04-06,,2.4830,1.4150,1.3260,264.76,3.2404,1.0010
1973-04-09,,2.4837,1.4150,1.3260,265.53,3.2373,0.9992
1973-04-10,,2.4867,1.4150,1.3270,265.53,3.2373,0.9996
1973-04-11,,2.4878,1.4150,1.3400,265.67,3.2305,0.9995
1973-04-12,,2.4834,1.4150,1.3400,266.03,3.2300,1.0003
1973-04-13,,2.4805,1.4150,1.3400,265.89,3.2362,0.9990
1973-04-16,,2.4822,1.4150,1.3400,265.60,3.2373,0.9996
1973-04-17,,2.4845,1.4150,1.3300,265.46,3.2300,1.0003
1973-04-18,,2.4823,1.4150,1.3300,265.46,3.2362,1.0006
1973-04-19,,2.4837,1.4150,1.3300,265.53,3.2410,1.0007
1973-04-20,,2.4848,1.4150,1.3300,265.60,3.2415,1.0015
1973-04-23,,2.4845,1.4150,1.3300,265.60,3.2410,1.0027
1973-04-24,,2.4836,1.4150,1.3250,265.46,3.2452,1.0034
1973-04-25,,2.4880,1.4150,1.3250,265.46,3.2436,1.0029
1973-04-26,,2.4863,1.4150,1.3250,265.60,3.2468,1.0027
1973-04-27,,2.4867,1.4150,1.3250,265.60,3.2436,1.0032
1973-04-30,,2.4890,1.4150,1.3350,265.53,3.2415,1.0032
1973-05-01,,2.4883,1.4150,1.3340,265.53,3.2404,1.0034
1973-05-02,,2.4935,1.4150,1.3320,265.53,3.2415,1.0033
1973-05-03,,2.4893,1.4150,1.3210,265.53,3.2457,1.0027
1973-05-04,,2.4896,1.4150,1.3250,265.53,3.2489,1.0032
1973-05-07,,2.4913,1.4150,1.3205,265.53,3.2515,1.0024
1973-05-08,,2.4984,1.4150,1.3215,265.67,3.2415,1.0024
1973-05-09,,2.5044,1.4150,1.3240,265.04,3.2394,1.0026
1973-05-10,,2.5055,1.4150,1.3250,265.04,3.2425,1.0024
1973-05-11,,2.5110,1.4150,1.3250,265.46,3.2368,1.0016
1973-05-14,,2.5390,1.4150,1.3300,264.76,3.1796,0.9996
1973-05-15,,2.5640,1.4150,1.3207,262.47,3.1447,0.9995
1973-05-16,,2.5435,1.4150,1.3205,262.95,3.1576,1.0008
1973-05-17,,2.5470,1.4150,1.3205,264.48,3.1636,1.0008
1973-05-18,,2.5505,1.4150,1.3205,264.27,3.1447,1.0010
1973-05-21,,2.5695,1.4150,1.3207,262.95,3.0960,1.0006
1973-05-22,,2.5605,1.4150,1.3207,263.57,3.1027,1.0006
1973-05-23,,2.5555,1.4150,1.3207,264.20,3.0979,0.9998
1973-05-24,,2.5460,1.4150,1.3207,264.55,3.1075,0.9997
1973-05-25,,2.5395,1.4150,1.3205,264.83,3.1260,0.9986
1973-05-28,,,,,,,
1973-05-29,,2.5560,1.4150,1.3250,264.90,3.1124,0.9988
1973-05-30,,2.5645,1.4150,1.3250,264.83,3.0941,0.9976
1973-05-31,,2.5661,1.4150,1.3207,264.69,3.0864,0.9951
1973-06-01,,2.5730,1.4150,1.3350,264.06,3.0741,0.9960
1973-06-04,,2.5830,1.4150,1.3375,262.88,3.0303,0.9966
1973-06-05,,2.5800,1.4150,1.3350,262.88,3.0488,0.9977
1973-06-06,,2.5700,1.4150,1.3250,264.13,3.0703,0.9981
1973-06-07,,2.5730,1.4150,1.3250,264.27,3.0883,0.9986
1973-06-08,,2.5740,1.4150,1.3250,264.41,3.0807,0.9981
1973-06-11,,2.5725,1.4150,1.3250,264.69,3.0883,0.9978
1973-06-12,,2.5742,1.4150,1.3250,264.69,3.0731,0.9982
1973-06-13,,2.5730,1.4150,1.3250,264.62,3.0979,0.9991
1973-06-14,,2.5770,1.4150,1.3205,264.69,3.0798,0.9998
1973-06-15,,2.5800,1.4150,1.3205,264.69,3.0637,1.0007
1973-06-18,,2.5810,1.4150,1.3205,264.69,3.0432,1.0000
1973-06-19,,2.5710,1.4150,1.3205,264.83,3.0562,0.9995
1973-06-20,,2.5740,1.4150,1.3205,264.97,3.0637,0.9994
1973-06-21,,2.5730,1.4150,1.3205,265.04,3.0423,0.9991
1973-06-22,,2.5740,1.4210,1.3205,265.04,3.0404,0.9984
1973-06-25,,2.5750,1.4190,1.3205,265.18,3.0497,0.9971
1973-06-26,,2.5770,1.4190,1.3205,265.18,3.0423,0.9973
1973-06-27,,2.5805,1.4175,1.3205,265.18,3.0340,0.9984
1973-06-28,,2.5830,1.4150,1.3205,265.18,3.0211,0.9980
1973-06-29,,2.5810,1.4155,1.3205,263.16,2.9283,0.9985
1973-07-02,,2.5802,1.4200,1.3205,265.25,2.8902,0.9993
1973-07-03,,2.5790,1.4125,1.3205,265.04,2.8313,0.9994
1973-07-04,,,,,,,
1973-07-05,,2.5735,1.4150,1.3205,265.11,2.7902,0.9983
1973-07-06,,2.5575,1.4200,1.3300,262.12,2.6991,0.9978
1973-07-09,,2.5580,1.4200,1.3770,259.40,2.7647,0.9976
1973-07-10,,2.5470,1.4200,1.3700,263.16,2.8736,0.9988
1973-07-11,,2.5470,1.4175,1.3700,264.83,2.8852,0.9989
1973-07-12,,2.5443,1.4175,1.3520,264.76,2.8653,0.9983
1973-07-13,,2.5420,1.4175,1.3525,265.04,2.8686,0.9987
1973-07-16,,2.5465,1.4175,1.3600,265.11,2.8498,0.9995
1973-07-17,,2.5440,1.4200,1.3300,265.25,2.8169,1.0005
1973-07-18,,2.5445,1.4200,1.3700,265.11,2.7871,1.0002
1973-07-19,,2.5335,1.4200,1.3670,265.18,2.8490,1.0004
1973-07-20,,2.5395,1.4225,1.3600,265.60,2.8225,0.9992
1973-07-23,,2.5350,1.4115,1.3540,266.17,2.8121,0.9992
1973-07-24,,2.5205,1.4115,1.3500,265.60,2.8050,1.0006
1973-07-25,,2.5035,1.4115,1.3500,265.53,2.8043,1.0003
1973-07-26,,2.4850,1.4200,1.3500,265.60,2.7933,0.9999
1973-07-27,,2.5040,1.4200,1.3500,264.76,2.8050,1.0004
1973-07-30,,2.5035,1.4200,1.3500,263.57,2.8361,1.0010
1973-07-31,,2.4990,1.4200,1.3500,263.44,2.8409,1.0015
1973-08-01,,2.5170,1.4100,1.3500,263.44,2.8409,1.0018
1973-08-02,,2.5150,1.4150,1.3500,264.76,2.8531,1.0018
1973-08-03,,2.5085,1.4180,1.3670,265.39,2.8474,1.0012
1973-08-06,,2.4925,1.4150,1.3600,265.11,2.8818,1.0020
1973-08-07,,2.4970,1.4150,1.3590,265.25,2.8661,1.0020
1973-08-08,,2.5000,1.4160,1.3590,265.18,2.8629,1.0030
1973-08-09,,2.4810,1.4160,1.3580,265.11,2.8918,1.0025
1973-08-10,,2.4750,1.4160,1.3590,265.25,2.9499,1.0033
1973-08-13,,2.4750,1.4140,1.3550,265.46,2.9533,1.0047
1973-08-14,,2.4695,1.4140,1.3550,265.46,3.0148,1.0046
1973-08-15,,2.4620,1.4140,1.3560,265.46,3.0266,1.0061
1973-08-16,,2.4590,1.4150,1.3560,265.39,3.0488,1.0043
1973-08-17,,2.4635,1.4150,1.3525,265.53,3.0386,1.0043
1973-08-20,,2.4770,1.4150,1.3450,265.60,2.9499,1.0045
1973-08-21,,2.4690,1.4150,1.3450,265.18,3.0460,1.0052
1973-08-22,,2.4655,1.4158,1.3500,265.25,3.0377,1.0054
1973-08-23,,2.4570,1.4140,1.3500,265.25,3.0628,1.0048
1973-08-24,,2.4585,1.4140,1.3500,265.25,3.0367,1.0044
1973-08-27,,2.4610,1.4140,1.3500,265.32,3.0432,1.0046
1973-08-28,,2.4575,1.4140,1.3500,265.32,3.0478,1.0047
1973-08-29,,2.4650,1.4140,1.3500,265.32,3.0211,1.0050
1973-08-30,,2.4570,1.4160,1.3500,265.39,3.0303,1.0050
1973-08-31,,2.4580,1.4160,1.3500,265.39,3.0349,1.0056
1973-09-03,,,,,,,
1973-09-04,,2.4410,1.4140,1.3500,265.46,3.0312,1.0060
1973-09-05,,2.4220,1.4140,1.3500,265.39,3.0157,1.0065
1973-09-06,,2.4220,1.4140,1.3500,265.39,3.0257,1.0078
1973-09-07,,2.4185,1.4140,1.3500,265.39,3.0003,1.0083
1973-09-10,,2.4125,1.4850,1.4815,265.39,3.0120,1.0082
1973-09-11,,2.4085,1.4860,1.4825,265.46,3.0285,1.0107
1973-09-12,,2.4065,1.4860,1.4800,265.60,3.0193,1.0101
1973-09-13,,2.4135,1.4825,1.4750,265.60,3.0367,1.0083
1973-09-14,,2.4115,1.4825,1.4750,265.60,3.0321,1.0093
1973-09-17,,2.4110,1.4825,1.4750,265.53,3.0057,1.0100
1973-09-18,,2.4165,1.4825,1.4750,265.53,3.0075,1.0110
1973-09-19,,2.4180,1.4825,1.4750,265.46,3.0166,1.0104
1973-09-20,,2.4210,1.4825,1.4750,265.39,2.9931,1.0079
1973-09-21,,2.4240,1.4825,1.4750,265.25,3.0139,1.0077
1973-09-24,,2.4225,1.4825,1.4750,265.39,3.0084,1.0083
1973-09-25,,2.4225,1.4825,1.4800,265.46,3.0093,1.0075
1973-09-26,,2.4230,1.4825,1.4800,265.53,3.0148,1.0077
1973-09-27,,2.4193,1.4800,1.4800,265.60,3.0221,1.0056
1973-09-28,,2.4135,1.4800,1.4800,265.60,3.0303,1.0058
1973-10-01,,2.4135,1.4800,1.4800,265.60,3.0248,1.0055
1973-10-02,,2.4115,1.4825,1.4850,265.75,3.0166,1.0070
1973-10-03,,2.4138,1.4825,1.4850,265.89,3.0202,1.0070
1973-10-04,,2.4128,1.4825,1.4850,265.96,3.0211,1.0065
1973-10-05,,2.4130,1.4825,1.4850,266.17,3.0184,1.0073
1973-10-08,,,,,,,
1973-10-09,,2.4118,1.4825,1.4850,266.31,3.0184,1.0056
1973-10-10,,2.4205,1.4825,1.4850,266.31,3.0057,1.0044
1973-10-11,,2.4255,1.4825,1.4850,266.24,3.0003,1.0039
1973-10-12,,2.4260,1.4825,1.4850,266.24,3.0066,1.0028
1973-10-15,,2.4325,1.4825,1.4850,266.45,3.0166,1.0014
1973-10-16,,2.4380,1.4825,1.4875,266.45,3.0111,1.0002
1973-10-17,,2.4525,1.4825,1.4875,266.38,3.0039,1.0010
1973-10-18,,2.4445,1.4850,1.4875,266.31,3.0075,0.9999
1973-10-19,,2.4370,1.4850,1.4875,266.38,3.0275,0.9986
1973-10-22,,,,,,,
1973-10-23,,2.4455,1.4800,1.4875,266.45,3.0120,0.9969
1973-10-24,,2.4425,1.4800,1.4875,266.38,3.0202,0.9950
1973-10-25,,2.4420,1.4800,1.4875,266.45,3.0248,0.9930
1973-10-26,,2.4355,1.4800,1.4875,266.67,3.0525,0.9945
1973-10-29,,2.4235,1.4850,1.4900,266.74,3.0989,0.9966
1973-10-30,,2.4325,1.4850,1.4900,266.95,3.0989,0.9970
1973-10-31,,2.4385,1.4800,1.4900,266.95,3.0998,0.9990
1973-11-01,,2.4345,1.4800,1.4900,270.27,3.0998,0.9997
1973-11-02,,2.4345,1.4850,1.4900,276.01,3.0769,0.9966
1973-11-05,,2.4300,1.4860,1.4900,275.18,3.0950,0.9970
1973-11-06,,,,,,,
1973-11-07,,2.4225,1.4830,1.4880,275.18,3.1162,0.9984
1973-11-08,,2.4187,1.4825,1.4880,275.25,3.1211,0.9980
1973-11-09,,2.4015,1.4835,1.4800,275.33,3.1328,0.9985
1973-11-12,,2.3880,1.4825,1.4800,275.25,3.1867,0.9995
1973-11-13,,2.3925,1.4800,1.4725,280.19,3.1857,1.0007
1973-11-14,,2.3970,1.4800,1.4725,280.66,3.1576,1.0020
1973-11-15,,2.3970,1.4825,1.4760,280.27,3.1766,1.0000
1973-11-16,,2.3855,1.4825,1.4760,280.11,3.1726,0.9996
1973-11-19,,2.3900,1.4820,1.4725,280.11,3.1696,0.9976
1973-11-20,,2.3910,1.4830,1.4750,280.43,3.1756,0.9986
1973-11-21,,2.3915,1.4830,1.4750,280.11,3.1837,0.9974
1973-11-22,,,,,,,
1973-11-23,,2.3460,1.4820,1.4700,280.66,3.2300,0.9982
1973-11-26,,2.3430,1.4810,1.4700,280.11,3.2062,0.9998
1973-11-27,,2.3575,1.4810,1.4700,280.11,3.1959,1.0008
1973-11-28,,2.3360,1.4820,1.4700,279.80,3.1969,1.0003
1973-11-29,,2.3400,1.4800,1.4700,280.11,3.2103,0.9988
1973-11-30,,2.3430,1.4820,1.4725,280.11,3.2051,1.0002
1973-12-03,,2.3400,1.4830,1.4760,280.11,3.2031,1.0009
1973-12-04,,2.3345,1.4830,1.4760,280.11,3.2103,1.0006
1973-12-05,,2.3375,1.4830,1.4760,280.11,3.1949,1.0000
1973-12-06,,2.3370,1.4825,1.4760,280.11,3.1726,1.0004
1973-12-07,,2.3260,1.4885,1.4760,280.11,3.1756,1.0010
1973-12-10,,2.3125,1.4885,1.4760,280.11,3.1928,1.0002
1973-12-11,,2.3065,1.4840,1.4375,280.11,3.1980,1.0002
1973-12-12,,2.3125,1.4850,1.4400,280.03,3.1908,1.0002
1973-12-13,,2.3165,1.4840,1.4325,280.11,3.1939,0.9996
1973-12-14,,2.3100,1.4840,1.4200,280.11,3.1990,1.0000
1973-12-17,,2.3070,1.4825,1.4200,280.11,3.1990,0.9996
1973-12-18,,2.3085,1.4825,1.4250,280.11,3.1980,1.0001
1973-12-19,,2.3100,1.4825,1.4325,280.11,3.1990,0.9999
1973-12-20,,2.3080,1.4825,1.4325,280.11,3.1918,0.9997
1973-12-21,,2.3075,1.4825,1.4325,280.11,3.1766,0.9994
1973-12-24,,2.3105,1.4805,1.4300,280.35,3.1847,0.9983
1973-12-25,,,,,,,
1973-12-26,,2.3095,1.4825,1.4300,280.27,3.1898,0.9983
1973-12-27,,2.3130,1.4800,1.4350,280.66,3.2310,0.9980
1973-12-28,,2.3180,1.4825,1.4225,280.43,3.2478,0.9960
1973-12-31,,2.3225,1.4825,1.4225,280.27,3.2510,0.9960
1974-01-01,,,,,,,
1974-01-02,,2.3045,1.4825,1.4225,280.82,3.3311,0.9956
1974-01-03,,2.2855,1.4820,1.4150,283.69,3.3245,0.9930
1974-01-04,,2.2760,1.4820,1.4150,282.09,3.3311,0.9931
1974-01-07,,2.2265,1.4820,1.4150,300.30,3.4270,0.9926
1974-01-08,,2.2295,1.4825,1.4150,299.94,3.4141,0.9919
1974-01-09,,2.2410,1.4825,1.4150,299.94,3.3841,0.9895
1974-01-10,,2.2375,1.4825,1.4150,299.94,3.3557,0.9909
1974-01-11,,2.2485,1.4775,1.3850,300.03,3.3681,0.9920
1974-01-14,,2.2310,1.4800,1.3650,300.12,3.3875,0.9915
1974-01-15,,2.1910,1.4800,1.3650,300.12,3.3979,0.9916
1974-01-16,,2.1775,1.4800,1.3900,300.12,3.3772,0.9930
1974-01-17,,2.1800,1.4800,1.3900,300.12,3.3875,0.9935
1974-01-18,,2.1860,1.4800,1.3900,300.12,3.3693,0.9925
1974-01-21,,2.1735,1.4800,1.3800,305.34,3.3967,0.9924
1974-01-22,,2.1820,1.4850,1.3800,304.88,3.3829,0.9921
1974-01-23,,2.1850,1.4850,1.3800,303.58,3.3979,0.9928
1974-01-24,,2.2015,1.4850,1.3800,300.12,3.3738,0.9916
1974-01-25,,2.2040,1.4850,1.3800,299.80,3.3761,0.9892
1974-01-28,,2.2060,1.4825,1.3750,299.85,3.3613,0.9884
1974-01-29,,2.2200,1.4850,1.3750,300.03,3.3234,0.9879
1974-01-30,,2.2550,1.4850,1.3750,299.22,3.2949,0.9897
1974-01-31,,2.2860,1.4850,1.3750,298.77,3.2552,0.9882
1974-02-01,,2.2765,1.4825,1.3950,298.86,3.2658,0.9871
1974-02-04,,2.2635,1.4825,1.3950,297.00,3.2206,0.9853
1974-02-05,,2.2480,1.4825,1.3900,293.69,3.2468,0.9832
1974-02-06,,2.2335,1.4850,1.3950,297.62,3.2520,0.9817
1974-02-07,,2.2425,1.4850,1.3950,296.82,3.2373,0.9804
1974-02-08,,2.2385,1.4850,1.3950,296.30,3.2310,0.9817
1974-02-11,,2.2425,1.4850,1.3950,295.51,3.2082,0.9791
1974-02-12,,,,,,,
1974-02-13,,2.2665,1.4850,1.3950,291.89,3.1980,0.9768
1974-02-14,,2.2735,1.4850,1.4000,291.55,3.1928,0.9726
1974-02-15,,2.2780,1.4875,1.4000,293.17,3.1908,0.9741
1974-02-18,,,,,,,
1974-02-19,,2.2820,1.4850,1.4050,290.11,3.1466,0.9745
1974-02-20,,2.2875,1.4850,1.4050,289.02,3.1299,0.9748
1974-02-21,,2.2950,1.4850,1.4050,282.09,3.0989,0.9720
1974-02-22,,2.3155,1.4850,1.4050,280.58,3.0656,0.9719
1974-02-25,,2.2920,1.4875,1.4050,283.37,3.1211,0.9730
1974-02-26,,2.3110,1.4850,1.4250,286.53,3.0950,0.9730
1974-02-27,,2.3005,1.4850,1.4250,287.03,3.1407,0.9693
1974-02-28,,2.3015,1.4875,1.4250,288.43,3.1328,0.9685
1974-03-01,,2.2860,1.4875,1.4200,292.06,3.1506,0.9698
1974-03-04,,2.2795,1.4850,1.4200,292.74,3.1586,0.9695
1974-03-05,,2.3240,1.4850,1.4200,289.44,3.1397,0.9723
1974-03-06,,2.3300,1.4850,1.4200,287.03,3.1348,0.9737
1974-03-07,,2.3225,1.4875,1.4400,286.86,3.1348,0.9726
1974-03-08,,2.3220,1.4875,1.4300,287.19,3.1153,0.9710
1974-03-11,,2.3220,1.4875,1.4300,285.71,3.0788,0.9723
1974-03-12,,2.3270,1.4850,1.4300,281.69,3.0883,0.9722
1974-03-13,,2.3480,1.4850,1.4300,282.33,3.0855,0.9717
1974-03-14,,2.3455,1.4850,1.4300,282.89,3.1153,0.9723
1974-03-15,,2.3340,1.4850,1.4350,282.49,3.1075,0.9730
1974-03-18,,2.3295,1.4850,1.4350,281.93,3.0950,0.9731
1974-03-19,,2.3310,1.4850,1.4350,280.98,3.0807,0.9724
1974-03-20,,2.3450,1.4850,1.4350,280.19,3.0581,0.9711
1974-03-21,,2.3600,1.4850,1.4350,279.10,3.0303,0.9708
1974-03-22,,2.3410,1.4850,1.4450,276.78,3.0581,0.9713
1974-03-25,,2.3665,1.4850,1.4450,275.18,2.9931,0.9713
1974-03-26,,2.3700,1.4850,1.4450,274.88,3.0048,0.9723
1974-03-27,,2.3750,1.4850,1.4450,275.48,3.0239,0.9744
1974-03-28,,2.4020,1.4850,1.4450,274.42,2.9851,0.9730
1974-03-29,,2.3930,1.4850,1.4450,276.09,3.0157,0.9728
1974-04-01,,2.3960,1.4850,1.4600,280.11,3.0423,0.9723
1974-04-02,,2.3970,1.4850,1.4600,275.48,3.0294,0.9722
1974-04-03,,2.3985,1.4850,1.4600,275.86,3.0675,0.9721
1974-04-04,,2.3925,1.4850,1.4625,278.32,3.0750,0.9705
1974-04-05,,2.3930,1.4850,1.4525,279.33,3.0572,0.9702
1974-04-08,,2.3935,1.4850,1.4525,278.01,3.0647,0.9721
1974-04-09,,2.3830,1.4850,1.4525,279.25,3.0769,0.9724
1974-04-10,,2.3555,1.4850,1.4525,278.01,3.0750,0.9714
1974-04-11,,2.3615,1.4850,1.4525,276.78,3.0600,0.9714
1974-04-12,,2.3640,1.4850,1.4525,278.55,3.0628,0.9716
1974-04-15,,2.3635,1.4850,1.4525,278.55,3.0637,0.9705
1974-04-16,,2.3570,1.4825,1.4450,276.93,3.0581,0.9695
1974-04-17,,2.3680,1.4825,1.4450,276.40,3.0441,0.9687
1974-04-18,,2.3720,1.4825,1.4425,276.40,3.0230,0.9666
1974-04-19,,2.3845,1.4825,1.4425,276.93,3.0266,0.9656
1974-04-22,,2.3900,1.4825,1.4425,277.39,3.0130,0.9650
1974-04-23,,2.4020,1.4825,1.4425,275.56,2.9833,0.9624
1974-04-24,,2.4090,1.4825,1.4425,276.24,2.9656,0.9605
1974-04-25,,2.4030,1.4825,1.4425,278.16,2.9797,0.9577
1974-04-26,,2.4100,1.4850,1.4575,279.80,2.9691,0.9614
1974-04-29,,2.4320,1.4850,1.4575,279.33,2.9240,0.9615
1974-04-30,,2.4240,1.4850,1.4575,279.64,2.9325,0.9606
1974-05-01,,2.4185,1.4850,1.4575,279.41,2.9377,0.9596
1974-05-02,,2.4190,1.4850,1.4575,279.96,2.9516,0.9605
1974-05-03,,2.4180,1.4850,1.4550,279.80,2.9603,0.9612
1974-05-06,,2.4350,1.4850,1.4575,279.41,2.9180,0.9638
1974-05-07,,2.4155,1.4850,1.4600,279.56,2.9360,0.9631
1974-05-08,,2.4300,1.4850,1.4600,277.62,2.8952,0.9640
1974-05-09,,2.4305,1.4850,1.4600,277.62,2.8843,0.9644
1974-05-10,,2.4300,1.4850,1.4650,277.62,2.8736,0.9620
1974-05-13,,2.4290,1.4850,1.4650,277.62,2.8249,0.9625
1974-05-14,,2.4185,1.4850,1.4650,277.78,2.8090,0.9622
1974-05-15,,2.4245,1.4850,1.4650,277.39,2.8985,0.9622
1974-05-16,,2.4125,1.4850,1.4650,277.62,2.8927,0.9624
1974-05-17,,2.4100,1.4800,1.4575,277.70,2.8944,0.9639
1974-05-20,,2.4050,1.4850,1.4650,278.24,2.9455,0.9632
1974-05-21,,2.4060,1.4850,1.4650,279.10,2.9197,0.9634
1974-05-22,,2.4145,1.4850,1.4650,279.88,2.8960,0.9626
1974-05-23,,2.4115,1.4850,1.4650,279.56,2.8910,0.9606
1974-05-24,,2.4010,1.4850,1.4575,279.49,2.9274,0.9604
1974-05-27,,,,,,,
1974-05-28,,2.3930,1.4850,1.4575,279.33,2.9525,0.9617
1974-05-29,,2.3910,1.4825,1.4600,279.72,3.0012,0.9630
1974-05-30,,2.3920,1.4825,1.4600,280.90,2.9904,0.9623
1974-05-31,,2.3960,1.4825,1.4500,281.93,2.9797,0.9622
1974-06-03,,2.3980,1.4825,1.4600,283.69,2.9612,0.9626
1974-06-04,,2.4010,1.4825,1.4600,282.89,2.9718,0.9630
1974-06-05,,2.4080,1.4825,1.4600,281.85,2.9533,0.9631
1974-06-06,,2.4075,1.4850,1.4600,281.93,2.9283,0.9632
1974-06-07,,2.4025,1.4825,1.4550,282.65,2.9429,0.9633
1974-06-10,,2.4000,1.4825,1.4550,282.17,2.9638,0.9634
1974-06-11,,2.3950,1.4825,1.4550,282.25,2.9824,0.9660
1974-06-12,,2.3945,1.4825,1.4550,282.97,3.0093,0.9667
1974-06-13,,2.3905,1.4850,1.4550,282.49,3.0012,0.9650
1974-06-14,,2.3925,1.4850,1.4550,282.57,2.9958,0.9639
1974-06-17,,2.3895,1.4850,1.4550,282.73,2.9895,0.9646
1974-06-18,,2.3875,1.4850,1.4500,282.73,2.9976,0.9660
1974-06-19,,2.3900,1.4850,1.4500,282.65,3.0012,0.9668
1974-06-20,,2.3860,1.4850,1.4500,282.89,3.0057,0.9669
1974-06-21,,2.3770,1.4800,1.4475,283.21,3.0193,0.9690
1974-06-24,,2.3555,1.4800,1.4475,283.61,3.0441,0.9726
1974-06-25,,2.3705,1.4800,1.4475,283.85,3.0148,0.9690
1974-06-26,,2.3785,1.4850,1.4475,284.09,3.0157,0.9692
1974-06-27,,2.3890,1.4850,1.4475,283.93,2.9994,0.9709
1974-06-28,,2.3905,1.4850,1.4450,284.25,3.0003,0.9723
1974-07-01,,2.3860,1.4850,1.4500,285.31,3.0120,0.9730
1974-07-02,,2.3980,1.4850,1.4500,286.61,2.9851,0.9741
1974-07-03,,2.3970,1.4850,1.4500,285.88,2.9700,0.9737
1974-07-04,,,,,,,
1974-07-05,,2.3880,1.4850,1.4475,287.36,2.9788,0.9742
1974-07-08,,2.3880,1.4850,1.4475,287.94,2.9851,0.9746
1974-07-09,,2.3875,1.4850,1.4475,288.43,2.9931,0.9734
1974-07-10,,2.3880,1.4800,1.4500,290.70,2.9994,0.9737
1974-07-11,,2.3825,1.4800,1.4500,291.97,3.0012,0.9738
1974-07-12,,2.3860,1.4775,1.4525,289.18,2.9833,0.9757
1974-07-15,,2.3875,1.4775,1.4525,288.85,2.9718,0.9761
1974-07-16,,2.3860,1.4775,1.4525,288.10,2.9753,0.9775
1974-07-17,,2.3900,1.4750,1.4500,289.94,2.9429,0.9788
1974-07-18,,2.3925,1.4775,1.4500,290.36,2.9516,0.9790
1974-07-19,,2.3928,1.4750,1.4525,290.70,2.9542,0.9815
1974-07-22,,2.3915,1.4750,1.4525,291.29,2.9394,0.9804
1974-07-23,,2.3900,1.4750,1.4525,292.74,2.9231,0.9781
1974-07-24,,2.3940,1.4750,1.4525,292.83,2.8860,0.9776
1974-07-25,,2.3905,1.4750,1.4525,293.94,2.9377,0.9737
1974-07-26,,2.3923,1.4800,1.4550,295.42,2.9438,0.9754
1974-07-29,,2.3930,1.4825,1.4550,298.24,2.9420,0.9773
1974-07-30,,2.3825,1.4825,1.4550,297.53,2.9718,0.9788
1974-07-31,,2.3870,1.4825,1.4550,298.24,2.9647,0.9792
1974-08-01,,2.3830,1.4825,1.4550,299.58,2.9551,0.9790
1974-08-02,,2.3845,1.4825,1.4550,300.12,2.9542,0.9791
1974-08-05,,2.3840,1.4800,1.4450,300.21,2.9455,0.9790
1974-08-06,,2.3800,1.4800,1.4400,300.75,2.9560,0.9787
1974-08-07,,2.3762,1.4800,1.4400,302.11,2.9630,0.9770
1974-08-08,,2.3645,1.4800,1.4400,302.75,2.9771,0.9750
1974-08-09,,2.3730,1.4825,1.4450,302.57,2.9568,0.9770
1974-08-12,,2.3695,1.4825,1.4450,302.11,2.9709,0.9778
1974-08-13,,2.3585,1.4825,1.4450,301.84,2.9895,0.9788
1974-08-14,,2.3565,1.4825,1.4450,302.48,2.9735,0.9770
1974-08-15,,2.3447,1.4825,1.4450,302.75,2.9815,0.9773
1974-08-16,,2.3385,1.4825,1.4325,302.94,2.9886,0.9783
1974-08-19,,2.3245,1.4825,1.4325,303.12,3.0075,0.9790
1974-08-20,,2.3200,1.4825,1.4325,303.12,2.9949,0.9782
1974-08-21,,2.3225,1.4825,1.4325,303.49,3.0084,0.9777
1974-08-22,,2.3130,1.4825,1.4325,303.86,3.0111,0.9785
1974-08-23,,2.3225,1.4825,1.4325,303.12,3.0021,0.9811
1974-08-26,,2.3245,1.4850,1.4250,302.85,2.9913,0.9815
1974-08-27,,2.3125,1.4850,1.4250,302.11,3.0157,0.9847
1974-08-28,,2.3185,1.4850,1.4250,302.48,3.0003,0.9883
1974-08-29,,2.3165,1.4850,1.4250,302.94,3.0075,0.9870
1974-08-30,,2.3162,1.4800,1.4250,302.94,3.0111,0.9877
1974-09-02,,,,,,,
1974-09-03,,2.3100,1.4800,1.4150,302.66,3.0111,0.9879
1974-09-04,,2.3135,1.4800,1.4150,302.75,3.0111,0.9866
1974-09-05,,2.3110,1.4800,1.4150,302.57,3.0248,0.9856
1974-09-06,,2.3106,1.4850,1.4225,302.66,3.0184,0.9873
1974-09-09,,2.3130,1.4850,1.4225,302.48,3.0139,0.9883
1974-09-10,,2.3165,1.4850,1.4225,302.75,3.0003,0.9862
1974-09-11,,2.3150,1.4850,1.4225,302.11,3.0166,0.9877
1974-09-12,,2.3155,1.4850,1.4225,301.20,3.0057,0.9877
1974-09-13,,2.3120,1.4850,1.4225,299.58,3.0084,0.9873
1974-09-16,,2.3133,1.4870,1.4225,299.40,3.0057,0.9879
1974-09-17,,2.3170,1.4850,1.4225,296.12,2.9940,0.9877
1974-09-18,,2.3195,1.4850,1.4225,296.03,2.9842,0.9876
1974-09-19,,2.3150,1.4825,1.4225,296.82,2.9940,0.9867
1974-09-20,,2.3142,1.4850,1.4225,295.86,2.9958,0.9868
1974-09-23,,2.3165,1.4850,1.4225,295.86,2.9851,0.9836
1974-09-24,,2.3148,1.4850,1.4225,294.81,2.9860,0.9838
1974-09-25,,2.3160,1.3075,1.2950,296.21,2.9833,0.9829
1974-09-26,,2.3230,1.3065,1.3000,296.74,2.9771,0.9842
1974-09-27,,2.3320,1.3060,1.2980,296.74,2.9691,0.9856
1974-09-30,,2.3325,1.3100,1.2980,298.33,2.9499,0.9859
1974-10-01,,2.3362,1.3125,1.2980,298.15,2.9412,0.9848
1974-10-02,,2.3335,1.3125,1.2980,297.97,2.9516,0.9843
1974-10-03,,2.3270,1.3025,1.2950,299.04,2.9429,0.9844
1974-10-04,,2.3350,1.3140,1.2950,299.04,2.9240,0.9845
1974-10-07,,2.3357,1.3130,1.3050,300.03,2.9274,0.9830
1974-10-08,,2.3343,1.3130,1.3050,299.76,2.9308,0.9808
1974-10-09,,2.3410,1.3110,1.3050,298.69,2.9053,0.9789
1974-10-10,,2.3250,1.3110,1.3050,298.77,2.9189,0.9799
1974-10-11,,2.3340,1.3129,1.3050,299.13,2.9240,0.9823
1974-10-14,,,,,,,
1974-10-15,,2.3310,1.3100,1.3000,299.13,2.9163,0.9820
1974-10-16,,2.3337,1.3070,1.2982,299.04,2.8985,0.9821
1974-10-17,,2.3326,1.3075,1.2982,298.95,2.8960,0.9815
1974-10-18,,2.3324,1.3077,1.3025,299.31,2.8885,0.9822
1974-10-21,,2.3299,1.3077,1.3025,299.67,2.8902,0.9839
1974-10-22,,2.3295,1.3075,1.3025,299.94,2.8736,0.9838
1974-10-23,,2.3325,1.3064,1.3000,299.67,2.8506,0.9838
1974-10-24,,2.3315,1.3080,1.2950,299.94,2.8506,0.9837
1974-10-25,,2.3332,1.3080,1.2950,299.85,2.8498,0.9832
1974-10-28,,2.3323,1.3080,1.2950,300.12,2.8506,0.9838
1974-10-29,,2.3342,1.3080,1.2950,299.94,2.8506,0.9845
1974-10-30,,2.3352,1.3080,1.2950,299.94,2.8727,0.9844
1974-10-31,,2.3355,1.3080,1.2995,299.94,2.8703,0.9846
1974-11-01,,2.3380,1.3085,1.3000,300.48,2.8571,0.9845
1974-11-04,,2.3430,1.3085,1.3000,300.48,2.8361,0.9835
1974-11-05,,,,,,,
1974-11-06,,2.3472,1.3085,1.3000,300.48,2.8169,0.9855
1974-11-07,,2.3464,1.3110,1.3025,299.76,2.7878,0.9864
1974-11-08,,2.3350,1.3110,1.3080,299.67,2.7980,0.9880
1974-11-11,,,,,,,
1974-11-12,,2.2990,1.3100,1.3080,300.30,2.8353,0.9899
1974-11-13,,2.3030,1.3030,1.3080,300.12,2.8090,0.9913
1974-11-14,,2.3135,1.3055,1.3080,300.30,2.7307,0.9899
1974-11-15,,2.3145,1.3100,1.3080,299.94,2.7100,0.9888
1974-11-18,,2.3325,1.3110,1.3080,299.67,2.6076,0.9886
1974-11-19,,2.3235,1.3165,1.3045,299.94,2.6511,0.9866
1974-11-20,,2.3197,1.3140,1.3010,299.94,2.7624,0.9859
1974-11-21,,2.3210,1.3110,1.2990,299.94,2.8169,0.9866
1974-11-22,,2.3200,1.3110,1.3000,299.85,2.7382,0.9881
1974-11-25,,2.3222,1.3150,1.3050,300.21,2.6882,0.9872
1974-11-26,,2.3245,1.3150,1.3050,300.12,2.6631,0.9876
1974-11-27,,2.3247,1.3140,1.3050,299.85,2.6846,0.9868
1974-11-28,,,,,,,
1974-11-29,,2.3255,1.3140,1.3050,300.30,2.7122,0.9874
1974-12-02,,2.3245,1.3140,1.3050,300.39,2.7435,0.9885
1974-12-03,,2.3235,1.3125,1.3020,300.03,2.7211,0.9894
1974-12-04,,2.3275,1.3125,1.3025,299.76,2.6788,0.9865
1974-12-05,,2.3290,1.3147,1.3031,300.03,2.6511,0.9875
1974-12-06,,2.3297,1.3140,1.3044,299.94,2.6667,0.9878
1974-12-09,,2.3350,1.3150,1.3045,299.85,2.6413,0.9869
1974-12-10,,2.3242,1.3165,1.3060,299.76,2.6316,0.9867
1974-12-11,,2.3157,1.3165,1.3060,299.76,2.6260,0.9856
1974-12-12,,2.3060,1.3165,1.3015,300.03,2.5981,0.9855
1974-12-13,,2.3130,1.3160,1.2985,300.03,2.6123,0.9864
1974-12-16,,2.3293,1.3170,1.3020,300.30,2.5967,0.9876
1974-12-17,,2.3343,1.3170,1.3020,300.48,2.5445,0.9896
1974-12-18,,2.3415,1.3220,1.3080,300.66,2.5641,0.9893
1974-12-19,,2.3295,1.3220,1.3095,300.84,2.6062,0.9894
1974-12-20,,2.3255,1.3220,1.3095,301.11,2.5641,0.9893
1974-12-23,,2.3295,1.3175,1.3095,301.02,2.5674,0.9893
1974-12-24,,2.3310,1.3175,1.3095,301.20,2.5381,0.9887
1974-12-25,,,,,,,
1974-12-26,,2.3320,1.3175,1.3095,301.11,2.5284,0.9883
1974-12-27,,2.3432,1.3150,1.3040,300.75,2.5126,0.9885
1974-12-30,,2.3460,1.3215,1.3100,300.57,2.5221,0.9906
1974-12-31,,2.3470,1.3245,1.3105,301.02,2.5445,0.9914
1975-01-01,,,,,,,
1975-01-02,,2.3330,1.3240,1.3105,300.66,2.5727,0.9917
1975-01-03,,2.3414,1.3215,1.3070,300.84,2.5304,0.9919
1975-01-06,,2.3535,1.3245,1.3100,301.02,2.5342,0.9917
1975-01-07,,2.3540,1.3275,1.3135,300.93,2.5342,0.9937
1975-01-08,,2.3470,1.3270,1.3150,300.75,2.5773,0.9938
1975-01-09,,2.3500,1.3249,1.3117,300.84,2.5615,0.9966
1975-01-10,,2.3520,1.3275,1.3125,300.84,2.5621,0.9982
1975-01-13,,2.3531,1.3260,1.3230,300.93,2.5595,0.9978
1975-01-14,,2.3476,1.3260,1.3135,300.93,2.5760,0.9967
1975-01-15,,2.3540,1.3235,1.3115,301.02,2.5700,0.9953
1975-01-16,,2.3535,1.3260,1.3140,300.75,2.5641,0.9932
1975-01-17,,2.3525,1.3265,1.3135,300.84,2.5608,0.9918
1975-01-20,,2.3590,1.3265,1.3135,301.02,2.5195,0.9911
1975-01-21,,2.3635,1.3290,1.3165,300.84,2.5088,0.9925
1975-01-22,,2.3760,1.3300,1.3175,300.30,2.5284,0.9933
1975-01-23,,2.3815,1.3330,1.3225,299.67,2.5000,0.9938
1975-01-24,,2.3835,1.3350,1.3220,295.33,2.4722,0.9949
1975-01-27,,2.4000,1.3325,1.3220,294.99,2.4125,0.9964
1975-01-28,,2.3865,1.3453,1.3317,297.44,2.4691,0.9962
1975-01-29,,2.3700,1.3395,1.3270,297.35,2.5094,0.9966
1975-01-30,,2.3765,1.3375,1.3270,297.80,2.4938,0.9983
1975-01-31,,2.3825,1.3360,1.3240,297.97,2.4956,0.9995
1975-02-03,,2.3750,1.3400,1.3240,297.44,2.5202,0.9999
1975-02-04,,2.3690,1.3375,1.3240,297.09,2.5478,0.9991
1975-02-05,,2.3680,1.3345,1.3240,297.27,2.5407,0.9989
1975-02-06,,2.3710,1.3345,1.3240,297.00,2.5278,0.9991
1975-02-07,,2.3740,1.3370,1.3220,295.60,2.5208,1.0008
1975-02-10,,2.3875,1.3430,1.3220,292.40,2.5031,1.0026
1975-02-11,,2.3840,1.3455,1.3310,291.63,2.5063,1.0047
1975-02-12,,,,,,,
1975-02-13,,2.3895,1.3455,1.3310,292.83,2.4722,1.0023
1975-02-14,,2.3905,1.3475,1.3320,293.26,2.4679,1.0021
1975-02-17,,,,,,,
1975-02-18,,2.3933,1.3475,1.3325,293.34,2.4673,1.0038
1975-02-19,,2.3980,1.3475,1.3330,291.55,2.4802,1.0023
1975-02-20,,2.4005,1.3500,1.3350,291.12,2.4510,1.0016
1975-02-21,,2.4027,1.3520,1.3370,289.52,2.4492,1.0001
1975-02-24,,2.4195,1.3550,1.3385,285.88,2.4307,1.0003
1975-02-25,,2.4160,1.3590,1.3450,285.96,2.4248,0.9974
1975-02-26,,2.4260,1.3605,1.3450,285.63,2.4073,0.9966
1975-02-27,,2.4305,1.3640,1.3455,285.88,2.3952,0.9979
1975-02-28,,2.4300,1.3640,1.3485,286.45,2.4033,0.9982
1975-03-03,,2.4318,1.3640,1.3490,285.39,2.4021,0.9986
1975-03-04,,2.4285,1.3640,1.3490,284.66,2.4426,0.9978
1975-03-05,,2.4315,1.3655,1.3480,285.23,2.4366,0.9978
1975-03-06,,2.4280,1.3650,1.3500,285.71,2.4426,0.9982
1975-03-07,,2.4110,1.3630,1.3470,285.96,2.4740,0.9992
1975-03-10,,2.4055,1.3550,1.3415,286.21,2.4710,1.0004
1975-03-11,,2.4200,1.3575,1.3405,286.12,2.4704,1.0028
1975-03-12,,2.4090,1.3605,1.3405,287.27,2.4863,1.0007
1975-03-13,,2.4150,1.3565,1.3390,288.85,2.4907,1.0004
1975-03-14,,2.4180,1.3560,1.3415,288.10,2.4876,0.9999
1975-03-17,,2.4187,1.3570,1.3425,286.53,2.4894,1.0004
1975-03-18,,2.4255,1.3600,1.3430,287.19,2.4691,1.0004
1975-03-19,,2.4282,1.3610,1.3455,288.18,2.4612,0.9994
1975-03-20,,2.4237,1.3595,1.3450,287.19,2.4783,1.0001
1975-03-21,,2.4215,1.3595,1.3450,287.44,2.4925,0.9998
1975-03-24,,2.4167,1.3595,1.3450,287.77,2.5088,1.0004
1975-03-25,,2.4145,1.3560,1.3400,290.02,2.5082,1.0017
1975-03-26,,2.4120,1.3550,1.3400,290.53,2.5221,1.0017
1975-03-27,,2.4040,1.3510,1.3380,292.06,2.5432,1.0031
1975-03-28,,2.4080,1.3510,1.3380,292.48,2.5394,1.0033
1975-03-31,,2.4060,1.3510,1.3380,294.03,2.5381,1.0035
1975-04-01,,2.4080,1.3460,1.3350,290.87,2.5202,1.0023
1975-04-02,,2.4080,1.3500,1.3360,291.55,2.5336,1.0023
1975-04-03,,2.4022,1.3490,1.3360,292.31,2.5394,1.0030
1975-04-04,,2.3903,1.3490,1.3360,292.23,2.5641,1.0040
1975-04-07,,2.3801,1.3430,1.3290,291.97,2.5517,1.0051
1975-04-08,,2.3811,1.3425,1.3265,291.89,2.5484,1.0075
1975-04-09,,2.3768,1.3440,1.3285,291.89,2.5562,1.0054
1975-04-10,,2.3615,1.3430,1.3270,291.80,2.5767,1.0073
1975-04-11,,2.3650,1.3400,1.3230,291.12,2.5700,1.0082
1975-04-14,,2.3559,1.3410,1.3250,291.29,2.5793,1.0093
1975-04-15,,2.3665,1.3295,1.3225,290.95,2.5694,1.0108
1975-04-16,,2.3655,1.3410,1.3235,291.38,2.5667,1.0112
1975-04-17,,2.3700,1.3410,1.3230,291.72,2.5681,1.0152
1975-04-18,,2.3745,1.3420,1.3265,291.80,2.5700,1.0171
1975-04-21,,2.3624,1.3420,1.3270,292.83,2.5700,1.0147
1975-04-22,,2.3545,1.3390,1.3230,292.83,2.5634,1.0140
1975-04-23,,2.3690,1.3395,1.3215,292.74,2.5478,1.0164
1975-04-24,,2.3595,1.3430,1.3275,292.83,2.5497,1.0152
1975-04-25,,2.3520,1.3375,1.3275,293.69,2.5687,1.0170
1975-04-28,,2.3460,1.3390,1.3205,294.55,2.5674,1.0188
1975-04-29,,2.3560,1.3360,1.3185,293.86,2.5575,1.0182
1975-04-30,,2.3510,1.3385,1.3220,292.23,2.5582,1.0194
1975-05-01,,2.3482,1.3375,1.3210,292.14,2.5575,1.0208
1975-05-02,,2.3368,1.3400,1.3210,290.36,2.5595,1.0210
1975-05-05,,2.3405,1.3400,1.3185,290.44,2.5497,1.0275
1975-05-06,,2.3385,1.3415,1.3210,291.38,2.5458,1.0266
1975-05-07,,2.3379,1.3405,1.3195,291.21,2.5291,1.0260
1975-05-08,,2.3408,1.3415,1.3200,291.38,2.5050,1.0266
1975-05-09,,2.3170,1.3425,1.3220,291.46,2.5094,1.0285
1975-05-12,,2.2990,1.3375,1.3150,291.29,2.5107,1.0347
1975-05-13,,2.3065,1.3365,1.3125,291.46,2.4759,1.0347
1975-05-14,,2.3080,1.3405,1.3150,291.80,2.4783,1.0323
1975-05-15,,2.3005,1.3405,1.3150,291.63,2.5183,1.0335
1975-05-16,,2.3023,1.3375,1.3150,291.55,2.5214,1.0336
1975-05-19,,2.3030,1.3380,1.3120,291.80,2.5183,1.0327
1975-05-20,,2.3038,1.3385,1.3135,292.23,2.5132,1.0307
1975-05-21,,2.3145,1.3385,1.3130,292.06,2.4950,1.0268
1975-05-22,,2.3270,1.3420,1.3170,291.89,2.4814,1.0311
1975-05-23,,2.3265,1.3435,1.3205,291.04,2.4808,1.0279
1975-05-26,,,,,,,
1975-05-27,,2.3265,1.3440,1.3200,291.29,2.4765,1.0279
1975-05-28,,2.3200,1.3435,1.3100,290.70,2.4820,1.0277
1975-05-29,,2.3165,1.3430,1.3100,291.38,2.4919,1.0270
1975-05-30,,2.3160,1.3405,1.3165,291.55,2.5019,1.0228
1975-06-02,,2.3200,1.3410,1.3165,291.46,2.4981,1.0250
1975-06-03,,2.3203,1.3420,1.3165,291.04,2.4876,1.0275
1975-06-04,,2.3180,1.3420,1.3185,291.29,2.4963,1.0281
1975-06-05,,2.3225,1.3415,1.3170,292.23,2.4944,1.0260
1975-06-06,,2.3197,1.3415,1.3185,291.80,2.5031,1.0255
1975-06-09,,2.3170,1.3405,1.3160,291.80,2.5069,1.0269
1975-06-10,,2.3160,1.3400,1.3160,291.89,2.5006,1.0260
1975-06-11,,2.2815,1.3380,1.3135,291.89,2.4919,1.0236
1975-06-12,,2.2775,1.3360,1.3070,292.48,2.4882,1.0256
1975-06-13,,2.2835,1.3365,1.3090,292.65,2.4907,1.0250
1975-06-16,,2.2750,1.3365,1.3090,294.12,2.4826,1.0260
1975-06-17,,2.2720,1.3360,1.3090,293.43,2.4820,1.0259
1975-06-18,,2.2729,1.3345,1.3065,294.12,2.4907,1.0247
1975-06-19,,2.2735,1.3340,1.3060,294.12,2.4931,1.0261
1975-06-20,,2.2730,1.3330,1.3055,293.94,2.4938,1.0260
1975-06-23,,2.2715,1.3335,1.3055,294.72,2.4981,1.0268
1975-06-24,,2.2570,1.3320,1.3040,295.33,2.4975,1.0253
1975-06-25,,2.2565,1.3290,1.2995,297.00,2.4956,1.0267
1975-06-26,,2.2410,1.3285,1.2990,295.77,2.4938,1.0273
1975-06-27,,2.2250,1.3265,1.2970,296.03,2.5000,1.0303
1975-06-30,,2.1935,1.3235,1.2905,295.68,2.5025,1.0306
1975-07-01,,2.2090,1.3195,1.3010,295.68,2.5119,1.0299
1975-07-02,,2.1995,1.3215,1.2885,295.51,2.5342,1.0302
1975-07-03,,2.1945,1.3200,1.2845,295.42,2.5381,1.0287
1975-07-04,,,,,,,
1975-07-07,,2.1860,1.3175,1.2825,295.51,2.5602,1.0314
1975-07-08,,2.1945,1.3165,1.2805,295.68,2.5504,1.0328
1975-07-09,,2.2060,1.3175,1.2820,295.95,2.5530,1.0310
1975-07-10,,2.1985,1.3170,1.2845,296.12,2.5700,1.0293
1975-07-11,,2.1995,1.3160,1.2825,296.12,2.5773,1.0304
1975-07-14,,2.1915,1.3140,1.2820,295.86,2.5820,1.0295
1975-07-15,,2.1825,1.3135,1.2805,295.86,2.5893,1.0290
1975-07-16,,2.1850,1.3090,1.2759,296.03,2.6042,1.0315
1975-07-17,,2.1792,1.3090,1.2759,296.30,2.6219,1.0292
1975-07-18,,2.1750,1.3065,1.2745,296.21,2.6399,1.0310
1975-07-21,,2.1755,1.3050,1.2725,296.12,2.6441,1.0310
1975-07-22,,2.1780,1.3035,1.2720,296.47,2.6497,1.0311
1975-07-23,,2.1800,1.3025,1.2705,296.82,2.6774,1.0320
1975-07-24,,2.1785,1.3010,1.2710,297.62,2.6717,1.0325
1975-07-25,,2.1785,1.3000,1.2695,296.65,2.6610,1.0322
1975-07-28,,2.1760,1.3020,1.2700,297.80,2.6838,1.0325
1975-07-29,,2.1755,1.2980,1.2680,297.35,2.6925,1.0319
1975-07-30,,2.1630,1.2985,1.2680,297.44,2.7027,1.0304
1975-07-31,,2.1540,1.3000,1.2635,297.71,2.6969,1.0318
1975-08-01,,2.1475,1.2950,1.2630,297.89,2.6983,1.0316
1975-08-04,,2.1415,1.2935,1.2605,297.97,2.6860,1.0315
1975-08-05,,2.1405,1.2925,1.2597,297.97,2.6660,1.0317
1975-08-06,,2.1280,1.2930,1.2590,298.06,2.6788,1.0325
1975-08-07,,2.1040,1.2900,1.2590,297.97,2.6947,1.0353
1975-08-08,,2.1040,1.2865,1.2480,297.62,2.6882,1.0355
1975-08-11,,2.1020,1.2810,1.0605,297.80,2.6882,1.0375
1975-08-12,,2.1035,1.2745,1.0600,298.06,2.6896,1.0368
1975-08-13,,2.1075,1.2745,1.0600,297.97,2.6824,1.0371
1975-08-14,,2.1080,1.2770,1.0615,297.97,2.6582,1.0377
1975-08-15,,2.1080,1.2775,1.0615,297.97,2.6688,1.0393
1975-08-18,,2.1080,1.2770,1.0615,298.15,2.6638,1.0400
1975-08-19,,2.1175,1.2775,1.0620,298.06,2.6610,1.0384
1975-08-20,,2.1190,1.2800,1.0645,297.97,2.6731,1.0372
1975-08-21,,2.1110,1.2790,1.0640,297.89,2.6717,1.0373
1975-08-22,,2.1060,1.2780,1.0630,297.97,2.6774,1.0350
1975-08-25,,2.1055,1.2770,1.0610,298.06,2.6846,1.0328
1975-08-26,,2.1090,1.2760,1.0610,298.15,2.6795,1.0356
1975-08-27,,2.1105,1.2770,1.0625,297.97,2.6767,1.0349
1975-08-28,,2.1095,1.2770,1.0625,298.06,2.6817,1.0335
1975-08-29,,2.1100,1.2770,1.0620,297.97,2.6846,1.0324
1975-09-01,,,,,,,
1975-09-02,,2.1090,1.2755,1.0600,297.97,2.6838,1.0315
1975-09-03,,2.1120,1.2765,1.0620,297.80,2.6738,1.0302
1975-09-04,,2.1085,1.2775,1.0620,297.89,2.6824,1.0305
1975-09-05,,2.1090,1.2765,1.0610,297.97,2.6838,1.0289
1975-09-08,,2.1110,1.2765,1.0620,297.97,2.6831,1.0276
1975-09-09,,2.1095,1.2770,1.0625,298.06,2.6831,1.0263
1975-09-10,,2.1105,1.2820,1.0620,297.97,2.6874,1.0275
1975-09-11,,2.1100,1.2750,1.0620,298.06,2.6925,1.0287
1975-09-12,,2.1065,1.2760,1.0615,298.06,2.6983,1.0267
1975-09-15,,2.1055,1.2750,1.0605,298.06,2.6983,1.0268
1975-09-16,,2.0905,1.2745,1.0608,298.06,2.7137,1.0254
1975-09-17,,2.0810,1.2705,1.0608,298.33,2.7233,1.0253
1975-09-18,,2.0785,1.2685,1.0540,300.48,2.7233,1.0232
1975-09-19,,2.0800,1.2670,1.0525,301.57,2.7211,1.0245
1975-09-22,,2.0710,1.2625,1.0519,302.94,2.7322,1.0239
1975-09-23,,2.0440,1.2580,1.0475,303.31,2.7300,1.0221
1975-09-24,,2.0445,1.2540,1.0430,303.12,2.7270,1.0234
1975-09-25,,2.0470,1.2550,1.0420,302.66,2.7263,1.0248
1975-09-26,,2.0445,1.2555,1.0430,301.75,2.7457,1.0248
1975-09-29,,2.0365,1.2555,1.0425,303.21,2.7533,1.0251
1975-09-30,,2.0430,1.2535,1.0410,302.85,2.7450,1.0252
1975-10-01,,2.0400,1.2555,1.0420,302.57,2.7122,1.0253
1975-10-02,,2.0385,1.2590,1.0430,302.66,2.7042,1.0246
1975-10-03,,2.0375,1.2570,1.0430,303.03,2.7233,1.0248
1975-10-06,,2.0430,1.2565,1.0420,303.12,2.7093,1.0257
1975-10-07,,2.0415,1.2580,1.0430,302.94,2.6969,1.0264
1975-10-08,,2.0430,1.2585,1.0430,303.12,2.6998,1.0265
1975-10-09,,2.0475,1.2590,1.0435,303.03,2.6903,1.0260
1975-10-10,,2.0580,1.2600,1.0450,302.94,2.6596,1.0254
1975-10-13,,,,,,,
1975-10-14,,2.0475,1.2640,1.0495,302.66,2.6824,1.0269
1975-10-15,,2.0555,1.2610,1.0460,302.94,2.6617,1.0302
1975-10-16,,2.0555,1.2625,1.0480,302.94,2.6455,1.0290
1975-10-17,,2.0575,1.2630,1.0480,302.76,2.6511,1.0291
1975-10-20,,2.0610,1.2630,1.0480,302.48,2.6462,1.0287
1975-10-21,,2.0610,1.2645,1.0490,301.11,2.6378,1.0285
1975-10-22,,2.0745,1.2670,1.0503,301.57,2.6274,1.0268
1975-10-23,,2.0665,1.2685,1.0530,301.84,2.6344,1.0234
1975-10-24,,2.0695,1.2660,1.0504,301.66,2.6323,1.0220
1975-10-27,,2.0690,1.2670,1.0505,301.57,2.6364,1.0220
1975-10-28,,2.0660,1.2665,1.0515,301.48,2.6455,1.0200
1975-10-29,,2.0680,1.2665,1.0510,301.57,2.6385,1.0206
1975-10-30,,2.0720,1.2665,1.0510,301.66,2.6288,1.0218
1975-10-31,,2.0780,1.2685,1.0530,301.75,2.6247,1.0175
1975-11-03,,2.0745,1.2700,1.0550,301.75,2.6233,1.0162
1975-11-04,,,,,,,
1975-11-05,,2.0645,1.2675,1.0525,301.84,2.6434,1.0171
1975-11-06,,2.0685,1.2660,1.0508,301.75,2.6323,1.0168
1975-11-07,,2.0655,1.2675,1.0515,301.75,2.6344,1.0163
1975-11-10,,2.0660,1.2660,1.0510,302.30,2.6357,1.0154
1975-11-11,,,,,,,
1975-11-12,,2.0635,1.2600,1.0550,301.93,2.6378,1.0127
1975-11-13,,2.0530,1.2660,1.0510,302.21,2.6483,1.0121
1975-11-14,,2.0455,1.2630,1.0475,302.57,2.6617,1.0156
1975-11-17,,2.0320,1.2610,1.0450,302.66,2.6788,1.0158
1975-11-18,,2.0355,1.2610,1.0450,302.94,2.6667,1.0129
1975-11-19,,2.0405,1.2585,1.0425,303.12,2.6603,1.0128
1975-11-20,,2.0460,1.2605,1.0440,302.94,2.6504,1.0131
1975-11-21,,2.0415,1.2615,1.0455,303.12,2.6660,1.0128
1975-11-24,,2.0375,1.2595,1.0440,302.94,2.6652,1.0117
1975-11-25,,2.0373,1.2595,1.0430,303.12,2.6624,1.0122
1975-11-26,,2.0320,1.2590,1.0430,303.21,2.6709,1.0118
1975-11-27,,,,,,,
1975-11-28,,2.0200,1.2570,1.0405,303.12,2.6767,1.0108
1975-12-01,,2.0210,1.2560,1.0395,304.41,2.6667,1.0111
1975-12-02,,2.0200,1.2545,1.0385,304.41,2.6603,1.0138
1975-12-03,,2.0240,1.2545,1.0380,305.06,2.6532,1.0127
1975-12-04,,2.0290,1.2551,1.0391,304.97,2.6427,1.0117
1975-12-05,,2.0235,1.2558,1.0396,306.75,2.6392,1.0111
1975-12-08,,2.0230,1.2531,1.0373,306.84,2.6212,1.0116
1975-12-09,,2.0225,1.2530,1.0373,306.19,2.6344,1.0121
1975-12-10,,2.0230,1.2530,1.0371,306.09,2.6337,1.0127
1975-12-11,,2.0220,1.2530,1.0373,305.90,2.6378,1.0138
1975-12-12,,2.0185,1.2525,1.0370,305.90,2.6392,1.0173
1975-12-15,,2.0170,1.2520,1.0361,306.00,2.6392,1.0152
1975-12-16,,2.0185,1.2518,1.0359,305.53,2.6344,1.0139
1975-12-17,,2.0218,1.2525,1.0366,305.62,2.6281,1.0138
1975-12-18,,2.0218,1.2537,1.0376,305.62,2.6254,1.0137
1975-12-19,,2.0214,1.2536,1.0373,306.09,2.6261,1.0162
1975-12-22,,2.0213,1.2537,1.0372,306.09,2.6240,1.0150
1975-12-23,,2.0215,1.2538,1.0373,306.00,2.6192,1.0140
1975-12-24,,2.0230,1.2544,1.0376,305.90,2.6254,1.0142
1975-12-25,,,,,,,
1975-12-26,,2.0230,1.2545,1.0376,305.90,2.6254,1.0142
1975-12-29,,2.0225,1.2542,1.0383,305.25,2.6226,1.0154
1975-12-30,,2.0235,1.2545,1.0385,305.06,2.6226,1.0161
1975-12-31,,2.0235,1.2545,1.0385,305.16,2.6212,1.0168
1976-01-01,,,,,,,
1976-01-02,,2.0245,1.2545,1.0385,305.06,2.6178,1.0166
1976-01-05,,2.0325,1.2550,1.0390,305.16,2.5907,1.0150
1976-01-06,,2.0325,1.2570,1.0405,305.06,2.5940,1.0131
1976-01-07,,2.0345,1.2575,1.0410,305.25,2.5988,1.0125
1976-01-08,,2.0340,1.2575,1.0415,305.62,2.6008,1.0127
1976-01-09,,2.0305,1.2560,1.0410,306.00,2.6069,1.0140
1976-01-12,,2.0310,1.2555,1.0400,305.16,2.6055,1.0120
1976-01-13,,2.0250,1.2565,1.0400,305.25,2.6069,1.0091
1976-01-14,,2.0270,1.2555,1.0394,305.34,2.6008,1.0069
1976-01-15,,2.0275,1.2565,1.0404,305.25,2.6015,1.0024
1976-01-16,,2.0295,1.2565,1.0402,305.25,2.6008,1.0064
1976-01-19,,2.0325,1.2568,1.0405,304.14,2.6021,1.0058
1976-01-20,,2.0305,1.2577,1.0414,303.86,2.6042,1.0025
1976-01-21,,2.0235,1.2580,1.0414,304.41,2.6103,1.0033
1976-01-22,,2.0230,1.2550,1.0395,304.14,2.6042,1.0019
1976-01-23,,2.0230,1.2547,1.0396,304.04,2.6048,1.0007
1976-01-26,,2.0252,1.2580,1.0400,303.77,2.6028,0.9992
1976-01-27,,2.0260,1.2560,1.0402,303.67,2.6028,1.0005
1976-01-28,,2.0287,1.2595,1.0460,303.58,2.6028,1.0000
1976-01-29,,2.0300,1.2565,1.0410,303.67,2.6021,1.0003
1976-01-30,,2.0295,1.2563,1.0418,303.67,2.6021,1.0011
1976-02-02,,2.0285,1.2560,1.0410,303.21,2.5681,0.9994
1976-02-03,,2.0276,1.2575,1.0425,302.76,2.5900,0.9984
1976-02-04,,2.0311,1.2570,1.0419,300.57,2.5920,0.9980
1976-02-05,,2.0280,1.2610,1.0440,300.57,2.5927,0.9964
1976-02-06,,2.0265,1.2595,1.0440,301.39,2.5947,0.9959
1976-02-09,,2.0280,1.2592,1.0423,300.75,2.5760,0.9956
1976-02-10,,2.0265,1.2602,1.0435,300.66,2.5747,0.9958
1976-02-11,,2.0296,1.2605,1.0435,300.12,2.5530,0.9958
1976-02-12,,,,,,,
1976-02-13,,2.0245,1.2610,1.0440,300.75,2.5510,0.9962
1976-02-16,,,,,,,
1976-02-17,,2.0224,1.2580,1.0421,301.57,2.5720,0.9963
1976-02-18,,2.0240,1.2575,1.0413,301.66,2.5641,0.9937
1976-02-19,,2.0235,1.2582,1.0418,301.75,2.5569,0.9930
1976-02-20,,2.0242,1.2587,1.0417,302.11,2.5641,0.9916
1976-02-23,,2.0250,1.2575,1.0420,302.57,2.5595,0.9894
1976-02-24,,2.0250,1.2570,1.0419,302.02,2.5562,0.9893
1976-02-25,,2.0262,1.2570,1.0420,302.02,2.5615,0.9884
1976-02-26,,2.0260,1.2585,1.0425,302.11,2.5641,0.9855
1976-02-27,,2.0252,1.2580,1.0425,302.11,2.5687,0.9848
1976-03-01,,2.0239,1.2586,1.0415,301.66,2.5907,0.9893
1976-03-02,,2.0238,1.2570,1.0415,301.66,2.5867,0.9910
1976-03-03,,2.0245,1.2574,1.0415,301.57,2.5813,0.9884
1976-03-04,,2.0135,1.2578,1.0417,301.66,2.5920,0.9894
1976-03-05,,1.9790,1.2550,1.0391,301.57,2.5893,0.9916
1976-03-08,,1.9415,1.2455,1.0266,300.75,2.5773,0.9852
1976-03-09,,1.9410,1.2467,1.0211,301.11,2.5793,0.9849
1976-03-10,,1.9125,1.2461,1.0224,301.30,2.5760,0.9841
1976-03-11,,1.9330,1.2436,1.0155,301.30,2.5893,0.9846
1976-03-12,,1.9250,1.2464,1.0208,300.84,2.5867,0.9858
1976-03-15,,1.9220,1.2450,1.0190,300.66,2.5813,0.9860
1976-03-16,,1.9127,1.2435,1.0185,300.57,2.5813,0.9839
1976-03-17,,1.9210,1.2415,1.0156,299.94,2.5419,0.9847
1976-03-18,,1.9238,1.2445,1.0195,299.94,2.5329,0.9852
1976-03-19,,1.9210,1.2440,1.0195,299.67,2.5355,0.9853
1976-03-22,,1.9217,1.2445,1.0186,299.85,2.5407,0.9853
1976-03-23,,1.9250,1.2465,1.0189,299.76,2.5648,0.9853
1976-03-24,,1.9266,1.2465,1.0193,299.76,2.5569,0.9850
1976-03-25,,1.9234,1.2470,1.0205,299.67,2.5478,0.9838
1976-03-26,,1.9200,1.2468,1.0198,299.58,2.5497,0.9831
1976-03-29,,1.9170,1.2462,1.0184,299.67,2.5510,0.9846
1976-03-30,,1.9155,1.2458,1.0188,299.85,2.5381,0.9845
1976-03-31,,1.9159,1.2461,1.0180,299.58,2.5387,0.9843
1976-04-01,,1.8840,1.2465,1.0181,299.49,2.5265,0.9845
1976-04-02,,1.8710,1.2425,1.0110,299.31,2.5413,0.9839
1976-04-05,,1.8645,1.2400,1.0080,299.31,2.5400,0.9828
1976-04-06,,1.8600,1.2375,1.0045,299.04,2.5361,0.9823
1976-04-07,,1.8662,1.2390,1.0050,298.86,2.5445,0.9806
1976-04-08,,1.8340,1.2394,1.0054,297.44,2.5284,0.9789
1976-04-09,,1.8365,1.2372,0.9960,297.89,2.5361,0.9802
1976-04-12,,1.8450,1.2357,0.9983,298.42,2.5387,0.9832
1976-04-13,,1.8530,1.2357,1.0022,298.60,2.5316,0.9873
1976-04-14,,1.8565,1.2373,1.0033,298.06,2.5214,0.9885
1976-04-15,,1.8520,1.2350,1.0041,299.40,2.5259,0.9890
1976-04-16,,1.8540,1.2350,1.0041,299.31,2.5355,0.9870
1976-04-19,,1.8540,1.2350,1.0041,300.03,2.5272,0.9861
1976-04-20,,1.8470,1.2385,1.0028,299.49,2.5233,0.9845
1976-04-21,,1.8400,1.2375,1.0014,299.58,2.5316,0.9815
1976-04-22,,1.8290,1.2362,0.9987,299.67,2.5284,0.9845
1976-04-23,,1.8190,1.2352,0.9995,299.76,2.5284,0.9853
1976-04-26,,1.8185,1.2350,0.9926,299.85,2.5259,0.9836
1976-04-27,,1.8225,1.2330,0.9940,299.31,2.5291,0.9826
1976-04-28,,1.8315,1.2333,0.9915,299.22,2.5227,0.9822
1976-04-29,,1.8410,1.2365,0.9975,299.31,2.5138,0.9817
1976-04-30,,1.8400,1.2365,0.9995,299.04,2.5157,0.9789
1976-05-03,,1.8280,1.2372,0.9994,298.95,2.5025,0.9802
1976-05-04,,1.8255,1.2352,0.9959,297.89,2.4987,0.9827
1976-05-05,,1.8246,1.2385,1.0010,297.97,2.4913,0.9808
1976-05-06,,1.8220,1.2353,0.9956,298.24,2.4679,0.9810
1976-05-07,,1.8230,1.2371,1.0025,298.51,2.4777,0.9815
1976-05-10,,1.8310,1.2375,0.9955,298.42,2.4832,0.9790
1976-05-11,,1.8335,1.2392,0.9983,298.42,2.4808,0.9788
1976-05-12,,1.8385,1.2392,0.9988,298.69,2.4963,0.9796
1976-05-13,,1.8275,1.2379,0.9998,298.95,2.4931,0.9792
1976-05-14,,1.8165,1.2356,0.9970,298.78,2.5006,0.9796
1976-05-17,,1.8040,1.2335,0.9922,299.31,2.5221,0.9815
1976-05-18,,1.8105,1.2305,0.9895,299.13,2.5189,0.9796
1976-05-19,,1.8080,1.2320,0.9910,299.22,2.4969,0.9795
1976-05-20,,1.8055,1.2325,0.9900,299.40,2.4826,0.9792
1976-05-21,,1.7800,1.2305,0.9925,299.58,2.4944,0.9810
1976-05-24,,1.7940,1.2278,0.9853,299.58,2.4722,0.9798
1976-05-25,,1.7858,1.2306,0.9910,299.58,2.4740,0.9797
1976-05-26,,1.7710,1.2290,0.9865,299.76,2.4673,0.9813
1976-05-27,,1.7705,1.2270,0.9827,299.67,2.4655,0.9796
1976-05-28,,1.7595,1.2270,0.9825,300.03,2.4606,0.9800
1976-05-31,,,,,,,
1976-06-01,,1.7540,1.2244,0.9795,300.39,2.4260,0.9789
1976-06-02,,1.7205,1.2227,0.9760,300.30,2.3941,0.9768
1976-06-03,,1.7089,1.2224,0.9694,300.48,2.4056,0.9769
1976-06-04,,1.7165,1.2193,0.9649,300.39,2.4564,0.9778
1976-06-07,,1.7560,1.2205,0.9649,300.30,2.4600,0.9782
1976-06-08,,1.7696,1.2280,0.9830,300.12,2.5019,0.9792
1976-06-09,,1.7690,1.2280,0.9825,299.94,2.5038,0.9783
1976-06-10,,1.7705,1.2280,0.9830,299.94,2.4882,0.9785
1976-06-11,,1.7703,1.2277,0.9828,300.03,2.4857,0.9774
1976-06-14,,1.7700,1.2277,0.9825,299.94,2.4919,0.9767
1976-06-15,,1.7765,1.2278,0.9813,299.76,2.4771,0.9752
1976-06-16,,1.7755,1.2288,0.9846,299.85,2.4673,0.9737
1976-06-17,,1.7755,1.2284,0.9832,300.03,2.4869,0.9712
1976-06-18,,1.7740,1.2285,0.9844,299.31,2.4876,0.9724
1976-06-21,,1.7739,1.2286,0.9834,299.31,2.4882,0.9706
1976-06-22,,1.7720,1.2283,0.9835,299.22,2.4888,0.9700
1976-06-23,,1.7725,1.2285,0.9831,296.82,2.4882,0.9682
1976-06-24,,1.7715,1.2305,0.9845,297.27,2.4704,0.9628
1976-06-25,,1.7721,1.2310,0.9855,297.80,2.4728,0.9667
1976-06-28,,1.7742,1.2306,0.9849,296.03,2.4661,0.9689
1976-06-29,,1.7795,1.2325,0.9860,297.00,2.4740,0.9722
1976-06-30,,1.7850,1.2331,0.9874,297.97,2.4685,0.9688
1976-07-01,,1.7900,1.2331,0.9886,296.91,2.4697,0.9686
1976-07-02,,1.7911,1.2338,0.9900,297.18,2.4691,0.9707
1976-07-05,,,,,,,
1976-07-06,,1.8023,1.2403,0.9920,296.38,2.4722,0.9696
1976-07-07,,1.8025,1.2370,0.9930,296.65,2.4777,0.9690
1976-07-08,,1.7820,1.2380,0.9932,296.47,2.4795,0.9682
1976-07-09,,1.7795,1.2320,0.9900,296.74,2.4777,0.9677
1976-07-12,,1.7891,1.2324,0.9870,296.38,2.4832,0.9686
1976-07-13,,1.7870,1.2339,0.9905,294.90,2.4814,0.9684
1976-07-14,,1.7805,1.2385,0.9940,292.65,2.4752,0.9718
1976-07-15,,1.7800,1.2365,0.9884,293.17,2.4802,0.9739
1976-07-16,,1.7760,1.2352,0.9895,294.03,2.4820,0.9743
1976-07-19,,1.7740,1.2343,0.9879,293.69,2.4826,0.9752
1976-07-20,,1.7815,1.2337,0.9866,293.34,2.4876,0.9753
1976-07-21,,1.7834,1.2350,0.9885,293.60,2.4919,0.9734
1976-07-22,,1.7830,1.2370,0.9895,293.69,2.5094,0.9746
1976-07-23,,1.7818,1.2346,0.9883,293.94,2.5126,0.9739
1976-07-26,,1.7786,1.2352,0.9885,293.51,2.5082,0.9746
1976-07-27,,1.7815,1.2379,0.9883,293.86,2.5050,0.9748
1976-07-28,,1.7915,1.2366,0.9896,293.51,2.4722,0.9744
1976-07-29,,1.7850,1.2385,1.0000,293.60,2.4857,0.9747
1976-07-30,,1.7850,1.2405,0.9970,293.26,2.4820,0.9752
1976-08-02,,1.7880,1.2393,0.9951,292.91,2.4759,0.9775
1976-08-03,,1.7880,1.2402,0.9963,292.91,2.4845,0.9795
1976-08-04,,1.7943,1.2396,0.9968,292.83,2.4771,0.9834
1976-08-05,,1.7885,1.2403,0.9983,293.00,2.4789,0.9860
1976-08-06,,1.7888,1.2407,0.9990,293.00,2.4820,0.9888
1976-08-09,,1.7925,1.2388,0.9953,292.65,2.4944,0.9890
1976-08-10,,1.7895,1.2397,0.9974,292.83,2.5050,0.9866
1976-08-11,,1.7898,1.2391,0.9956,292.57,2.4913,0.9876
1976-08-12,,1.7852,1.2396,0.9961,292.65,2.4969,0.9865
1976-08-13,,1.7815,1.2390,0.9943,291.12,2.4888,0.9873
1976-08-16,,1.7814,1.2403,0.9946,290.36,2.4869,0.9870
1976-08-17,,1.7864,1.2418,0.9962,287.85,2.4710,0.9888
1976-08-18,,1.7830,1.2461,0.9995,288.27,2.4704,0.9867
1976-08-19,,1.7815,1.2454,0.9979,288.77,2.4746,0.9860
1976-08-20,,1.7808,1.2441,0.9975,289.35,2.4759,0.9875
1976-08-23,,1.7824,1.2425,0.9964,289.77,2.4746,0.9864
1976-08-24,,1.7755,1.2429,0.9968,288.43,2.4740,0.9862
1976-08-25,,1.7704,1.2437,0.9958,288.85,2.4783,0.9852
1976-08-26,,1.7723,1.2430,0.9949,288.93,2.4746,0.9842
1976-08-27,,1.7700,1.2445,0.9990,288.60,2.4777,0.9841
1976-08-30,,1.7750,1.2445,0.9948,288.77,2.4777,0.9824
1976-08-31,,1.7775,1.2437,0.9969,289.35,2.4783,0.9815
1976-09-01,,1.7750,1.2437,0.9976,288.93,2.4716,0.9766
1976-09-02,,1.7730,1.2448,0.9963,288.68,2.4802,0.9791
1976-09-03,,1.7725,1.2470,1.0000,287.77,2.4832,0.9804
1976-09-06,,,,,,,
1976-09-07,,1.7712,1.2425,0.9962,287.77,2.4820,0.9770
1976-09-08,,1.7715,1.2449,0.9962,287.60,2.4832,0.9776
1976-09-09,,1.7480,1.2459,0.9967,286.04,2.4777,0.9763
1976-09-10,,1.7530,1.2460,0.9985,286.94,2.4802,0.9765
1976-09-13,,1.7480,1.2442,0.9929,286.62,2.4795,0.9754
1976-09-14,,1.7395,1.2440,0.9921,286.53,2.4789,0.9748
1976-09-15,,1.7341,1.2434,0.9904,286.12,2.4697,0.9753
1976-09-16,,1.7392,1.2451,0.9896,286.70,2.4752,0.9771
1976-09-17,,1.7340,1.2464,0.9940,287.27,2.4740,0.9748
1976-09-20,,1.7222,1.2439,0.9896,287.11,2.4771,0.9734
1976-09-21,,1.7160,1.2428,0.9877,288.02,2.4740,0.9718
1976-09-22,,1.7160,1.2410,0.9837,287.11,2.4716,0.9748
1976-09-23,,1.7107,1.2427,0.9850,287.77,2.4740,0.9734
1976-09-24,,1.7054,1.2418,0.9880,287.85,2.4716,0.9723
1976-09-27,,1.6795,1.2399,0.9813,287.60,2.4673,0.9728
1976-09-28,,1.6360,1.2364,0.9733,287.52,2.4661,0.9714
1976-09-29,,1.6665,1.2323,0.9625,287.77,2.4582,0.9725
1976-09-30,,1.6600,1.2348,0.9709,286.86,2.4450,0.9732
1976-10-01,,1.6660,1.2362,0.9642,287.11,2.4516,0.9713
1976-10-04,,1.6705,1.2362,0.9642,287.27,2.4606,0.9724
1976-10-05,,1.6635,1.2405,0.9765,287.44,2.4564,0.9751
1976-10-06,,1.6515,1.2411,0.9715,288.02,2.4474,0.9747
1976-10-07,,1.6645,1.2419,0.9730,288.10,2.4498,0.9727
1976-10-08,,1.6620,1.2420,0.9755,288.77,2.4510,0.9731
1976-10-11,,,,,,,
1976-10-12,,1.6535,1.2372,0.9695,289.86,2.4498,0.9742
1976-10-13,,1.6541,1.2358,0.9705,290.36,2.4426,0.9729
1976-10-14,,1.6390,1.2383,0.9728,292.31,2.4450,0.9729
1976-10-15,,1.6500,1.2336,0.9660,293.00,2.4534,0.9742
1976-10-18,,1.6547,1.2389,0.9666,292.48,2.4576,0.9729
1976-10-19,,1.6477,1.2304,0.9644,292.23,2.4480,0.9731
1976-10-20,,1.6463,1.2318,0.9636,292.14,2.4420,0.9726
1976-10-21,,1.6465,1.2320,0.9643,292.74,2.4486,0.9732
1976-10-22,,1.6482,1.2310,0.9680,293.69,2.4480,0.9732
1976-10-25,,1.5950,1.2306,0.9545,293.34,2.4372,0.9715
1976-10-26,,1.6040,1.2281,0.9565,293.77,2.4420,0.9702
1976-10-27,,1.5830,1.2234,0.9597,293.17,2.4361,0.9714
1976-10-28,,1.5665,1.2235,0.9456,293.60,2.4290,0.9704
1976-10-29,,1.5880,1.2280,0.9500,294.38,2.4331,0.9722
1976-11-01,,1.5875,1.2227,0.9458,295.86,2.4396,0.9724
1976-11-02,,,,,,,
1976-11-03,,1.6075,1.2236,0.9479,295.16,2.4372,0.9731
1976-11-04,,1.6250,1.2276,0.9539,295.33,2.4438,0.9748
1976-11-05,,1.6250,1.2300,0.9620,294.99,2.4438,0.9740
1976-11-08,,1.6155,1.2274,0.9542,293.77,2.4402,0.9731
1976-11-09,,1.6282,1.2288,0.9539,294.29,2.4426,0.9733
1976-11-10,,1.6333,1.2266,0.9583,294.38,2.4390,0.9762
1976-11-11,,,,,,,
1976-11-12,,1.6280,1.2281,0.9565,294.64,2.4420,0.9774
1976-11-15,,1.6400,1.2296,0.9591,294.72,2.4426,0.9760
1976-11-16,,1.6427,1.2302,0.9610,295.16,2.4432,0.9810
1976-11-17,,1.6645,1.2309,0.9619,295.07,2.4480,0.9792
1976-11-18,,1.6650,1.2333,0.9672,295.16,2.4450,0.9801
1976-11-19,,1.6790,1.2365,0.9725,295.42,2.4468,0.9845
1976-11-22,,1.6460,1.2333,0.9711,295.07,2.4278,0.9870
1976-11-23,,1.6435,1.2301,0.9621,295.42,2.4343,0.9934
1976-11-24,,1.6475,1.2314,0.9620,295.42,2.4462,0.9923
1976-11-25,,,,,,,
1976-11-26,,1.6460,1.2304,0.9688,295.51,2.4402,1.0046
1976-11-29,,1.6484,1.0150,0.9050,295.68,2.4420,1.0239
1976-11-30,,1.6510,1.0099,0.9013,297.09,2.4450,1.0354
1976-12-01,,1.6623,1.0087,0.8999,296.91,2.4528,1.0344
1976-12-02,,1.6635,1.0095,0.9035,296.82,2.4546,1.0286
1976-12-03,,1.6627,1.0056,0.9017,297.89,2.4540,1.0260
1976-12-06,,1.6567,1.0054,0.9012,296.56,2.4456,1.0233
1976-12-07,,1.6710,1.0338,0.9014,296.38,2.4558,1.0248
1976-12-08,,1.6705,1.0353,0.9089,296.30,2.4540,1.0239
1976-12-09,,1.6700,1.0361,0.9090,295.77,2.4510,1.0250
1976-12-10,,1.6695,1.0364,0.9076,294.81,2.4528,1.0245
1976-12-13,,1.6835,1.0497,0.9090,294.72,2.4528,1.0218
1976-12-14,,1.6750,1.0520,0.9145,295.33,2.4540,1.0175
1976-12-15,,1.6675,1.0495,0.9122,294.72,2.4540,1.0162
1976-12-16,,1.6630,1.0495,0.9100,295.51,2.4498,1.0156
1976-12-17,,1.6710,1.0570,0.9160,294.64,2.4510,1.0156
1976-12-20,,1.6810,1.0591,0.9327,293.60,2.4462,1.0105
1976-12-21,,1.6790,1.0644,0.9378,293.94,2.4361,1.0127
1976-12-22,,1.6852,1.0694,0.9370,293.86,2.4444,1.0147
1976-12-23,,1.6845,1.0749,0.9393,293.43,2.4486,1.0117
1976-12-24,,1.6895,1.0850,0.9400,293.51,2.4474,1.0138
1976-12-27,,1.6940,1.0870,0.9400,292.31,2.4474,1.0138
1976-12-28,,1.6970,1.0880,0.9400,292.14,2.4510,1.0125
1976-12-29,,1.7060,1.0845,0.9445,292.91,2.4462,1.0134
1976-12-30,,1.6995,1.0880,0.9500,293.00,2.4438,1.0120
1976-12-31,,1.7010,1.0890,0.9450,293.08,2.4474,1.0094
1977-01-03,,1.7040,1.0900,0.9490,292.48,2.4420,1.0075
1977-01-04,,1.7085,1.0850,0.9490,291.72,2.4456,1.0049
1977-01-05,,1.7107,1.0868,0.9488,292.31,2.4516,1.0019
1977-01-06,,1.7055,1.0856,0.9487,292.91,2.4558,1.0028
1977-01-07,,1.7060,1.0860,0.9500,292.83,2.4637,1.0048
1977-01-10,,1.7087,1.0837,0.9469,292.48,2.4826,1.0095
1977-01-11,,1.7077,1.0850,0.9480,292.48,2.4795,1.0097
1977-01-12,,1.7065,1.0850,0.9480,292.40,2.4752,1.0049
1977-01-13,,1.7110,1.0853,0.9496,292.57,2.4863,1.0071
1977-01-14,,1.7108,1.0852,0.9490,292.06,2.4925,1.0015
1977-01-17,,1.7138,1.0825,0.9455,291.72,2.4925,1.0115
1977-01-18,,1.7155,1.0828,0.9463,291.21,2.5075,1.0139
1977-01-19,,1.7185,1.0822,0.9468,289.60,2.5075,1.0115
1977-01-20,,1.7165,1.0849,0.9481,290.28,2.5044,1.0089
1977-01-21,,1.7162,1.0865,0.9510,290.44,2.5050,1.0107
1977-01-24,,1.7188,1.0842,0.9474,290.11,2.5208,1.0110
1977-01-25,,1.7195,1.0841,0.9479,289.27,2.5253,1.0138
1977-01-26,,1.7184,1.0870,0.9478,288.18,2.5246,1.0165
1977-01-27,,1.7162,1.0853,0.9474,289.10,2.5432,1.0206
1977-01-28,,1.7130,1.0865,0.9500,289.52,2.5284,1.0230
1977-01-31,,1.7150,1.0868,0.9510,288.43,2.5063,1.0200
1977-02-01,,1.7153,1.0856,0.9479,288.02,2.5151,1.0234
1977-02-02,,1.7160,1.0865,0.9515,288.27,2.5145,1.0230
1977-02-03,,1.7133,1.0848,0.9475,288.35,2.5170,1.0222
1977-02-04,,1.7147,1.0863,0.9500,288.10,2.5195,1.0220
1977-02-07,,1.7145,1.0865,0.9474,287.94,2.5119,1.0224
1977-02-08,,1.7157,1.0875,0.9510,287.11,2.5183,1.0238
1977-02-09,,1.7177,1.0895,0.9530,285.96,2.5145,1.0224
1977-02-10,,1.7158,1.0895,0.9535,285.63,2.5170,1.0216
1977-02-11,,1.7123,1.0905,0.9530,285.06,2.5157,1.0244
1977-02-14,,1.6969,1.0880,0.9489,281.69,2.5038,1.0243
1977-02-15,,1.7035,1.0913,0.9515,283.93,2.5151,1.0245
1977-02-16,,1.7066,1.0910,0.9540,283.77,2.5151,1.0264
1977-02-17,,1.7054,1.0918,0.9535,282.97,2.5126,1.0250
1977-02-18,,1.7043,1.0945,0.9535,283.45,2.5100,1.0289
1977-02-21,,,,,,,
1977-02-22,,1.7072,1.0960,0.9537,283.37,2.5233,1.0310
1977-02-23,,1.7077,1.0950,0.9540,283.45,2.5297,1.0328
1977-02-24,,1.7079,1.0940,0.9535,283.53,2.5458,1.0398
1977-02-25,,1.7085,1.0926,0.9540,282.01,2.5432,1.0449
1977-02-28,,1.7130,1.0960,0.9550,282.81,2.5549,1.0465
1977-03-01,,1.7132,1.0960,0.9550,282.49,2.5530,1.0481
1977-03-02,,1.7144,1.0970,0.9550,281.53,2.5536,1.0431
1977-03-03,,1.7136,1.0985,0.9550,281.29,2.5523,1.0434
1977-03-04,,1.7145,1.0975,0.9555,282.09,2.5471,1.0505
1977-03-07,,1.7171,1.0975,0.9555,281.93,2.5510,1.0479
1977-03-08,,1.7175,1.0980,0.9565,282.09,2.5569,1.0467
1977-03-09,,1.7181,1.0968,0.9560,282.33,2.5621,1.0483
1977-03-10,,1.7158,1.0970,0.9560,282.01,2.5582,1.0610
1977-03-11,,1.7180,1.0968,0.9555,282.01,2.5582,1.0557
1977-03-14,,1.7192,1.0985,0.9565,281.21,2.5556,1.0515
1977-03-15,,1.7190,1.0978,0.9550,281.53,2.5582,1.0553
1977-03-16,,1.7193,1.0970,0.9560,281.85,2.5575,1.0517
1977-03-17,,1.7189,1.0976,0.9560,281.69,2.5517,1.0513
1977-03-18,,1.7168,1.0987,0.9560,280.82,2.5484,1.0543
1977-03-21,,1.7173,1.1006,0.9565,279.10,2.5471,1.0496
1977-03-22,,1.7164,1.1002,0.9580,278.94,2.5342,1.0491
1977-03-23,,1.7180,1.1025,0.9585,277.24,2.5407,1.0529
1977-03-24,,1.7178,1.1023,0.9590,278.47,2.5530,1.0515
1977-03-25,,1.7175,1.1012,0.9585,278.32,2.5465,1.0507
1977-03-28,,1.7183,1.1040,0.9585,276.85,2.5426,1.0499
1977-03-29,,1.7191,1.1038,0.9600,276.63,2.5452,1.0549
1977-03-30,,1.7206,1.1030,0.9600,277.24,2.5439,1.0544
1977-03-31,,1.7200,1.1028,0.9600,277.55,2.5439,1.0571
1977-04-01,,1.7194,1.1042,0.9600,276.17,2.5445,1.0525
1977-04-04,,1.7198,1.1050,0.9605,274.65,2.5407,1.0576
1977-04-05,,1.7197,1.1065,0.9615,273.00,2.5419,1.0560
1977-04-06,,1.7188,1.1065,0.9620,273.22,2.5381,1.0549
1977-04-07,,1.7187,1.1067,0.9620,273.60,2.5342,1.0573
1977-04-08,,1.7183,1.1067,0.9620,273.22,2.5342,1.0563
1977-04-11,,1.7185,1.1080,0.9625,271.30,2.5349,1.0552
1977-04-12,,1.7191,1.1105,0.9625,270.71,2.5221,1.0533
1977-04-13,,1.7196,1.1095,0.9635,272.55,2.5170,1.0515
1977-04-14,,1.7182,1.1070,0.9635,273.37,2.5233,1.0494
1977-04-15,,1.7180,1.1065,0.9630,273.82,2.5132,1.0509
1977-04-18,,1.7194,1.1055,0.9620,275.33,2.5119,1.0519
1977-04-19,,1.7191,1.1045,0.9615,275.79,2.5189,1.0496
1977-04-20,,1.7196,1.1027,0.9600,278.78,2.5253,1.0470
1977-04-21,,1.7192,1.1038,0.9610,276.85,2.5221,1.0492
1977-04-22,,1.7182,1.1030,0.9595,277.78,2.5221,1.0489
1977-04-25,,1.7188,1.1020,0.9600,278.01,2.5208,1.0471
1977-04-26,,1.7191,1.1020,0.9600,278.32,2.5329,1.0487
1977-04-27,,1.7198,1.1025,0.9600,278.01,2.5227,1.0482
1977-04-28,,1.7192,1.1045,0.9605,277.09,2.5176,1.0484
1977-04-29,,1.7192,1.1030,0.9595,277.78,2.5170,1.0476
1977-05-02,,1.7195,1.1030,0.9600,278.01,2.5202,1.0455
1977-05-03,,1.7194,1.1028,0.9600,278.16,2.5272,1.0469
1977-05-04,,1.7196,1.1040,0.9600,276.70,2.5183,1.0467
1977-05-05,,1.7186,1.1050,0.9610,275.94,2.5195,1.0471
1977-05-06,,1.7181,1.1045,0.9610,276.85,2.5208,1.0474
1977-05-09,,1.7189,1.1025,0.9605,278.01,2.5259,1.0494
1977-05-10,,1.7190,1.1035,0.9600,277.47,2.5233,1.0474
1977-05-11,,1.7196,1.1024,0.9600,277.93,2.5278,1.0483
1977-05-12,,1.7189,1.1020,0.9600,278.01,2.5233,1.0502
1977-05-13,,1.7187,1.1028,0.9595,277.62,2.5265,1.0503
1977-05-16,,1.7188,1.1026,0.9595,277.70,2.5265,1.0487
1977-05-17,,1.7187,1.1030,0.9595,277.55,2.5208,1.0470
1977-05-18,,1.7185,1.1030,0.9595,277.39,2.5202,1.0472
1977-05-19,,1.7178,1.1030,0.9595,276.97,2.5195,1.0482
1977-05-20,,1.7174,1.1035,0.9600,277.24,2.5195,1.0505
1977-05-23,,1.7172,1.1027,0.9600,277.55,2.5189,1.0494
1977-05-24,,1.7165,1.1023,0.9600,277.78,2.5167,1.0505
1977-05-25,,1.7193,1.1030,0.9600,277.39,2.5138,1.0503
1977-05-26,,1.7171,1.1030,0.9605,277.12,2.5044,1.0491
1977-05-27,,1.7168,1.1030,0.9600,277.28,2.5075,1.0492
1977-05-30,,,,,,,
1977-05-31,,1.7191,1.1030,0.9600,277.28,2.5047,1.0513
1977-06-01,,1.7190,1.1035,0.9605,277.32,2.5000,1.0539
1977-06-02,,1.7169,1.1037,0.9600,276.55,2.4931,1.0560
1977-06-03,,1.7177,1.1041,0.9605,276.28,2.4882,1.0544
1977-06-06,,1.7182,1.1046,0.9605,275.18,2.4851,1.0540
1977-06-07,,1.7185,1.1052,0.9610,275.56,2.4944,1.0563
1977-06-08,,1.7184,1.1060,0.9610,274.42,2.4928,1.0542
1977-06-09,,1.7182,1.1067,0.9615,273.75,2.4900,1.0534
1977-06-10,,1.7186,1.1075,0.9625,273.67,2.4922,1.0561
1977-06-13,,1.7193,1.1095,0.9630,271.81,2.4919,1.0560
1977-06-14,,1.7192,1.1086,0.9635,272.33,2.4913,1.0576
1977-06-15,,1.7196,1.1070,0.9630,272.78,2.4907,1.0559
1977-06-16,,1.7192,1.1090,0.9630,272.44,2.4883,1.0564
1977-06-17,,1.7194,1.1077,0.9630,272.70,2.4891,1.0579
1977-06-20,,1.7196,1.1080,0.9625,272.78,2.4963,1.0593
1977-06-21,,1.7194,1.1083,0.9630,272.44,2.5019,1.0610
1977-06-22,,1.7196,1.1088,0.9630,271.74,2.4959,1.0595
1977-06-23,,1.7197,1.1088,0.9635,271.81,2.4931,1.0600
1977-06-24,,1.7196,1.1090,0.9640,272.00,2.4935,1.0598
1977-06-27,,1.7201,1.1100,0.9640,271.48,2.4863,1.0627
1977-06-28,,1.7203,1.1106,0.9642,270.86,2.4839,1.0622
1977-06-29,,1.7209,1.1145,0.9645,267.45,2.4634,1.0621
1977-06-30,,1.7197,1.1150,0.9665,267.59,2.4667,1.0599
1977-07-01,,1.7197,1.1145,0.9670,267.13,2.4612,1.0597
1977-07-04,,,,,,,
1977-07-05,,1.7202,1.1188,0.9690,264.90,2.4346,1.0581
1977-07-06,,1.7206,1.1188,0.9700,265.39,2.4349,1.0590
1977-07-07,,1.7197,1.1200,0.9695,264.69,2.4257,1.0604
1977-07-08,,1.7195,1.1197,0.9700,264.76,2.4237,1.0602
1977-07-11,,1.7200,1.1224,0.9710,263.09,2.4091,1.0590
1977-07-12,,1.7199,1.1220,0.9720,264.48,2.4190,1.0581
1977-07-13,,1.7205,1.1230,0.9715,264.27,2.4114,1.0598
1977-07-14,,,,,,,
1977-07-15,,1.7195,1.1203,0.9710,265.32,2.4140,1.0596
1977-07-18,,1.7199,1.1225,0.9710,263.99,2.4018,1.0589
1977-07-19,,1.7200,1.1245,0.9720,264.27,2.4010,1.0591
1977-07-20,,1.7203,1.1233,0.9723,264.83,2.3987,1.0608
1977-07-21,,1.7194,1.1240,0.9725,264.76,2.4041,1.0626
1977-07-22,,1.7196,1.1235,0.9720,264.24,2.3964,1.0604
1977-07-25,,1.7198,1.1250,0.9720,264.34,2.3841,1.0612
1977-07-26,,1.7201,1.1245,0.9727,264.41,2.3832,1.0654
1977-07-27,,1.7370,1.1253,0.9755,264.76,2.3872,1.0661
1977-07-28,,1.7372,1.1242,0.9755,265.96,2.4004,1.0662
1977-07-29,,1.7365,1.1218,0.9740,266.81,2.4096,1.0689
1977-08-01,,1.7375,1.1200,0.9710,267.13,2.4099,1.0708
1977-08-02,,1.7377,1.1212,0.9725,266.52,2.4010,1.0737
1977-08-03,,1.7385,1.1043,0.9700,265.57,2.4030,1.0745
1977-08-04,,1.7394,1.1055,0.9625,265.53,2.4091,1.0734
1977-08-05,,1.7387,1.1045,0.9675,265.85,2.3987,1.0719
1977-08-08,,1.7373,1.1039,0.9700,266.24,2.4120,1.0735
1977-08-09,,1.7381,1.1040,0.9690,265.96,2.4076,1.0760
1977-08-10,,1.7390,1.1027,0.9685,266.06,2.4175,1.0784
1977-08-11,,1.7380,1.1032,0.9690,265.96,2.4143,1.0750
1977-08-12,,1.7378,1.1025,0.9680,266.38,2.4225,1.0784
1977-08-15,,1.7391,1.0998,0.9675,267.92,2.4254,1.0762
1977-08-16,,1.7403,1.1000,0.9670,267.67,2.4438,1.0772
1977-08-17,,1.7407,1.1020,0.9670,266.74,2.4352,1.0753
1977-08-18,,1.7395,1.1006,0.9670,266.74,2.4278,1.0765
1977-08-19,,1.7403,1.1008,0.9665,267.27,2.4195,1.0764
1977-08-22,,1.7397,1.1018,0.9675,266.70,2.4131,1.0757
1977-08-23,,1.7401,1.1020,0.9670,266.77,2.4015,1.0732
1977-08-24,,1.7407,1.1030,0.9685,266.21,2.3776,1.0718
1977-08-25,,1.7412,1.1028,0.9685,267.31,2.3921,1.0735
1977-08-26,,1.7419,1.1075,0.9705,267.09,2.3745,1.0756
1977-08-29,,1.7416,1.1070,0.9690,267.06,2.4004,1.0758
1977-08-30,,1.7422,1.1040,0.9680,267.40,2.3923,1.0763
1977-08-31,,1.7428,1.1040,0.9680,267.50,2.3946,1.0748
1977-09-01,,1.7422,1.1025,0.9680,268.17,2.3941,1.0734
1977-09-02,,1.7416,1.1030,0.9680,267.97,2.3943,1.0734
1977-09-05,,,,,,,
1977-09-06,,1.7411,1.1020,0.9675,267.59,2.3946,1.0752
1977-09-07,,1.7430,1.1030,0.9675,266.81,2.3827,1.0744
1977-09-08,,1.7429,1.1030,0.9685,266.88,2.3815,1.0728
1977-09-09,,1.7424,1.1022,0.9680,266.84,2.3869,1.0737
1977-09-12,,1.7432,1.1025,0.9680,266.67,2.3889,1.0746
1977-09-13,,1.7434,1.1025,0.9680,266.84,2.3889,1.0724
1977-09-14,,1.7440,1.1025,0.9680,267.13,2.3906,1.0731
1977-09-15,,1.7437,1.1030,0.9680,267.06,2.3861,1.0730
1977-09-16,,1.7427,1.1032,0.9685,267.09,2.3835,1.0741
1977-09-19,,1.7419,1.1035,0.9675,266.92,2.3804,1.0742
1977-09-20,,1.7414,1.1035,0.9675,266.88,2.3677,1.0733
1977-09-21,,1.7427,1.1040,0.9680,266.88,2.3666,1.0720
1977-09-22,,1.7430,1.1050,0.9680,266.81,2.3613,1.0718
1977-09-23,,1.7428,1.1038,0.9675,266.81,2.3590,1.0731
1977-09-26,,1.7438,1.1047,0.9685,266.70,2.3513,1.0730
1977-09-27,,1.7433,1.1040,0.9685,266.63,2.3657,1.0718
1977-09-28,,1.7443,1.1050,0.9685,266.67,2.3518,1.0731
1977-09-29,,1.7449,1.1060,0.9685,265.11,2.3419,1.0741
1977-09-30,,1.7476,1.1090,0.9700,263.71,2.3474,1.0737
1977-10-03,,1.7559,1.1135,0.9760,260.72,2.3364,1.0774
1977-10-04,,1.7555,1.1095,0.9745,260.82,2.3359,1.0806
1977-10-05,,1.7572,1.1115,0.9760,261.10,2.3355,1.0820
1977-10-06,,1.7596,1.1040,0.9760,258.55,2.3213,1.0855
1977-10-07,,1.7587,1.1165,0.9780,257.60,2.3132,1.0873
1977-10-10,,,,,,,
1977-10-11,,1.7591,1.1150,0.9775,257.80,2.3127,1.0891
1977-10-12,,1.7619,1.1170,0.9775,256.81,2.3052,1.0909
1977-10-13,,1.7641,1.1215,0.9800,254.97,2.2962,1.0989
1977-10-14,,1.7677,1.1210,0.9810,253.00,2.2800,1.0988
1977-10-17,,1.7722,1.1233,0.9830,252.53,2.2671,1.1061
1977-10-18,,1.7741,1.1230,0.9830,252.21,2.2591,1.1095
1977-10-19,,1.7732,1.1216,0.9830,254.45,2.2578,1.1040
1977-10-20,,1.7705,1.1205,0.9840,254.19,2.2607,1.1069
1977-10-21,,1.7694,1.1212,0.9820,254.32,2.2568,1.1050
1977-10-24,,1.7743,1.1235,0.9840,251.95,2.2321,1.1099
1977-10-25,,1.7766,1.1220,0.9850,252.33,2.2386,1.1130
1977-10-26,,1.7780,1.1220,0.9845,251.60,2.2366,1.1121
1977-10-27,,1.7767,1.1242,0.9865,250.31,2.2427,1.1102
1977-10-28,,1.7774,1.1215,0.9840,250.50,2.2394,1.1025
1977-10-31,,1.8395,1.1275,0.9950,249.13,2.2329,1.1083
1977-11-01,,1.8440,1.1325,0.9970,246.73,2.2148,1.1035
1977-11-02,,1.8335,1.1295,0.9955,248.32,2.2242,1.1062
1977-11-03,,1.8090,1.1250,0.9900,247.74,2.2146,1.1069
1977-11-04,,1.8050,1.1250,0.9880,249.00,2.2217,1.1091
1977-11-07,,1.8033,1.1250,0.9885,248.69,2.2242,1.1086
1977-11-08,,,,,,,
1977-11-09,,1.8090,1.1265,0.9970,247.10,2.2232,1.1136
1977-11-10,,1.8195,1.1258,0.9930,246.18,2.2114,1.1094
1977-11-11,,,,,,,
1977-11-14,,1.8158,1.1259,0.9920,245.10,2.2043,1.1123
1977-11-15,,1.8159,1.1245,0.9925,245.28,2.2060,1.1114
1977-11-16,,1.8180,1.1250,0.9920,245.25,2.1968,1.1088
1977-11-17,,1.8187,1.1230,0.9915,245.40,2.2095,1.1101
1977-11-18,,1.8245,1.1250,0.9935,243.49,2.2012,1.1099
1977-11-21,,1.8170,1.1290,0.9970,242.78,2.1988,1.1090
1977-11-22,,1.8170,1.1303,0.9940,240.64,2.1935,1.1107
1977-11-23,,1.8195,1.1305,0.9975,239.75,2.1894,1.1111
1977-11-24,,,,,,,
1977-11-25,,1.8185,1.1303,0.9975,239.98,2.1598,1.1107
1977-11-28,,1.8186,1.1296,0.9980,240.24,2.1455,1.1090
1977-11-29,,1.8141,1.1255,0.9955,243.66,2.1568,1.1089
1977-11-30,,1.8170,1.1260,0.9945,244.02,2.1612,1.1078
1977-12-01,,1.8168,1.1280,0.9955,243.07,2.1441,1.1085
1977-12-02,,1.8205,1.1300,0.9970,242.51,2.1386,1.1082
1977-12-05,,1.8305,1.1305,0.9990,242.01,2.1249,1.1072
1977-12-06,,1.8215,1.1317,1.0015,241.60,2.1263,1.1028
1977-12-07,,1.8257,1.1295,0.9990,241.43,2.1213,1.0989
1977-12-08,,1.8273,1.1307,1.0005,241.72,2.1272,1.0898
1977-12-09,,1.8303,1.1300,1.0000,242.37,2.1390,1.0922
1977-12-12,,1.8309,1.1310,1.0010,241.78,2.1236,1.0955
1977-12-13,,1.8403,1.1325,1.0015,240.53,2.1061,1.0997
1977-12-14,,1.8470,1.1365,1.0070,237.81,2.0781,1.0973
1977-12-15,,1.8465,1.1335,1.0060,239.12,2.0695,1.0971
1977-12-16,,1.8540,1.1325,1.0045,240.59,2.0597,1.0975
1977-12-19,,1.8730,1.1350,1.0100,241.02,2.0251,1.0916
1977-12-20,,1.8785,1.1380,1.0175,240.50,2.0292,1.0913
1977-12-21,,1.8848,1.1377,1.0155,240.38,2.0149,1.0937
1977-12-22,,1.8540,1.1330,1.0090,241.55,2.0450,1.0952
1977-12-23,,1.8655,1.1330,1.0040,241.66,2.0513,1.0950
1977-12-26,,,,,,,
1977-12-27,,1.8780,1.1345,1.0050,241.37,2.0576,1.0961
1977-12-28,,1.8940,1.1390,1.0175,240.44,2.0342,1.0973
1977-12-29,,1.9100,1.1410,1.0165,240.04,2.0121,1.0943
1977-12-30,,1.9170,1.1380,1.0160,239.98,1.9932,1.0946
1978-01-02,,,,,,,
1978-01-03,,1.9610,1.1460,1.0230,237.59,1.9260,1.0918
1978-01-04,,1.9600,1.1500,1.0335,237.42,1.9275,1.0933
1978-01-05,,1.8865,1.1375,1.0033,241.08,2.0429,1.0948
1978-01-06,,1.9300,1.1380,1.0145,240.38,2.0000,1.0941
1978-01-09,,1.9165,1.1360,1.0170,241.46,2.0202,1.0985
1978-01-10,,1.9180,1.1365,1.0150,241.49,2.0109,1.1010
1978-01-11,,1.9405,1.1395,1.0200,240.50,1.9790,1.1007
1978-01-12,,1.9250,1.1360,1.0175,241.60,1.9920,1.0982
1978-01-13,,1.9300,1.1368,1.0175,241.49,1.9782,1.0989
1978-01-16,,1.9280,1.1358,1.0180,241.60,1.9685,1.0989
1978-01-17,,1.9230,1.1357,1.0185,242.01,1.9940,1.0998
1978-01-18,,1.9240,1.1345,1.0170,242.42,2.0141,1.1002
1978-01-19,,1.9323,1.1370,1.0195,242.13,2.0025,1.1055
1978-01-20,,1.9315,1.1328,1.0159,241.85,2.0040,1.1050
1978-01-23,,1.9417,1.1390,1.0210,241.46,1.9841,1.1056
1978-01-24,,1.9464,1.1385,1.0230,241.66,1.9708,1.1035
1978-01-25,,1.9528,1.1395,1.0230,241.25,1.9581,1.1068
1978-01-26,,1.9519,1.1395,1.0230,240.56,1.9771,1.1064
1978-01-27,,1.9465,1.1385,1.0240,241.37,1.9881,1.1080
1978-01-30,,1.9475,1.1372,1.0220,241.78,1.9869,1.1071
1978-01-31,,1.9475,1.1380,1.0230,241.60,1.9881,1.1078
1978-02-01,,1.9481,1.1365,1.0215,241.60,1.9861,1.1088
1978-02-02,,1.9492,1.1365,1.0220,241.81,1.9786,1.1093
1978-02-03,,1.9410,1.1360,1.0185,241.84,1.9677,1.1089
1978-02-06,,1.9382,1.1354,1.0180,241.14,1.9639,1.1104
1978-02-07,,1.9325,1.1337,1.0153,241.43,1.9600,1.1116
1978-02-08,,1.9335,1.1350,1.0150,241.49,1.9650,1.1102
1978-02-09,,1.9351,1.1352,1.0200,241.55,1.9583,1.1084
1978-02-10,,1.9355,1.1355,1.0195,241.58,1.9482,1.1106
1978-02-13,,,,,,,
1978-02-14,,1.9358,1.1360,1.0190,240.70,1.9201,1.1119
1978-02-15,,1.9350,1.1355,1.0190,240.67,1.9201,1.1140
1978-02-16,,1.9415,1.1365,1.0205,240.15,1.8997,1.1152
1978-02-17,,1.9447,1.1353,1.0235,239.81,1.8832,1.1177
1978-02-20,,,,,,,
1978-02-21,,1.9448,1.1363,1.0245,238.41,1.8382,1.1180
1978-02-22,,1.9475,1.1370,1.0250,238.83,1.8265,1.1162
1978-02-23,,1.9530,1.1390,1.0260,238.15,1.7960,1.1156
1978-02-24,,1.9250,1.1300,1.0210,240.21,1.8519,1.1159
1978-02-27,,1.9320,1.1355,1.0220,239.23,1.8868,1.1159
1978-02-28,,1.9410,1.1365,1.0220,238.10,1.8205,1.1150
1978-03-01,,1.9390,1.1383,1.0255,238.27,1.8365,1.1171
1978-03-02,,1.9410,1.1372,1.0250,238.41,1.8365,1.1188
1978-03-03,,1.9390,1.1375,1.0247,237.02,1.8587,1.1209
1978-03-06,,1.9370,1.1375,1.0235,236.41,1.8779,1.1207
1978-03-07,,1.9370,1.1375,1.0235,235.57,1.8790,1.1242
1978-03-08,,1.9343,1.1400,1.0260,234.41,1.8918,1.1260
1978-03-09,,1.9260,1.1390,1.0245,235.02,1.9701,1.1249
1978-03-10,,1.9015,1.1325,1.0180,235.90,1.9569,1.1230
1978-03-13,,1.9090,1.1355,1.0160,234.03,1.9486,1.1237
1978-03-14,,1.9150,1.1348,1.0195,233.05,1.9436,1.1251
1978-03-15,,1.9060,1.1365,1.0240,233.05,1.9357,1.1233
1978-03-16,,1.9140,1.1380,1.0210,235.63,1.8797,1.1237
1978-03-17,,1.9075,1.1380,1.0245,231.00,1.9001,1.1256
1978-03-20,,1.9038,1.1386,1.0210,231.16,1.9205,1.1246
1978-03-21,,1.8990,1.1370,1.0210,230.63,1.9354,1.1259
1978-03-22,,1.8980,1.1368,1.0200,230.36,1.9153,1.1263
1978-03-23,,1.8745,1.1372,1.0200,230.02,1.9102,1.1257
1978-03-24,,1.8750,1.1380,1.0190,228.00,1.9011,1.1283
1978-03-27,,1.8810,1.1400,1.0210,225.23,1.8847,1.1313
1978-03-28,,1.8835,1.1420,1.0220,225.02,1.8904,1.1342
1978-03-29,,1.8787,1.1455,1.0260,222.27,1.8825,1.1353
1978-03-30,,1.8640,1.1420,1.0195,222.37,1.8797,1.1335
1978-03-31,,1.8620,1.1416,1.0200,229.89,1.8315,1.1322
1978-04-03,,1.8645,1.1472,1.0290,218.34,1.8501,1.1375
1978-04-04,,1.8676,1.1455,1.0230,219.30,1.8815,1.1358
1978-04-05,,1.8730,1.1440,1.0250,218.96,1.8709,1.1407
1978-04-06,,1.8735,1.1452,1.0265,218.63,1.8653,1.1384
1978-04-07,,1.8746,1.1441,1.0250,220.12,1.8692,1.1422
1978-04-10,,1.8753,1.1450,1.0250,219.83,1.8560,1.1427
1978-04-11,,1.8800,1.1465,1.0270,219.33,1.8587,1.1432
1978-04-12,,1.8750,1.1467,1.0270,218.72,1.8657,1.1480
1978-04-13,,1.8630,1.1442,1.0240,219.35,1.8779,1.1515
1978-04-14,,1.8560,1.1442,1.0225,219.40,1.8868,1.1541
1978-04-17,,1.8460,1.1418,1.0200,220.60,1.9011,1.1416
1978-04-18,,1.8440,1.1400,1.0195,221.53,1.9109,1.1447
1978-04-19,,1.8408,1.1405,1.0185,221.88,1.9298,1.1477
1978-04-20,,1.8240,1.1328,1.0120,226.76,1.9794,1.1460
1978-04-21,,1.8275,1.1320,1.0100,225.89,1.9505,1.1448
1978-04-24,,1.8215,1.1282,1.0080,228.10,1.9569,1.1409
1978-04-25,,1.8147,1.1280,1.0070,227.58,1.9581,1.1338
1978-04-26,,1.8166,1.1314,1.0090,225.63,1.9627,1.1346
1978-04-27,,1.8330,1.1350,1.0105,222.22,1.9286,1.1343
1978-04-28,,1.8230,1.1322,1.0150,224.97,1.9444,1.1312
1978-05-01,,1.8255,1.1315,1.0110,225.78,1.9455,1.1283
1978-05-02,,1.8263,1.1310,1.0115,226.07,1.9662,1.1275
1978-05-03,,1.8250,1.1308,1.0115,226.14,1.9627,1.1280
1978-05-04,,1.8280,1.1305,1.0095,224.77,1.9459,1.1266
1978-05-05,,1.8272,1.1315,1.0115,224.59,1.9501,1.1274
1978-05-08,,1.8180,1.1305,1.0090,225.12,1.9755,1.1250
1978-05-09,,1.8110,1.1275,1.0075,225.38,1.9751,1.1238
1978-05-10,,1.8242,1.1290,1.0070,224.92,1.9646,1.1197
1978-05-11,,1.8180,1.1300,1.0015,225.23,1.9745,1.1173
1978-05-12,,1.8190,1.1275,1.0075,225.63,1.9912,1.1154
1978-05-15,,1.8207,1.1280,1.0075,226.22,1.9910,1.1123
1978-05-16,,1.8090,1.1245,1.0050,228.41,1.9960,1.1086
1978-05-17,,1.8120,1.1238,1.0035,227.95,1.9910,1.1102
1978-05-18,,1.8173,1.1270,1.0045,227.53,1.9716,1.1143
1978-05-19,,1.8070,1.1245,1.0055,228.00,1.9802,1.1123
1978-05-22,,1.8132,1.1230,1.0025,228.83,1.9751,1.1120
1978-05-23,,1.8093,1.1245,1.0055,229.04,1.9736,1.1136
1978-05-24,,1.8122,1.1245,1.0040,228.41,1.9697,1.1151
1978-05-25,,1.8125,1.1260,1.0045,225.84,1.9569,1.1168
1978-05-26,,1.8124,1.1235,1.0050,225.68,1.9489,1.1140
1978-05-29,,1.8170,1.1267,1.0065,225.05,1.9384,1.1187
1978-05-30,,,,,,,
1978-05-31,,1.8335,1.1306,1.0110,221.34,1.8904,1.1231
1978-06-01,,1.8257,1.1315,1.0110,221.51,1.8921,1.1194
1978-06-02,,1.8230,1.1327,1.0120,221.24,1.8839,1.1179
1978-06-05,,1.8200,1.1335,1.0120,220.99,1.9380,1.1192
1978-06-06,,1.8245,1.1330,1.0140,220.99,1.9131,1.1189
1978-06-07,,1.8229,1.1322,1.0130,220.99,1.9095,1.1216
1978-06-08,,1.8247,1.1335,1.0145,220.90,1.8965,1.1182
1978-06-09,,1.8264,1.1330,1.0130,220.60,1.8947,1.1206
1978-06-12,,1.8380,1.1340,1.0160,218.01,1.8893,1.1211
1978-06-13,,1.8338,1.1360,1.0170,216.92,1.8965,1.1218
1978-06-14,,1.8330,1.1375,1.0160,215.38,1.8886,1.1213
1978-06-15,,1.8300,1.1365,1.0150,216.17,1.9044,1.1198
1978-06-16,,1.8310,1.1342,1.0155,215.89,1.8930,1.1192
1978-06-19,,1.8344,1.1385,1.0190,213.49,1.8925,1.1199
1978-06-20,,1.8400,1.1405,1.0215,211.15,1.8751,1.1222
1978-06-21,,1.8497,1.1412,1.0230,210.66,1.8643,1.1244
1978-06-22,,1.8380,1.1400,1.0230,211.10,1.8822,1.1233
1978-06-23,,1.8485,1.1445,1.0250,207.47,1.8646,1.1236
1978-06-26,,1.8484,1.1444,1.0265,206.06,1.8646,1.1268
1978-06-27,,1.8470,1.1455,1.0260,205.93,1.8685,1.1260
1978-06-28,,1.8544,1.1460,1.0265,205.97,1.8598,1.1246
1978-06-29,,1.8650,1.1470,1.0280,205.21,1.8560,1.1251
1978-06-30,,1.8610,1.1475,1.0300,203.71,1.8512,1.1247
1978-07-03,,1.8674,1.1490,1.0310,202.43,1.8305,1.1231
1978-07-04,,,,,,,
1978-07-05,,1.8693,1.1490,1.0310,201.61,1.8172,1.1215
1978-07-06,,1.8675,1.1482,1.0310,203.09,1.8345,1.1238
1978-07-07,,1.8735,1.1475,1.0325,202.35,1.8205,1.1249
1978-07-10,,1.8895,1.1500,1.0390,201.69,1.8085,1.1226
1978-07-11,,1.8840,1.1475,1.0355,202.86,1.8141,1.1220
1978-07-12,,1.8850,1.1450,1.0340,203.29,1.8202,1.1226
1978-07-13,,1.8850,1.1465,1.0350,202.65,1.8149,1.1252
1978-07-14,,1.8820,1.1468,1.0345,202.59,1.8152,1.1237
1978-07-17,,1.8795,1.1445,1.0340,203.79,1.8355,1.1232
1978-07-18,,1.8835,1.1455,1.0345,202.55,1.8292,1.1254
1978-07-19,,1.8950,1.1455,1.0355,201.53,1.8141,1.1241
1978-07-20,,1.9035,1.1455,1.0370,201.57,1.8034,1.1237
1978-07-21,,1.9110,1.1485,1.0410,200.94,1.7931,1.1241
1978-07-24,,1.9240,1.1515,1.0460,198.02,1.7790,1.1250
1978-07-25,,1.9255,1.1527,1.0460,195.47,1.7778,1.1241
1978-07-26,,1.9105,1.1548,1.0475,194.10,1.7854,1.1238
1978-07-27,,1.9072,1.1545,1.0455,193.65,1.7921,1.1270
1978-07-28,,1.9240,1.1575,1.0480,190.59,1.7590,1.1307
1978-07-31,,1.9310,1.1574,1.0515,189.14,1.7361,1.1315
1978-08-01,,1.9270,1.1607,1.0550,186.57,1.7331,1.1381
1978-08-02,,1.9280,1.1583,1.0517,186.29,1.7123,1.1395
1978-08-03,,1.9295,1.1575,1.0530,188.32,1.7079,1.1374
1978-08-04,,1.9250,1.1550,1.0525,190.19,1.7271,1.1379
1978-08-07,,1.9292,1.1550,1.0525,188.79,1.7071,1.1383
1978-08-08,,1.9340,1.1580,1.0535,187.34,1.6920,1.1397
1978-08-09,,1.9485,1.1595,1.0585,187.62,1.6861,1.1362
1978-08-10,,1.9525,1.1600,1.0585,186.67,1.6798,1.1338
1978-08-11,,1.9640,1.1615,1.0615,185.53,1.6480,1.1361
1978-08-14,,1.9805,1.1635,1.0640,183.76,1.5873,1.1384
1978-08-15,,1.9720,1.1630,1.0680,185.29,1.6077,1.1393
1978-08-16,,1.9760,1.1635,1.0635,184.64,1.5936,1.1386
1978-08-17,,1.9390,1.1540,1.0550,188.32,1.6529,1.1377
1978-08-18,,1.9400,1.1535,1.0550,188.86,1.6447,1.1386
1978-08-21,,1.9278,1.1445,1.0480,193.01,1.6681,1.1384
1978-08-22,,1.9300,1.1495,1.0510,191.31,1.6653,1.1403
1978-08-23,,1.9260,1.1450,1.0480,191.90,1.6681,1.1392
1978-08-24,,1.9298,1.1460,1.0510,191.02,1.6585,1.1380
1978-08-25,,1.9255,1.1440,1.0475,192.57,1.6811,1.1447
1978-08-28,,1.9220,1.1440,1.0465,193.35,1.6915,1.1477
1978-08-29,,1.9435,1.1490,1.0490,189.39,1.6447,1.1496
1978-08-30,,1.9410,1.1495,1.0530,189.07,1.6474,1.1503
1978-08-31,,1.9430,1.1500,1.0500,190.51,1.6407,1.1513
1978-09-01,,1.9500,1.1495,1.0520,190.80,1.6050,1.1513
1978-09-04,,,,,,,
1978-09-05,,1.9430,1.1535,1.0525,190.15,1.6170,1.1514
1978-09-06,,1.9423,1.1523,1.0510,190.00,1.6160,1.1546
1978-09-07,,1.9375,1.1500,1.0510,191.05,1.6175,1.1575
1978-09-08,,1.9362,1.1490,1.0515,192.90,1.6330,1.1561
1978-09-11,,1.9425,1.1480,1.0495,191.90,1.6215,1.1613
1978-09-12,,1.9452,1.1495,1.0525,191.50,1.6195,1.1631
1978-09-13,,1.9600,1.1525,1.0545,189.90,1.5960,1.1617
1978-09-14,,1.9590,1.1495,1.0530,190.15,1.5970,1.1608
1978-09-15,,1.9615,1.1528,1.0565,189.85,1.5940,1.1631
1978-09-18,,1.9587,1.1508,1.0550,190.80,1.5800,1.1670
1978-09-19,,1.9610,1.1517,1.0560,190.30,1.5710,1.1699
1978-09-20,,1.9785,1.1555,1.0600,188.80,1.5390,1.1699
1978-09-21,,1.9800,1.1577,1.0625,187.75,1.5160,1.1689
1978-09-22,,1.9720,1.1555,1.0555,188.25,1.5230,1.1732
1978-09-25,,1.9750,1.1580,1.0625,187.65,1.4920,1.1765
1978-09-26,,1.9700,1.1560,1.0610,189.15,1.4900,1.1777
1978-09-27,,1.9707,1.1565,1.0600,189.10,1.4970,1.1777
1978-09-28,,1.9725,1.1553,1.0600,189.20,1.5200,1.1829
1978-09-29,,1.9750,1.1550,1.0605,189.19,1.5500,1.1836
1978-10-02,,1.9715,1.1560,1.0600,188.85,1.5920,1.1893
1978-10-03,,1.9735,1.1585,1.0615,187.50,1.5740,1.1899
1978-10-04,,1.9820,1.1605,1.0645,187.00,1.5910,1.1862
1978-10-05,,1.9817,1.1615,1.0640,187.30,1.5890,1.1833
1978-10-06,,1.9810,1.1600,1.0625,188.40,1.5910,1.1809
1978-10-09,,,,,,,
1978-10-10,,1.9835,1.1595,1.0630,187.90,1.5720,1.1841
1978-10-11,,1.9922,1.1625,1.0680,185.85,1.5445,1.1850
1978-10-12,,1.9850,1.1645,1.0685,186.60,1.5440,1.1867
1978-10-13,,1.9860,1.1630,1.0670,185.90,1.5265,1.1848
1978-10-16,,1.9890,1.1670,1.0700,183.85,1.5200,1.1829
1978-10-17,,1.9960,1.1687,1.0740,182.25,1.5125,1.1816
1978-10-18,,1.9955,1.1715,1.0720,182.30,1.5095,1.1826
1978-10-19,,1.9935,1.1674,1.0700,183.25,1.5300,1.1851
1978-10-20,,2.0000,1.1715,1.0750,181.80,1.5150,1.1876
1978-10-23,,2.0070,1.1737,1.0780,181.55,1.5245,1.1841
1978-10-24,,2.0065,1.1710,1.0765,182.55,1.5300,1.1825
1978-10-25,,2.0290,1.1775,1.0795,179.55,1.5160,1.1841
1978-10-26,,2.0690,1.1805,1.0890,178.30,1.5090,1.1858
1978-10-27,,2.0625,1.1800,1.0880,179.00,1.5040,1.1747
1978-10-30,,2.0980,1.1860,1.0980,177.05,1.4710,1.1705
1978-10-31,,2.0760,1.1810,1.0985,179.50,1.5000,1.1671
1978-11-01,,2.0100,1.1650,1.0650,186.00,1.5900,1.1662
1978-11-02,,1.9950,1.1590,1.0690,187.85,1.6025,1.1677
1978-11-03,,1.9825,1.1530,1.0655,189.00,1.6210,1.1693
1978-11-06,,1.9765,1.1482,1.0595,190.25,1.6500,1.1670
1978-11-07,,,,,,,
1978-11-08,,1.9750,1.1520,1.0620,187.25,1.6160,1.1730
1978-11-09,,1.9720,1.1528,1.0630,187.90,1.6275,1.1721
1978-11-10,,1.9670,1.1515,1.0600,188.60,1.6230,1.1719
1978-11-13,,1.9670,1.1510,1.0600,188.45,1.6280,1.1726
1978-11-14,,1.9712,1.1500,1.0600,188.95,1.6320,1.1744
1978-11-15,,1.9674,1.1480,1.0585,191.00,1.6415,1.1785
1978-11-16,,1.9510,1.1427,1.0535,194.10,1.6890,1.1752
1978-11-17,,1.9280,1.1405,1.0480,195.60,1.7240,1.1744
1978-11-20,,1.9355,1.1370,1.0430,194.80,1.7410,1.1744
1978-11-21,,1.9435,1.1380,1.0465,195.00,1.7230,1.1751
1978-11-22,,1.9475,1.1380,1.0455,194.20,1.7240,1.1728
1978-11-23,,,,,,,
1978-11-24,,1.9395,1.1390,1.0450,195.05,1.7375,1.1779
1978-11-27,,1.9435,1.1345,1.0425,196.00,1.7360,1.1792
1978-11-28,,1.9478,1.1350,1.0440,196.75,1.7360,1.1749
1978-11-29,,1.9512,1.1355,1.0455,197.00,1.7220,1.1737
1978-11-30,,1.9440,1.1345,1.0460,199.10,1.7350,1.1718
1978-12-01,,1.9377,1.1270,1.0400,201.70,1.7355,1.1688
1978-12-04,,1.9470,1.1345,1.0445,197.65,1.7115,1.1732
1978-12-05,,1.9512,1.1335,1.0465,197.50,1.7085,1.1716
1978-12-06,,1.9510,1.1368,1.0465,197.55,1.7080,1.1730
1978-12-07,,1.9515,1.1345,1.0470,198.65,1.7065,1.1752
1978-12-08,,1.9605,1.1342,1.0460,198.10,1.7020,1.1751
1978-12-11,,1.9770,1.1385,1.0510,196.00,1.6930,1.1780
1978-12-12,,1.9728,1.1385,1.0505,196.35,1.6970,1.1763
1978-12-13,,1.9765,1.1395,1.0530,196.25,1.7055,1.1776
1978-12-14,,1.9755,1.1400,1.0525,195.55,1.6890,1.1819
1978-12-15,,1.9790,1.1403,1.0525,195.80,1.6850,1.1819
1978-12-18,,2.0040,1.1480,1.0600,193.05,1.6585,1.1846
1978-12-19,,2.0100,1.1513,1.0640,193.30,1.6430,1.1869
1978-12-20,,2.0100,1.1495,1.0625,194.60,1.6440,1.1833
1978-12-21,,1.9970,1.1415,1.0570,195.20,1.6540,1.1816
1978-12-22,,2.0040,1.1465,1.0580,194.10,1.6600,1.1823
1978-12-25,,,,,,,
1978-12-26,,2.0100,1.1465,1.0630,195.00,1.6475,1.1837
1978-12-27,,2.0370,1.1490,1.0645,194.50,1.6195,1.1882
1978-12-28,,2.0290,1.1510,1.0680,193.95,1.6250,1.1858
1978-12-29,,2.0415,1.1500,1.0640,194.30,1.6200,1.1867
1979-01-01,,,,,,,
1979-01-02,,2.0300,1.1518,1.0560,194.58,1.6230,1.1882
1979-01-03,,2.0260,1.1455,1.0600,196.60,1.6450,1.1919
1979-01-04,,2.0160,1.1440,1.0620,196.40,1.6490,1.1879
1979-01-05,,2.0195,1.1440,1.0610,196.65,1.6470,1.1844
1979-01-08,,2.0250,1.1458,1.0620,195.65,1.6440,1.1876
1979-01-09,,2.0185,1.1445,1.0630,196.65,1.6655,1.1886
1979-01-10,,2.0070,1.1415,1.0580,196.65,1.6615,1.1887
1979-01-11,,2.0005,1.1392,1.0565,198.25,1.6770,1.1876
1979-01-12,,1.9955,1.1387,1.0540,197.60,1.6860,1.1881
1979-01-15,,1.9923,1.1385,1.0535,197.80,1.7010,1.1886
1979-01-16,,2.0015,1.1395,1.0545,197.15,1.6820,1.1915
1979-01-17,,2.0060,1.1415,1.0575,196.80,1.6690,1.1898
1979-01-18,,2.0095,1.1415,1.0570,196.75,1.6650,1.1889
1979-01-19,,2.0035,1.1402,1.0580,198.25,1.6735,1.1874
1979-01-22,,1.9987,1.1400,1.0560,197.63,1.6740,1.1875
1979-01-23,,1.9987,1.1393,1.0545,197.90,1.6800,1.1884
1979-01-24,,2.0000,1.1378,1.0545,197.70,1.6750,1.1902
1979-01-25,,1.9930,1.1365,1.0530,199.00,1.6890,1.1915
1979-01-26,,1.9950,1.1360,1.0540,199.55,1.6875,1.1938
1979-01-29,,1.9952,1.1347,1.0505,200.10,1.6860,1.1939
1979-01-30,,1.9960,1.1350,1.0520,200.75,1.6900,1.1929
1979-01-31,,1.9896,1.1336,1.0530,202.20,1.7000,1.2004
1979-02-01,,1.9805,1.1288,1.0470,202.75,1.7100,1.2010
1979-02-02,,1.9790,1.1278,1.0475,201.60,1.7090,1.1988
1979-02-05,,1.9892,1.1310,1.0500,199.85,1.6910,1.1973
1979-02-06,,1.9952,1.1315,1.0515,199.05,1.6855,1.1948
1979-02-07,,2.0130,1.1390,1.0580,196.00,1.6595,1.1938
1979-02-08,,2.0045,1.1365,1.0570,197.70,1.6580,1.1940
1979-02-09,,2.0025,1.1358,1.0560,198.80,1.6630,1.1952
1979-02-12,,,,,,,
1979-02-13,,2.0035,1.1320,1.0525,199.70,1.6685,1.1935
1979-02-14,,2.0050,1.1323,1.0540,200.40,1.6762,1.1935
1979-02-15,,2.0035,1.1310,1.0520,200.25,1.6670,1.1940
1979-02-16,,2.0020,1.1320,1.0535,200.70,1.6745,1.1945
1979-02-19,,,,,,,
1979-02-20,,2.0040,1.1302,1.0525,201.05,1.6725,1.1956
1979-02-21,,2.0072,1.1298,1.0535,201.85,1.6745,1.1957
1979-02-22,,2.0095,1.1302,1.0535,201.40,1.6720,1.1955
1979-02-23,,2.0120,1.1280,1.0535,201.40,1.6675,1.1972
1979-02-26,,2.0205,1.1285,1.0535,202.08,1.6632,1.1973
1979-02-27,,2.0218,1.1285,1.0561,201.90,1.6678,1.1961
1979-02-28,,2.0234,1.1280,1.0552,202.65,1.6740,1.1937
1979-03-01,,2.0231,1.1262,1.0527,203.75,1.6760,1.1865
1979-03-02,,2.0220,1.1231,1.0530,204.90,1.6770,1.1864
1979-03-05,,2.0223,1.1238,1.0530,204.73,1.6795,1.1845
1979-03-06,,2.0246,1.1243,1.0543,204.50,1.6774,1.1867
1979-03-07,,2.0347,1.1243,1.0535,204.00,1.6685,1.1855
1979-03-08,,2.0420,1.1250,1.0570,204.18,1.6690,1.1809
1979-03-09,,2.0378,1.1248,1.0570,204.70,1.6700,1.1818
1979-03-12,,2.0410,1.1235,1.0560,205.73,1.6736,1.1786
1979-03-13,,2.0400,1.1190,1.0535,208.65,1.6835,1.1721
1979-03-14,,2.0365,1.1196,1.0530,207.28,1.6790,1.1722
1979-03-15,,2.0357,1.1207,1.0540,206.95,1.6815,1.1726
1979-03-16,,2.0300,1.1196,1.0525,207.45,1.6818,1.1734
1979-03-19,,2.0247,1.1191,1.0510,207.00,1.6825,1.1670
1979-03-20,,2.0323,1.1211,1.0530,207.17,1.6850,1.1712
1979-03-21,,2.0343,1.1205,1.0535,206.95,1.6895,1.1678
1979-03-22,,2.0343,1.1200,1.0520,205.50,1.6876,1.1678
1979-03-23,,2.0390,1.1208,1.0540,205.90,1.6910,1.1682
1979-03-26,,2.0537,1.1214,1.0548,206.80,1.6818,1.1675
1979-03-27,,2.0510,1.1198,1.0552,207.15,1.6880,1.1687
1979-03-28,,2.0516,1.1198,1.0545,207.88,1.6850,1.1642
1979-03-29,,2.0580,1.1180,1.0544,208.37,1.6900,1.1626
1979-03-30,,2.0625,1.1183,1.0550,209.58,1.6950,1.1606
1979-04-02,,2.0673,1.1150,1.0530,211.65,1.7045,1.1575
1979-04-03,,2.0670,1.1120,1.0525,214.40,1.7064,1.1586
1979-04-04,,2.0671,1.1115,1.0510,215.28,1.7055,1.1547
1979-04-05,,2.0770,1.1109,1.0518,215.23,1.7095,1.1507
1979-04-06,,2.0882,1.1108,1.0530,214.90,1.7142,1.1491
1979-04-09,,2.0985,1.1130,1.0540,213.50,1.7262,1.1503
1979-04-10,,2.1025,1.1136,1.0556,212.75,1.7205,1.1458
1979-04-11,,2.0900,1.1115,1.0545,213.50,1.7153,1.1468
1979-04-12,,2.0745,1.1092,1.0520,215.75,1.7278,1.1466
1979-04-13,,2.0800,1.1073,1.0490,215.90,1.7295,1.1452
1979-04-16,,2.0875,1.1075,1.0495,216.45,1.7300,1.1464
1979-04-17,,2.0833,1.1057,1.0480,218.00,1.7260,1.1426
1979-04-18,,2.0737,1.1061,1.0480,215.40,1.7145,1.1417
1979-04-19,,2.0725,1.1106,1.0505,216.18,1.7140,1.1432
1979-04-20,,2.0695,1.1054,1.0490,218.30,1.7238,1.1413
1979-04-23,,2.0714,1.1051,1.0465,218.35,1.7210,1.1419
1979-04-24,,2.0655,1.1060,1.0465,218.45,1.7180,1.1401
1979-04-25,,2.0365,1.1048,1.0455,218.20,1.7140,1.1416
1979-04-26,,2.0473,1.1056,1.0435,218.10,1.7125,1.1441
1979-04-27,,2.0552,1.1037,1.0445,219.90,1.7160,1.1430
1979-04-30,,2.0680,1.1025,1.0440,221.80,1.7215,1.1422
1979-05-01,,2.0595,1.1004,1.0425,224.40,1.7177,1.1424
1979-05-02,,2.0677,1.0982,1.0420,224.95,1.7250,1.1423
1979-05-03,,2.0765,1.0997,1.0430,224.80,1.7220,1.1449
1979-05-04,,2.0775,1.1032,1.0450,221.50,1.7190,1.1491
1979-05-07,,2.0826,1.1075,1.0500,214.80,1.7135,1.1510
1979-05-08,,2.0663,1.1089,1.0475,215.15,1.7140,1.1571
1979-05-09,,2.0665,1.1106,1.0500,213.15,1.7135,1.1608
1979-05-10,,2.0485,1.1097,1.0455,214.58,1.7187,1.1587
1979-05-11,,2.0415,1.1102,1.0455,215.13,1.7213,1.1596
1979-05-14,,2.0435,1.1108,1.0452,214.00,1.7195,1.1625
1979-05-15,,2.0635,1.1104,1.0460,214.20,1.7285,1.1611
1979-05-16,,2.0610,1.1100,1.0475,214.35,1.7274,1.1570
1979-05-17,,2.0550,1.1076,1.0450,216.70,1.7335,1.1568
1979-05-18,,2.0565,1.1042,1.0410,218.80,1.7395,1.1543
1979-05-21,,2.0435,1.1040,1.0400,218.80,1.7405,1.1578
1979-05-22,,2.0440,1.1040,1.0398,219.40,1.7380,1.1588
1979-05-23,,2.0572,1.1029,1.0403,219.15,1.7360,1.1569
1979-05-24,,2.0525,1.1051,1.0415,218.65,1.7335,1.1554
1979-05-25,,2.0506,1.1046,1.0412,219.75,1.7363,1.1588
1979-05-28,,2.0525,1.1048,1.0410,220.45,1.7380,1.1595
1979-05-29,,2.0555,1.1022,1.0390,222.05,1.7410,1.1585
1979-05-30,,,,,,,
1979-05-31,,2.0700,1.1060,1.0425,220.35,1.7250,1.1608
1979-06-01,,2.0740,1.1055,1.0435,221.28,1.7340,1.1666
1979-06-04,,2.0768,1.1070,1.0450,219.75,1.7286,1.1754
1979-06-05,,2.0800,1.1066,1.0444,221.15,1.7358,1.1749
1979-06-06,,2.0738,1.1053,1.0438,220.35,1.7363,1.1743
1979-06-07,,2.0645,1.1055,1.0423,219.55,1.7292,1.1780
1979-06-08,,2.0620,1.1054,1.0420,218.60,1.7302,1.1755
1979-06-11,,2.0690,1.1072,1.0430,218.83,1.7330,1.1753
1979-06-12,,2.0900,1.1060,1.0450,219.70,1.7325,1.1746
1979-06-13,,2.1045,1.1072,1.0462,220.15,1.7302,1.1724
1979-06-14,,2.0958,1.1077,1.0463,220.18,1.7274,1.1719
1979-06-15,,2.1060,1.1099,1.0492,218.80,1.7003,1.1723
1979-06-18,,2.1060,1.1097,1.0483,219.90,1.7100,1.1717
1979-06-19,,2.1200,1.1130,1.0525,218.65,1.6835,1.1771
1979-06-20,,2.1320,1.1135,1.0548,219.00,1.6780,1.1747
1979-06-21,,2.1393,1.1127,1.0000,218.95,1.6600,1.1753
1979-06-22,,2.1418,1.1144,1.0045,215.80,1.6540,1.1756
1979-06-25,,2.1587,1.1207,1.0085,213.24,1.6440,1.1703
1979-06-26,,2.1510,1.1170,1.0055,215.90,1.6625,1.1660
1979-06-27,,2.1559,1.1188,1.0075,216.40,1.6580,1.1642
1979-06-28,,2.1685,1.1206,1.0095,216.55,1.6565,1.1663
1979-06-29,,2.1810,1.1195,1.0087,217.80,1.6540,1.1680
1979-07-02,,2.1885,1.1200,1.0115,218.30,1.6560,1.1689
1979-07-03,,2.2015,1.1196,1.0110,218.40,1.6575,1.1656
1979-07-04,,,,,,,
1979-07-05,,2.2290,1.1238,1.0155,217.00,1.6525,1.1644
1979-07-06,,2.2190,1.1233,1.0145,217.50,1.6635,1.1596
1979-07-09,,2.2010,1.1228,1.0113,217.50,1.6653,1.1569
1979-07-10,,2.2220,1.1241,1.0145,217.68,1.6620,1.1592
1979-07-11,,2.2325,1.1255,1.0167,217.45,1.6565,1.1605
1979-07-12,,2.2275,1.1254,1.0165,217.25,1.6560,1.1590
1979-07-13,,2.2290,1.1252,1.0165,217.35,1.6550,1.1623
1979-07-16,,2.2420,1.1270,1.0188,216.80,1.6470,1.1607
1979-07-17,,2.2695,1.1284,1.0225,216.45,1.6350,1.1600
1979-07-18,,2.2780,1.1317,1.0262,213.60,1.6305,1.1642
1979-07-19,,2.2925,1.1328,1.0252,216.00,1.6365,1.1652
1979-07-20,,2.2740,1.1297,1.0220,217.10,1.6420,1.1646
1979-07-23,,2.3015,1.1320,1.0255,215.75,1.6324,1.1628
1979-07-24,,2.3255,1.1360,1.0300,214.40,1.6335,1.1652
1979-07-25,,2.3205,1.1352,1.0288,215.25,1.6400,1.1660
1979-07-26,,2.3290,1.1351,1.0300,215.03,1.6448,1.1691
1979-07-27,,2.3130,1.1346,1.0285,215.40,1.6435,1.1698
1979-07-30,,2.3132,1.1326,1.0270,215.80,1.6580,1.1678
1979-07-31,,2.2475,1.1290,1.0150,216.70,1.6590,1.1697
1979-08-01,,2.2695,1.1307,1.0205,216.05,1.6572,1.1720
1979-08-02,,2.2660,1.1302,1.0200,216.55,1.6580,1.1754
1979-08-03,,2.2685,1.1302,1.0210,216.90,1.6598,1.1749
1979-08-06,,2.2385,1.1299,1.0197,216.45,1.6560,1.1755
1979-08-07,,2.2170,1.1286,1.0157,216.50,1.6590,1.1730
1979-08-08,,2.2150,1.1282,1.0138,216.50,1.6580,1.1709
1979-08-09,,2.2345,1.1301,1.0170,216.05,1.6515,1.1729
1979-08-10,,2.2480,1.1310,1.0187,215.90,1.6467,1.1724
1979-08-13,,2.2355,1.1292,1.0170,216.58,1.6525,1.1723
1979-08-14,,2.2320,1.1289,1.0115,216.80,1.6577,1.1725
1979-08-15,,2.2320,1.1288,1.0135,216.85,1.6570,1.1734
1979-08-16,,2.2210,1.1288,1.0118,216.98,1.6550,1.1699
1979-08-17,,2.2180,1.1272,1.0120,217.30,1.6595,1.1700
1979-08-20,,2.2215,1.1274,1.0108,217.38,1.6606,1.1694
1979-08-21,,2.2105,1.1274,1.0110,217.85,1.6595,1.1653
1979-08-22,,2.2179,1.1256,1.0105,219.50,1.6593,1.1676
1979-08-23,,2.2220,1.1282,1.0120,219.12,1.6568,1.1645
1979-08-24,,2.2320,1.1274,1.0100,219.25,1.6552,1.1670
1979-08-27,,2.2430,1.1264,1.0115,220.95,1.6602,1.1688
1979-08-28,,2.2490,1.1265,1.0115,220.55,1.6594,1.1687
1979-08-29,,2.2525,1.1252,1.0106,221.93,1.6626,1.1719
1979-08-30,,2.2490,1.1272,1.0115,219.95,1.6541,1.1698
1979-08-31,,2.2527,1.1274,1.0115,220.40,1.6562,1.1663
1979-09-03,,,,,,,
1979-09-04,,2.2391,1.1274,1.0080,221.05,1.6555,1.1681
1979-09-05,,2.2420,1.1272,1.0090,221.50,1.6533,1.1695
1979-09-06,,2.2470,1.1285,1.0102,220.85,1.6393,1.1672
1979-09-07,,2.2495,1.1292,1.0115,220.80,1.6280,1.1665
1979-09-10,,2.2447,1.1298,1.0100,220.90,1.6275,1.1637
1979-09-11,,2.2400,1.1283,1.0100,221.55,1.6355,1.1614
1979-09-12,,2.2220,1.1270,1.0065,222.20,1.6280,1.1620
1979-09-13,,2.2030,1.1253,1.0035,223.60,1.6355,1.1626
1979-09-14,,2.1680,1.1234,0.9995,223.40,1.6335,1.1629
1979-09-17,,2.1520,1.1222,0.9950,223.48,1.6320,1.1632
1979-09-18,,2.1535,1.1223,0.9965,223.80,1.6280,1.1659
1979-09-19,,2.1448,1.1215,0.9935,223.43,1.6215,1.1655
1979-09-20,,2.1605,1.1250,0.9975,220.30,1.5825,1.1681
1979-09-21,,2.1630,1.1264,0.9985,222.45,1.5715,1.1685
1979-09-24,,2.1565,1.1265,0.9985,223.10,1.5794,1.1678
1979-09-25,,2.1583,1.1254,0.9975,222.80,1.5748,1.1683
1979-09-26,,2.1860,1.1270,1.0015,222.60,1.5780,1.1668
1979-09-27,,2.2020,1.1285,1.0030,223.55,1.5570,1.1623
1979-09-28,,2.2030,1.1285,1.0035,224.50,1.5540,1.1606
1979-10-01,,2.1925,1.1266,1.0000,225.25,1.5480,1.1609
1979-10-02,,2.1912,1.1258,1.0010,225.35,1.5640,1.1610
1979-10-03,,2.1830,1.1261,1.0000,224.45,1.5820,1.1634
1979-10-04,,2.1860,1.1265,1.0005,223.40,1.5840,1.1648
1979-10-05,,2.1780,1.1252,0.9990,224.15,1.5800,1.1666
1979-10-08,,,,,,,
1979-10-09,,2.1545,1.1172,0.9865,226.00,1.6230,1.1713
1979-10-10,,2.1685,1.1197,0.9890,225.60,1.6110,1.1741
1979-10-11,,2.1635,1.1185,0.9907,226.40,1.6195,1.1743
1979-10-12,,2.1565,1.1172,0.9870,227.50,1.6220,1.1734
1979-10-15,,2.1570,1.1145,0.9860,229.80,1.6300,1.1739
1979-10-16,,2.1525,1.1124,0.9835,232.00,1.6375,1.1745
1979-10-17,,2.1445,1.1086,0.9810,234.10,1.6530,1.1767
1979-10-18,,2.1525,1.1105,0.9815,232.18,1.6405,1.1794
1979-10-19,,2.1545,1.1120,0.9830,230.65,1.6445,1.1815
1979-10-22,,2.1485,1.1100,0.9810,233.80,1.6650,1.1826
1979-10-23,,2.1125,1.1063,0.9785,235.40,1.6730,1.1860
1979-10-24,,2.1105,1.1050,0.9745,234.50,1.6590,1.1838
1979-10-25,,2.1135,1.1045,0.9745,233.90,1.6565,1.1783
1979-10-26,,2.1048,1.1037,0.9740,234.30,1.6695,1.1811
1979-10-29,,2.0963,1.1017,0.9710,235.98,1.6820,1.1832
1979-10-30,,2.0673,1.0980,0.9960,238.10,1.6745,1.1825
1979-10-31,,2.0745,1.0972,0.9660,237.85,1.6605,1.1845
1979-11-01,,2.0710,1.0965,0.9665,238.15,1.6495,1.1837
1979-11-02,,2.0665,1.1000,0.9680,234.55,1.6410,1.1871
1979-11-05,,2.0690,1.0965,0.9660,237.10,1.6465,1.1863
1979-11-06,,,,,,,
1979-11-07,,2.1055,1.0950,0.9675,240.20,1.6340,1.1849
1979-11-08,,2.0850,1.0940,0.9650,241.30,1.6455,1.1858
1979-11-09,,2.0910,1.0918,0.9645,243.55,1.6530,1.1895
1979-11-12,,,,,,,
1979-11-13,,2.1090,1.0904,0.9635,246.60,1.6590,1.1844
1979-11-14,,2.1115,1.0915,0.9635,243.35,1.6450,1.1828
1979-11-15,,2.1420,1.0910,0.9670,247.20,1.6580,1.1835
1979-11-16,,2.1595,1.0912,0.9695,246.50,1.6480,1.1821
1979-11-19,,2.1825,1.0962,0.9550,245.25,1.6395,1.1798
1979-11-20,,2.1665,1.0942,0.9740,246.20,1.6440,1.1771
1979-11-21,,2.1735,1.0930,0.9730,248.10,1.6410,1.1738
1979-11-22,,,,,,,
1979-11-23,,2.1610,1.0910,0.9705,249.00,1.6525,1.1764
1979-11-26,,2.1610,1.0902,0.9680,250.85,1.6525,1.1716
1979-11-27,,2.1600,1.0928,0.9715,249.45,1.6505,1.1713
1979-11-28,,2.1740,1.0923,0.9715,248.95,1.6365,1.1733
1979-11-29,,2.1820,1.0935,0.9735,248.85,1.6220,1.1699
1979-11-30,,2.1990,1.0942,0.9765,249.55,1.5980,1.1706
1979-12-03,,2.2130,1.0970,0.9785,248.89,1.5645,1.1676
1979-12-04,,2.1940,1.0975,0.9775,247.50,1.5895,1.1627
1979-12-05,,2.1780,1.0970,0.9765,245.70,1.6095,1.1663
1979-12-06,,2.1910,1.0985,0.9790,243.60,1.6045,1.1669
1979-12-07,,2.1665,1.1000,0.9785,240.20,1.6165,1.1646
1979-12-10,,2.1685,1.1053,0.9825,232.65,1.6135,1.1645
1979-12-11,,2.1890,1.1080,0.9850,233.30,1.5980,1.1637
1979-12-12,,2.1910,1.1050,0.9855,237.90,1.6000,1.1616
1979-12-13,,2.2040,1.1019,0.9815,240.70,1.5980,1.1678
1979-12-14,,2.1990,1.1005,0.9800,242.55,1.6100,1.1731
1979-12-17,,2.1980,1.1025,0.9805,240.10,1.6075,1.1726
1979-12-18,,2.1980,1.1043,0.9805,239.40,1.6075,1.1743
1979-12-19,,2.2045,1.1050,0.9805,239.00,1.5990,1.1769
1979-12-20,,2.1975,1.1053,0.9810,236.60,1.6055,1.1746
1979-12-21,,2.2015,1.1045,0.9800,239.90,1.6065,1.1757
1979-12-24,,2.2085,1.1045,0.9805,239.80,1.5980,1.1740
1979-12-25,,,,,,,
1979-12-26,,2.2140,1.1055,0.9815,239.05,1.5845,1.1765
1979-12-27,,2.2455,1.1058,0.9830,239.80,1.5780,1.1758
1979-12-28,,2.2335,1.1070,0.9850,240.55,1.5950,1.1726
1979-12-31,,2.2185,1.1057,0.9830,240.30,1.5950,1.1684
1980-01-01,,,,,,,
1980-01-02,,2.2427,1.1080,0.9850,238.45,1.5775,1.1658
1980-01-03,,2.2400,1.1094,0.9880,238.35,1.5720,1.1703
1980-01-04,,2.2370,1.1090,0.9860,234.80,1.5755,1.1687
1980-01-07,,2.2615,1.1132,0.9900,231.55,1.5700,1.1694
1980-01-08,,2.2620,1.1125,0.9905,234.75,1.5770,1.1698
1980-01-09,,2.2660,1.1130,0.9910,234.95,1.5740,1.1686
1980-01-10,,2.2580,1.1120,0.9890,235.80,1.5790,1.1650
1980-01-11,,2.2570,1.1110,0.9900,236.05,1.5830,1.1650
1980-01-14,,2.2755,1.1108,0.9880,236.20,1.5830,1.1663
1980-01-15,,2.2765,1.1085,0.9870,239.65,1.5950,1.1658
1980-01-16,,2.2710,1.1105,0.9868,238.15,1.5850,1.1644
1980-01-17,,2.2770,1.1100,0.9870,239.90,1.5930,1.1613
1980-01-18,,2.2855,1.1102,0.9870,239.65,1.5930,1.1617
1980-01-21,,2.2835,1.1095,0.9880,241.00,1.6045,1.1611
1980-01-22,,2.2750,1.1088,0.9870,239.70,1.6090,1.1590
1980-01-23,,2.2775,1.1115,0.9870,237.25,1.6060,1.1603
1980-01-24,,2.2778,1.1094,0.9865,239.35,1.6085,1.1569
1980-01-25,,2.2610,1.1083,0.9875,239.60,1.6160,1.1609
1980-01-28,,2.2475,1.1076,0.9830,240.22,1.6188,1.1637
1980-01-29,,2.2495,1.1058,0.9820,239.35,1.6170,1.1638
1980-01-30,,2.2620,1.1072,0.9820,239.50,1.6215,1.1617
1980-01-31,,2.2667,1.1067,0.9835,239.33,1.6380,1.1585
1980-02-01,,2.2740,1.1053,0.9820,240.45,1.6335,1.1560
1980-02-04,,2.2865,1.1062,0.9825,240.29,1.6310,1.1588
1980-02-05,,2.2905,1.1074,0.9850,240.10,1.6260,1.1618
1980-02-06,,2.3120,1.1082,0.9868,240.10,1.6060,1.1597
1980-02-07,,2.3015,1.1091,0.9885,240.09,1.6160,1.1587
1980-02-08,,2.2980,1.1073,0.9855,241.65,1.6190,1.1590
1980-02-11,,2.3047,1.1068,0.9860,241.40,1.6170,1.1589
1980-02-12,,,,,,,
1980-02-13,,2.3080,1.1065,0.9825,242.10,1.6133,1.1615
1980-02-14,,2.3131,1.1065,0.9837,243.39,1.6170,1.1598
1980-02-15,,2.2950,1.1120,0.9825,243.20,1.6290,1.1621
1980-02-18,,,,,,,
1980-02-19,,2.2720,1.1033,0.9785,245.36,1.6385,1.1597
1980-02-20,,2.2794,1.1028,0.9750,246.05,1.6440,1.1552
1980-02-21,,2.2865,1.1025,0.9770,246.09,1.6403,1.1512
1980-02-22,,2.2745,1.1010,0.9750,247.45,1.6620,1.1529
1980-02-25,,2.2760,1.1000,0.9730,248.35,1.6695,1.1512
1980-02-26,,2.2767,1.0985,0.9730,248.08,1.6705,1.1504
1980-02-27,,2.2870,1.0990,0.9725,248.45,1.6650,1.1459
1980-02-28,,2.2848,1.0990,0.9735,248.40,1.6720,1.1464
1980-02-29,,2.2730,1.0970,0.9700,251.65,1.7025,1.1450
1980-03-03,,2.2420,1.0963,0.9690,247.85,1.7150,1.1430
1980-03-04,,2.2350,1.0975,0.9675,246.40,1.7210,1.1529
1980-03-05,,2.2400,1.0970,0.9670,246.88,1.7105,1.1473
1980-03-06,,2.2335,1.0950,0.9630,248.10,1.7150,1.1533
1980-03-07,,2.2270,1.0950,0.9620,247.85,1.7150,1.1576
1980-03-10,,2.2168,1.0940,0.9615,247.93,1.7350,1.1637
1980-03-11,,2.2265,1.0959,0.9610,247.30,1.7345,1.1650
1980-03-12,,2.2335,1.0962,0.9635,247.50,1.7295,1.1673
1980-03-13,,2.2230,1.0945,0.9600,248.10,1.7440,1.1695
1980-03-14,,2.2130,1.0932,0.9570,249.05,1.7540,1.1786
1980-03-17,,2.1875,1.0895,0.9495,248.90,1.7880,1.1847
1980-03-18,,2.1860,1.0875,0.9470,249.10,1.7810,1.1800
1980-03-19,,2.1905,1.0862,0.9490,248.65,1.7735,1.1772
1980-03-20,,2.1940,1.0875,0.9500,248.70,1.7618,1.1789
1980-03-21,,2.1835,1.0863,0.9490,248.92,1.7790,1.1829
1980-03-24,,2.1860,1.0858,0.9455,249.15,1.7890,1.1865
1980-03-25,,2.1885,1.0855,0.9470,249.07,1.7980,1.1937
1980-03-26,,2.1855,1.0865,0.9490,249.10,1.7945,1.1882
1980-03-27,,2.1740,1.0829,0.9447,249.90,1.8285,1.1875
1980-03-28,,2.1690,1.0830,0.9420,249.65,1.8325,1.1868
1980-03-31,,2.1600,1.0818,0.9405,249.95,1.8515,1.1915
1980-04-01,,2.1515,1.0775,0.9340,254.65,1.8640,1.1972
1980-04-02,,2.1540,1.0712,0.9325,257.15,1.8560,1.1904
1980-04-03,,2.1390,1.0717,0.9310,257.20,1.8635,1.1930
1980-04-04,,2.1350,1.0700,0.9290,258.75,1.8700,1.1925
1980-04-07,,2.1400,1.0670,0.9260,261.40,1.8770,1.1882
1980-04-08,,2.1790,1.0730,0.9280,258.20,1.8410,1.1844
1980-04-09,,2.1860,1.0805,0.9440,251.80,1.7860,1.1819
1980-04-10,,2.1915,1.0850,0.9410,249.50,1.7550,1.1812
1980-04-11,,2.1950,1.0910,0.9430,252.50,1.7480,1.1795
1980-04-14,,2.2035,1.0930,0.9475,251.35,1.7430,1.1824
1980-04-15,,2.1875,1.0922,0.9455,252.70,1.7695,1.1875
1980-04-16,,2.2170,1.0945,0.9490,249.10,1.7310,1.1870
1980-04-17,,2.2150,1.0945,0.9495,248.70,1.7370,1.1852
1980-04-18,,2.2185,1.0968,0.9515,249.40,1.7400,1.1845
1980-04-21,,2.2420,1.0955,0.9540,249.80,1.7240,1.1822
1980-04-22,,2.2345,1.0965,0.9510,250.00,1.7440,1.1840
1980-04-23,,2.2690,1.1000,0.9567,243.25,1.6990,1.1808
1980-04-24,,2.2635,1.1060,0.9595,244.65,1.7005,1.1819
1980-04-25,,2.2735,1.1060,0.9620,246.00,1.6940,1.1855
1980-04-28,,2.2830,1.1105,0.9660,241.30,1.6715,1.1872
1980-04-29,,2.2695,1.1152,0.9678,239.30,1.6700,1.1895
1980-04-30,,2.2585,1.1150,0.9665,239.35,1.6675,1.1881
1980-05-01,,2.2590,1.1142,0.9650,240.50,1.6680,1.1895
1980-05-02,,2.2555,1.1134,0.9630,240.35,1.6950,1.1933
1980-05-05,,2.2780,1.1140,0.9650,237.20,1.6625,1.1900
1980-05-06,,2.2795,1.1210,0.9710,231.80,1.6555,1.1875
1980-05-07,,2.2815,1.1240,0.9730,231.85,1.6500,1.1842
1980-05-08,,2.2850,1.1238,0.9720,233.60,1.6620,1.1789
1980-05-09,,2.2670,1.1244,0.9721,231.80,1.6820,1.1818
1980-05-12,,2.2810,1.1280,0.9745,226.80,1.6610,1.1787
1980-05-13,,2.2790,1.1295,0.9760,227.75,1.6670,1.1758
1980-05-14,,2.2975,1.1305,0.9765,227.20,1.6600,1.1749
1980-05-15,,2.3005,1.1290,0.9765,227.80,1.6645,1.1774
1980-05-16,,2.2840,1.1270,0.9730,229.60,1.6710,1.1746
1980-05-19,,2.2835,1.1290,0.9750,229.00,1.6765,1.1755
1980-05-20,,2.2910,1.1315,0.9758,226.75,1.6795,1.1741
1980-05-21,,2.3305,1.1340,0.9800,224.40,1.6625,1.1595
1980-05-22,,2.3285,1.1372,0.9825,224.05,1.6615,1.1609
1980-05-23,,2.3440,1.1405,0.9840,221.25,1.6500,1.1601
1980-05-26,,,,,,,
1980-05-27,,2.3700,1.1485,0.9927,219.20,1.6375,1.1589
1980-05-28,,2.3590,1.1460,0.9870,223.50,1.6450,1.1628
1980-05-29,,2.3460,1.1460,0.9870,223.80,1.6530,1.1595
1980-05-30,,2.3425,1.1428,0.9830,223.00,1.6620,1.1588
1980-06-02,,2.3365,1.1465,0.9875,223.55,1.6602,1.1588
1980-06-03,,2.3030,1.1430,0.9810,222.70,1.6540,1.1615
1980-06-04,,2.3215,1.1440,0.9815,221.40,1.6470,1.1584
1980-06-05,,2.3305,1.1448,0.9860,220.35,1.6480,1.1570
1980-06-06,,2.3318,1.1480,0.9855,219.30,1.6350,1.1530
1980-06-09,,2.3505,1.1537,0.9905,216.35,1.6225,1.1509
1980-06-10,,2.3327,1.1536,0.9880,215.80,1.6225,1.1505
1980-06-11,,2.3348,1.1540,0.9890,217.75,1.6290,1.1470
1980-06-12,,2.3385,1.1543,0.9890,216.50,1.6240,1.1476
1980-06-13,,2.3425,1.1565,0.9910,216.00,1.6135,1.1461
1980-06-16,,2.3405,1.1565,0.9900,216.00,1.6340,1.1483
1980-06-17,,2.3306,1.1555,0.9890,216.00,1.6300,1.1521
1980-06-18,,2.3323,1.1565,0.9890,215.75,1.6230,1.1501
1980-06-19,,2.3355,1.1553,0.9890,216.35,1.6380,1.1484
1980-06-20,,2.3350,1.1552,0.9865,217.20,1.6320,1.1496
1980-06-23,,2.3410,1.1573,0.9885,216.07,1.6345,1.1497
1980-06-24,,2.3357,1.1558,0.9870,216.60,1.6400,1.1493
1980-06-25,,2.3360,1.1545,0.9860,217.95,1.6382,1.1530
1980-06-26,,2.3435,1.1558,0.9855,217.20,1.6287,1.1520
1980-06-27,,2.3470,1.1560,0.9865,217.55,1.6275,1.1493
1980-06-30,,2.3555,1.1550,0.9870,219.90,1.6298,1.1512
1980-07-01,,2.3615,1.1557,0.9875,219.50,1.6265,1.1502
1980-07-02,,2.3580,1.1571,0.9875,218.80,1.6195,1.1470
1980-07-03,,2.3483,1.1570,0.9848,219.00,1.6130,1.1438
1980-07-04,,,,,,,
1980-07-07,,2.3825,1.1605,0.9910,217.90,1.5875,1.1423
1980-07-08,,2.3730,1.1593,0.9885,219.10,1.5910,1.1440
1980-07-09,,2.3735,1.1603,0.9895,218.15,1.5955,1.1453
1980-07-10,,2.3755,1.1617,0.9900,216.85,1.5948,1.1464
1980-07-11,,2.3777,1.1622,0.9900,217.70,1.5950,1.1501
1980-07-14,,2.3755,1.1612,0.9894,218.25,1.6050,1.1506
1980-07-15,,2.3715,1.1594,0.9875,219.40,1.6100,1.1531
1980-07-16,,2.3715,1.1611,0.9870,218.80,1.6045,1.1517
1980-07-17,,2.3800,1.1616,0.9888,218.50,1.5970,1.1495
1980-07-18,,2.3742,1.1603,0.9875,220.27,1.6107,1.1508
1980-07-21,,2.3795,1.1516,0.9882,220.38,1.6025,1.1533
1980-07-22,,2.3880,1.1612,0.9865,221.00,1.5980,1.1531
1980-07-23,,2.3845,1.1578,0.9859,224.15,1.6005,1.1542
1980-07-24,,2.3965,1.1597,0.9859,223.20,1.5950,1.1528
1980-07-25,,2.3905,1.1587,0.9854,225.40,1.5988,1.1569
1980-07-28,,2.3862,1.1577,0.9845,227.40,1.6075,1.1636
1980-07-29,,2.3710,1.1562,0.9820,226.80,1.6235,1.1640
1980-07-30,,2.3480,1.1553,0.9792,227.05,1.6480,1.1668
1980-07-31,,2.3425,1.1515,0.9748,227.40,1.6480,1.1619
1980-08-01,,2.3330,1.1506,0.9727,227.00,1.6630,1.1585
1980-08-04,,2.3425,1.1515,0.9755,226.05,1.6495,1.1579
1980-08-05,,2.3555,1.1542,0.9765,226.25,1.6395,1.1574
1980-08-06,,2.3740,1.1562,0.9785,225.30,1.6300,1.1564
1980-08-07,,2.3698,1.1552,0.9780,225.70,1.6445,1.1583
1980-08-08,,2.3720,1.1552,0.9772,226.30,1.6505,1.1570
1980-08-11,,2.3718,1.1556,0.9775,225.78,1.6505,1.1598
1980-08-12,,2.3730,1.1578,0.9787,222.90,1.6410,1.1607
1980-08-13,,2.3755,1.1596,0.9804,224.00,1.6440,1.1597
1980-08-14,,2.3755,1.1590,0.9790,224.40,1.6445,1.1590
1980-08-15,,2.3795,1.1587,0.9786,225.75,1.6440,1.1595
1980-08-18,,2.3690,1.1557,0.9755,226.30,1.6585,1.1642
1980-08-19,,2.3600,1.1568,0.9755,224.38,1.6608,1.1646
1980-08-20,,2.3685,1.1582,0.9758,224.15,1.6585,1.1612
1980-08-21,,2.3690,1.1575,0.9752,224.75,1.6565,1.1605
1980-08-22,,2.3655,1.1578,0.9748,223.80,1.6740,1.1597
1980-08-25,,2.3685,1.1584,0.9764,223.20,1.6695,1.1586
1980-08-26,,2.3795,1.1618,0.9782,219.40,1.6622,1.1589
1980-08-27,,2.3905,1.1616,0.9795,219.68,1.6615,1.1588
1980-08-28,,2.3890,1.1650,0.9806,218.00,1.6450,1.1559
1980-08-29,,2.3960,1.1648,0.9809,219.10,1.6490,1.1576
1980-09-01,,,,,,,
1980-09-02,,2.4180,1.1686,0.9815,215.93,1.6360,1.1555
1980-09-03,,2.4155,1.1695,0.9855,216.70,1.6290,1.1581
1980-09-04,,2.4180,1.1707,0.9865,217.20,1.6300,1.1621
1980-09-05,,2.4130,1.1685,0.9835,218.00,1.6350,1.1629
1980-09-08,,2.4175,1.1696,0.9854,216.70,1.6258,1.1643
1980-09-09,,2.4005,1.1697,0.9855,216.80,1.6313,1.1626
1980-09-10,,2.4020,1.1697,0.9842,216.55,1.6302,1.1618
1980-09-11,,2.4115,1.1711,0.9870,214.47,1.6285,1.1624
1980-09-12,,2.4135,1.1726,0.9862,213.20,1.6305,1.1614
1980-09-15,,2.3960,1.1725,0.9845,212.65,1.6322,1.1646
1980-09-16,,2.3865,1.1717,0.9835,211.47,1.6340,1.1661
1980-09-17,,2.3923,1.1730,0.9852,211.95,1.6303,1.1706
1980-09-18,,2.3840,1.1719,0.9830,212.98,1.6418,1.1682
1980-09-19,,2.3855,1.1722,0.9822,210.80,1.6445,1.1667
1980-09-22,,2.4030,1.1712,0.9823,214.80,1.6580,1.1665
1980-09-23,,2.4020,1.1674,0.9796,218.15,1.6610,1.1619
1980-09-24,,2.3990,1.1677,0.9790,214.45,1.6445,1.1659
1980-09-25,,2.3992,1.1702,0.9805,215.00,1.6450,1.1664
1980-09-26,,2.3915,1.1700,0.9798,211.70,1.6455,1.1677
1980-09-29,,2.3905,1.1692,0.9794,212.40,1.6543,1.1723
1980-09-30,,2.3870,1.1710,0.9805,210.85,1.6535,1.1705
1980-10-01,,2.3910,1.1749,0.9825,208.50,1.6420,1.1710
1980-10-02,,2.3860,1.1750,0.9823,208.15,1.6460,1.1718
1980-10-03,,2.3883,1.1750,0.9820,207.60,1.6455,1.1684
1980-10-06,,2.3978,1.1763,0.9846,207.90,1.6330,1.1665
1980-10-07,,2.3925,1.1747,0.9804,208.85,1.6382,1.1676
1980-10-08,,2.3930,1.1759,0.9812,208.35,1.6380,1.1681
1980-10-09,,2.3972,1.1758,0.9801,208.95,1.6360,1.1659
1980-10-10,,2.4028,1.1760,0.9821,209.00,1.6360,1.1650
1980-10-13,,,,,,,
1980-10-14,,2.4078,1.1777,0.9848,206.50,1.6450,1.1643
1980-10-15,,2.4070,1.1762,0.9812,207.30,1.6475,1.1650
1980-10-16,,2.4165,1.1754,0.9820,208.15,1.6505,1.1663
1980-10-17,,2.4130,1.1753,0.9814,208.20,1.6580,1.1669
1980-10-20,,2.4295,1.1753,0.9805,208.65,1.6580,1.1671
1980-10-21,,2.4350,1.1747,0.9838,207.95,1.6570,1.1672
1980-10-22,,2.4345,1.1743,0.9802,209.35,1.6640,1.1678
1980-10-23,,2.4420,1.1730,0.9800,210.40,1.6625,1.1691
1980-10-24,,2.4400,1.1728,0.9810,212.75,1.6755,1.1670
1980-10-27,,2.4380,1.1700,0.9795,213.75,1.6995,1.1718
1980-10-28,,2.4345,1.1694,0.9752,213.25,1.7075,1.1752
1980-10-29,,2.4410,1.1711,0.9775,210.00,1.6960,1.1745
1980-10-30,,2.4380,1.1735,0.9775,210.50,1.7120,1.1779
1980-10-31,,2.4365,1.1720,0.9755,211.05,1.7150,1.1753
1980-11-03,,2.4430,1.1708,0.9770,210.80,1.7170,1.1790
1980-11-04,,,,,,,
1980-11-05,,2.4460,1.1711,0.9750,211.35,1.7420,1.1843
1980-11-06,,2.4380,1.1701,0.9745,212.65,1.7453,1.1882
1980-11-07,,2.4180,1.1658,0.9700,213.10,1.7450,1.1870
1980-11-10,,2.3965,1.1644,0.9660,209.50,1.7075,1.1836
1980-11-11,,,,,,,
1980-11-12,,2.4130,1.1680,0.9675,213.10,1.7105,1.1827
1980-11-13,,2.4175,1.1705,0.9715,212.30,1.7040,1.1849
1980-11-14,,2.4030,1.1682,0.9700,212.90,1.7140,1.1865
1980-11-17,,2.3940,1.1672,0.9770,213.60,1.7370,1.1890
1980-11-18,,2.3900,1.1660,0.9655,213.30,1.7270,1.1882
1980-11-19,,2.3760,1.1682,0.9653,212.65,1.7155,1.1867
1980-11-20,,2.3850,1.1674,0.9660,213.70,1.7235,1.1872
1980-11-21,,2.3585,1.1662,0.9625,213.80,1.7280,1.1855
1980-11-24,,2.3390,1.1673,0.9615,213.35,1.7315,1.1909
1980-11-25,,2.3550,1.1669,0.9617,213.65,1.7265,1.1882
1980-11-26,,2.3695,1.1652,0.9624,216.45,1.7285,1.1878
1980-11-27,,,,,,,
1980-11-28,,2.3575,1.1640,0.9575,216.60,1.7385,1.1899
1980-12-01,,2.3485,1.1622,0.9550,217.85,1.7525,1.1929
1980-12-02,,2.3415,1.1640,0.9550,216.55,1.7575,1.1932
1980-12-03,,2.3460,1.1634,0.9550,213.55,1.7505,1.1945
1980-12-04,,2.3442,1.1657,0.9550,211.00,1.7515,1.1917
1980-12-05,,2.3390,1.1658,0.9545,211.60,1.7715,1.1959
1980-12-08,,2.3435,1.1695,0.9585,208.50,1.7750,1.1954
1980-12-09,,2.3355,1.1670,0.9540,209.10,1.7925,1.1986
1980-12-10,,2.3400,1.1679,0.9540,210.10,1.8200,1.2000
1980-12-11,,2.3145,1.1630,0.9500,210.45,1.8270,1.2010
1980-12-12,,2.3235,1.1633,0.9485,210.50,1.8165,1.2038
1980-12-15,,2.3275,1.1663,0.9525,209.40,1.8090,1.2046
1980-12-16,,2.3090,1.1646,0.9490,208.75,1.8305,1.2109
1980-12-17,,2.3300,1.1646,0.9480,208.90,1.8030,1.2087
1980-12-18,,2.3240,1.1653,0.9475,209.50,1.8070,1.2027
1980-12-19,,2.3410,1.1670,0.9490,208.20,1.8010,1.1929
1980-12-22,,2.3510,1.1689,0.9530,207.65,1.7730,1.1942
1980-12-23,,2.3680,1.1735,0.9560,207.90,1.7750,1.1923
1980-12-24,,2.3600,1.1750,0.9575,208.00,1.7630,1.1924
1980-12-25,,,,,,,
1980-12-26,,2.3790,1.1760,0.9565,208.40,1.7725,1.1920
1980-12-29,,2.3660,1.1750,0.9575,206.65,1.7750,1.1881
1980-12-30,,2.3900,1.1800,0.9610,203.10,1.7670,1.1887
1980-12-31,,2.3890,1.1814,0.9618,203.10,1.7875,1.1945
1981-01-01,,,,,,,
1981-01-02,,2.3820,1.1802,0.9615,202.50,1.7900,1.1948
1981-01-05,,2.4155,1.1847,0.9654,199.05,1.7570,1.1886
1981-01-06,,2.4225,1.1890,0.9695,199.70,1.7505,1.1882
1981-01-07,,2.4115,1.1890,0.9698,201.05,1.7670,1.1880
1981-01-08,,2.4035,1.1865,0.9665,201.70,1.7746,1.1879
1981-01-09,,2.3950,1.1852,0.9648,203.00,1.7970,1.1883
1981-01-12,,2.3970,1.1800,0.9625,204.10,1.8050,1.1894
1981-01-13,,2.3880,1.1793,0.9600,203.30,1.8120,1.1903
1981-01-14,,2.4025,1.1808,0.9600,203.05,1.8070,1.1909
1981-01-15,,2.4005,1.1815,0.9610,201.75,1.8155,1.1898
1981-01-16,,2.3935,1.1788,0.9597,202.90,1.8220,1.1919
1981-01-19,,2.4050,1.1810,0.9610,202.30,1.8290,1.1901
1981-01-20,,2.4185,1.1817,0.9615,200.65,1.8190,1.1904
1981-01-21,,2.4270,1.1865,0.9647,199.20,1.8120,1.1894
1981-01-22,,2.4030,1.1826,0.9640,200.85,1.8335,1.1911
1981-01-23,,2.4070,1.1802,0.9606,202.75,1.8405,1.1906
1981-01-26,,2.4160,1.1880,0.9585,203.55,1.8510,1.1900
1981-01-27,,2.4020,1.1770,0.9590,202.50,1.8695,1.1916
1981-01-28,,2.4083,1.1755,0.9570,204.50,1.8825,1.1943
1981-01-29,,2.3968,1.1740,0.9530,204.60,1.9030,1.1980
1981-01-30,,2.3655,1.1784,0.9488,206.70,1.9320,1.1943
1981-02-02,,2.3490,1.1690,0.9470,203.15,1.9200,1.1941
1981-02-03,,2.3505,1.1642,0.9232,204.05,1.9370,1.1971
1981-02-04,,2.3560,1.1666,0.9455,202.90,1.9160,1.1954
1981-02-05,,2.3405,1.1656,0.9453,202.95,1.9440,1.1971
1981-02-06,,2.3400,1.1656,0.9436,203.80,1.9420,1.1961
1981-02-09,,2.3405,1.1656,0.9437,203.90,1.9410,1.1972
1981-02-10,,2.3370,1.1653,0.9430,203.90,1.9485,1.1989
1981-02-11,,2.3375,1.1652,0.9415,203.90,1.9520,1.1967
1981-02-12,,,,,,,
1981-02-13,,2.2845,1.1556,0.9325,207.45,2.0175,1.2011
1981-02-16,,,,,,,
1981-02-17,,2.2630,1.1555,0.9280,206.80,1.9955,1.2061
1981-02-18,,2.2660,1.1595,0.9300,206.55,1.9880,1.2034
1981-02-19,,2.2840,1.1593,0.9307,206.80,1.9250,1.1993
1981-02-20,,2.3100,1.1670,0.9315,206.80,1.8850,1.1956
1981-02-23,,2.2440,1.1665,0.9320,208.05,1.9025,1.1967
1981-02-24,,2.2330,1.1625,0.9290,207.00,1.9190,1.1985
1981-02-25,,2.2280,1.1610,0.9245,207.30,1.9165,1.1977
1981-02-26,,2.2265,1.1585,0.9236,207.90,1.9480,1.1996
1981-02-27,,2.2040,1.1550,0.9200,209.70,1.9620,1.2013
1981-03-02,,2.1805,1.1515,0.9145,211.10,1.9825,1.2036
1981-03-03,,2.2050,1.1512,0.9145,208.60,1.9710,1.2034
1981-03-04,,2.1980,1.1562,0.9182,208.60,1.9475,1.2030
1981-03-05,,2.2040,1.1552,0.9145,208.90,1.9450,1.2010
1981-03-06,,2.1925,1.1550,0.9135,209.00,1.9575,1.1996
1981-03-09,,2.2150,1.1569,0.9150,206.00,1.9290,1.1977
1981-03-10,,2.2280,1.1620,0.9210,207.00,1.9230,1.1972
1981-03-11,,2.2165,1.1611,0.9203,207.60,1.9370,1.1986
1981-03-12,,2.2190,1.1612,0.9200,207.60,1.9370,1.1980
1981-03-13,,2.2170,1.1622,0.9198,207.55,1.9270,1.1926
1981-03-16,,2.2365,1.1648,0.9232,207.27,1.9020,1.1906
1981-03-17,,2.2490,1.1660,0.9245,207.70,1.9005,1.1864
1981-03-18,,2.2785,1.1702,0.9265,207.60,1.8650,1.1823
1981-03-19,,2.2805,1.1717,0.9280,208.75,1.8700,1.1818
1981-03-20,,2.2630,1.1732,0.9250,208.25,1.8865,1.1809
1981-03-23,,2.2495,1.1702,0.9235,208.60,1.8982,1.1827
1981-03-24,,2.2655,1.1710,0.9253,208.55,1.8965,1.1830
1981-03-25,,2.2625,1.1692,0.9248,208.85,1.9040,1.1833
1981-03-26,,2.2450,1.1650,0.9200,211.45,1.9280,1.1837
1981-03-27,,2.2260,1.1605,0.9157,211.80,1.9350,1.1882
1981-03-30,,2.2375,1.1627,0.9164,211.40,1.9120,1.1868
1981-03-31,,2.2325,1.1669,0.9155,211.25,1.9280,1.1873
1981-04-01,,2.2460,1.1638,0.9160,212.40,1.9165,1.1835
1981-04-02,,2.2180,1.1617,0.9120,213.80,1.9245,1.1819
1981-04-03,,2.1950,1.1587,0.9070,213.20,1.9425,1.1838
1981-04-06,,2.1750,1.1540,0.9022,214.00,1.9690,1.1880
1981-04-07,,2.2030,1.1558,0.9080,213.10,1.9390,1.1846
1981-04-08,,2.1960,1.1565,0.9080,213.45,1.9430,1.1838
1981-04-09,,2.1900,1.1555,0.9065,214.10,1.9540,1.1853
1981-04-10,,2.1850,1.1543,0.9055,215.17,1.9610,1.1867
1981-04-13,,2.1630,1.1511,0.9010,216.25,1.9805,1.1920
1981-04-14,,2.1758,1.1523,0.9030,215.22,1.9740,1.1917
1981-04-15,,2.1530,1.1490,0.8985,216.70,1.9885,1.1970
1981-04-16,,2.1540,1.1485,0.8974,216.80,1.9940,1.1949
1981-04-17,,2.1540,1.1490,0.8990,217.50,1.9985,1.1963
1981-04-20,,2.1575,1.1465,0.8950,218.20,1.9900,1.1956
1981-04-21,,2.1617,1.1480,0.8984,218.35,1.9930,1.1938
1981-04-22,,2.1865,1.1526,0.9010,216.85,1.9735,1.1934
1981-04-23,,2.1745,1.1528,0.9015,215.20,1.9830,1.1946
1981-04-24,,2.1670,1.1517,0.9010,214.30,1.9830,1.1930
1981-04-27,,2.1630,1.1540,0.9025,212.10,1.9910,1.1933
1981-04-28,,2.1560,1.1537,0.9010,212.30,1.9870,1.1950
1981-04-29,,2.1430,1.1512,0.8985,214.70,2.0210,1.1973
1981-04-30,,2.1395,1.1492,0.8970,215.78,2.0210,1.1962
1981-05-01,,2.1430,1.1487,0.8965,215.75,2.0180,1.1963
1981-05-04,,2.1180,1.1451,0.8900,217.10,2.0510,1.2008
1981-05-05,,2.1135,1.1420,0.8878,217.80,2.0675,1.2026
1981-05-06,,2.1168,1.1428,0.8885,216.90,2.0605,1.1990
1981-05-07,,2.1035,1.1410,0.8865,217.90,2.0755,1.1993
1981-05-08,,2.1155,1.1435,0.8888,217.60,2.0540,1.1996
1981-05-11,,2.1010,1.1427,0.8870,217.95,2.0755,1.2013
1981-05-12,,2.0875,1.1409,0.8845,219.75,2.0755,1.2019
1981-05-13,,2.0775,1.1395,0.8825,220.45,2.0780,1.2013
1981-05-14,,2.0663,1.1354,0.8802,222.35,2.0810,1.2018
1981-05-15,,2.0745,1.1352,0.8770,223.05,2.0690,1.2017
1981-05-18,,2.0882,1.1383,0.8792,221.97,2.0533,1.1990
1981-05-19,,2.0765,1.1402,0.8798,221.00,2.0580,1.2015
1981-05-20,,2.0810,1.1425,0.8784,220.80,2.0480,1.2016
1981-05-21,,2.0680,1.1419,0.8778,222.50,2.0760,1.2020
1981-05-22,,2.0725,1.1408,0.8768,222.50,2.0730,1.2011
1981-05-25,,,,,,,
1981-05-26,,2.0660,1.1384,0.8750,224.35,2.0760,1.2011
1981-05-27,,2.0600,1.1355,0.8710,224.95,2.0860,1.2023
1981-05-28,,2.0680,1.1388,0.8718,224.00,2.0728,1.2018
1981-05-29,,2.0700,1.1387,0.8709,223.90,2.0758,1.2037
1981-06-01,,2.0575,1.1411,0.8725,222.50,2.0760,1.2060
1981-06-02,,2.0360,1.1375,0.8712,223.85,2.1020,1.2079
1981-06-03,,2.0160,1.1373,0.8655,223.40,2.0900,1.2070
1981-06-04,,1.9400,1.1280,0.8532,226.40,2.1440,1.2105
1981-06-05,,1.9300,1.1260,0.8495,227.80,2.1350,1.2069
1981-06-08,,1.9400,1.1270,0.8516,227.90,2.1150,1.2057
1981-06-09,,1.9405,1.1270,0.8526,228.10,2.1120,1.2062
1981-06-10,,1.9705,1.1325,0.8555,225.45,2.0880,1.2026
1981-06-11,,1.9490,1.1323,0.8530,226.10,2.1150,1.2054
1981-06-12,,1.9570,1.1350,0.8531,224.15,2.0960,1.2047
1981-06-15,,2.0020,1.1435,0.8635,219.70,2.0445,1.2019
1981-06-16,,1.9948,1.1465,0.8660,220.15,2.0505,1.2040
1981-06-17,,1.9970,1.1491,0.8620,220.90,2.0480,1.2051
1981-06-18,,1.9760,1.1477,0.8600,222.10,2.0720,1.2059
1981-06-19,,1.9720,1.1460,0.8556,223.35,2.0680,1.2060
1981-06-22,,1.9918,1.1471,0.8600,222.52,2.0540,1.2018
1981-06-23,,1.9982,1.1505,0.8625,221.80,2.0340,1.1991
1981-06-24,,1.9790,1.1507,0.8608,222.80,2.0375,1.1995
1981-06-25,,1.9530,1.1475,0.8565,225.45,2.0390,1.2008
1981-06-26,,1.9490,1.1480,0.8540,224.85,2.0280,1.2027
1981-06-29,,1.9435,1.1483,0.8525,225.85,2.0335,1.1998
1981-06-30,,1.9300,1.1478,0.8500,226.85,2.0495,1.2006
1981-07-01,,1.9025,1.1468,0.8468,228.25,2.0750,1.2035
1981-07-02,,1.8840,1.1480,0.8440,226.75,2.0735,1.2023
1981-07-03,,1.8930,1.1451,0.8430,228.50,2.0750,1.2018
1981-07-06,,1.9000,1.1447,0.8440,229.83,2.0910,1.2022
1981-07-07,,1.9025,1.1455,0.8445,228.75,2.0915,1.2027
1981-07-08,,1.8790,1.1440,0.8410,229.45,2.1150,1.2058
1981-07-09,,1.8770,1.1430,0.8400,228.85,2.1060,1.2060
1981-07-10,,1.8925,1.1440,0.8420,228.30,2.0780,1.2031
1981-07-13,,1.8805,1.1450,0.8425,228.30,2.0710,1.2032
1981-07-14,,1.8620,1.1430,0.8374,231.00,2.0940,1.2056
1981-07-15,,1.8900,1.1460,0.8386,230.60,2.0700,1.2039
1981-07-16,,1.8825,1.1453,0.8406,231.28,2.0740,1.2042
1981-07-17,,1.8815,1.1456,0.8409,231.97,2.0845,1.2057
1981-07-20,,1.8670,1.1440,0.8385,233.00,2.0965,1.2068
1981-07-21,,1.8450,1.1395,0.8335,234.35,2.1160,1.2125
1981-07-22,,1.8607,1.1415,0.8335,234.50,2.1015,1.2129
1981-07-23,,1.8545,1.1398,0.8330,234.90,2.1085,1.2195
1981-07-24,,1.8622,1.1405,0.8321,234.52,2.1050,1.2083
1981-07-27,,1.8600,1.1409,0.8363,236.10,2.1125,1.2238
1981-07-28,,1.8635,1.1388,0.8310,237.25,2.1150,1.2267
1981-07-29,,1.8580,1.1395,0.8306,237.85,2.1220,1.2270
1981-07-30,,1.8570,1.1368,0.8260,238.80,2.1320,1.2250
1981-07-31,,1.8400,1.1352,0.8275,240.40,2.1485,1.2339
1981-08-03,,1.8015,1.1263,0.8205,245.40,2.1980,1.2426
1981-08-04,,1.7935,1.1225,0.8152,246.10,2.2040,1.2425
1981-08-05,,1.8055,1.1278,0.8167,240.90,2.1810,1.2425
1981-08-06,,1.7980,1.1300,0.8170,239.90,2.1889,1.2383
1981-08-07,,1.7905,1.1343,0.8190,234.90,2.1850,1.2421
1981-08-10,,1.7710,1.1320,0.8165,236.10,2.2000,1.2397
1981-08-11,,1.7760,1.1298,0.8150,235.75,2.1950,1.2323
1981-08-12,,1.8115,1.1384,0.8245,230.20,2.1600,1.2297
1981-08-13,,1.8040,1.1370,0.8210,231.70,2.1690,1.2303
1981-08-14,,1.8020,1.1373,0.8187,233.75,2.1860,1.2263
1981-08-17,,1.8225,1.1410,0.8240,229.80,2.1715,1.2227
1981-08-18,,1.8290,1.1440,0.8281,229.20,2.1765,1.2157
1981-08-19,,1.8315,1.1452,0.8256,230.35,2.1700,1.2113
1981-08-20,,1.8595,1.1490,0.8291,228.90,2.1520,1.2124
1981-08-21,,1.8765,1.1520,0.8298,227.25,2.1380,1.2061
1981-08-24,,1.8490,1.1518,0.8303,228.40,2.1465,1.2087
1981-08-25,,1.8235,1.1460,0.8260,230.60,2.1750,1.2142
1981-08-26,,1.8450,1.1468,0.8280,230.10,2.1480,1.2138
1981-08-27,,1.8425,1.1470,0.8278,230.95,2.1480,1.2112
1981-08-28,,1.8490,1.1495,0.8283,229.10,2.1320,1.2021
1981-08-31,,1.8450,1.1495,0.8285,230.50,2.1420,1.2020
1981-09-01,,1.8320,1.1460,0.8270,230.95,2.1595,1.2041
1981-09-02,,1.8415,1.1485,0.8285,229.70,2.1500,1.1959
1981-09-03,,1.8445,1.1490,0.8300,230.40,2.1170,1.1944
1981-09-04,,1.8430,1.1495,0.8303,229.70,2.0895,1.1982
1981-09-07,,,,,,,
1981-09-08,,1.7935,1.1438,0.8210,232.50,2.1180,1.2008
1981-09-09,,1.7810,1.1409,0.8190,233.80,2.0985,1.2086
1981-09-10,,1.8040,1.1440,0.8244,230.90,2.0630,1.2017
1981-09-11,,1.7790,1.1425,0.8220,231.35,2.0520,1.2043
1981-09-14,,1.7950,1.1468,0.8220,230.20,2.0330,1.2020
1981-09-15,,1.8330,1.1535,0.8335,225.70,1.9980,1.1999
1981-09-16,,1.8475,1.1557,0.8320,226.95,1.9800,1.2025
1981-09-17,,1.8320,1.1565,0.8355,226.30,1.9615,1.2025
1981-09-18,,1.8340,1.1566,0.8350,226.30,1.9480,1.2001
1981-09-21,,1.8540,1.1575,0.8346,224.20,1.9070,1.1961
1981-09-22,,1.8310,1.1575,0.8330,226.80,1.9600,1.1982
1981-09-23,,1.8115,1.1512,0.8281,227.90,1.9640,1.1986
1981-09-24,,1.7885,1.1475,0.8230,229.10,1.9750,1.1976
1981-09-25,,1.7855,1.1456,0.8200,229.70,1.9770,1.1983
1981-09-28,,1.7790,1.1417,0.8178,232.45,1.9790,1.2042
1981-09-29,,1.7945,1.1441,0.8185,231.90,1.9630,1.2029
1981-09-30,,1.8030,1.1428,0.8200,232.30,1.9750,1.2069
1981-10-01,,1.8310,1.1430,0.8225,233.10,1.9690,1.2054
1981-10-02,,1.8180,1.1450,0.8218,232.05,1.9350,1.2045
1981-10-05,,1.8545,1.1500,0.8293,227.60,1.8870,1.1991
1981-10-06,,1.8470,1.1485,0.8250,230.40,1.9050,1.2004
1981-10-07,,1.8690,1.1532,0.8325,228.50,1.8780,1.1989
1981-10-08,,1.8985,1.1535,0.8350,228.35,1.8660,1.1992
1981-10-09,,1.9010,1.1552,0.8355,226.55,1.8400,1.1975
1981-10-12,,,,,,,
1981-10-13,,1.8550,1.1520,0.8310,228.60,1.8600,1.1978
1981-10-14,,1.8530,1.1493,0.8295,228.75,1.8620,1.2011
1981-10-15,,1.8470,1.1460,0.8271,230.60,1.8700,1.2003
1981-10-16,,1.8310,1.1421,0.8228,230.60,1.8700,1.2031
1981-10-19,,1.8400,1.1427,0.8248,232.35,1.8645,1.2021
1981-10-20,,1.8190,1.1410,0.8200,232.70,1.8760,1.2019
1981-10-21,,1.8212,1.1370,0.8190,233.70,1.8965,1.2056
1981-10-22,,1.8148,1.1358,0.8175,233.65,1.9020,1.2061
1981-10-23,,1.8205,1.1385,0.8192,232.30,1.8890,1.2045
1981-10-26,,1.8050,1.1329,0.8130,236.15,1.9170,1.2081
1981-10-27,,1.8108,1.1336,0.8150,234.75,1.9085,1.2084
1981-10-28,,1.8245,1.1348,0.8150,234.05,1.8830,1.2074
1981-10-29,,1.8315,1.1355,0.8180,234.35,1.8600,1.2057
1981-10-30,,1.8620,1.1370,0.8210,232.80,1.8350,1.2030
1981-11-02,,1.8725,1.1426,0.8275,229.15,1.8025,1.1991
1981-11-03,,,,,,,
1981-11-04,,1.8780,1.1433,0.8273,227.30,1.7880,1.1968
1981-11-05,,1.8725,1.1436,0.8290,228.50,1.7930,1.1973
1981-11-06,,1.8750,1.1430,0.8265,229.05,1.7905,1.1929
1981-11-09,,1.8920,1.1439,0.8300,226.78,1.7700,1.1918
1981-11-10,,1.8670,1.1408,0.8255,229.85,1.7925,1.1939
1981-11-11,,,,,,,
1981-11-12,,1.8945,1.1435,0.8295,227.25,1.7590,1.1901
1981-11-13,,1.9070,1.1440,0.8290,227.35,1.7570,1.1889
1981-11-16,,1.9130,1.1442,0.8315,225.70,1.7660,1.1866
1981-11-17,,1.8930,1.1440,0.8295,224.25,1.8015,1.1879
1981-11-18,,1.9115,1.1461,0.8315,222.20,1.7890,1.1794
1981-11-19,,1.9110,1.1472,0.8325,220.30,1.7970,1.1838
1981-11-20,,1.8970,1.1455,0.8335,218.65,1.8180,1.1846
1981-11-23,,1.9037,1.1468,0.8330,217.60,1.8060,1.1829
1981-11-24,,1.9185,1.1482,0.8350,215.90,1.7855,1.1803
1981-11-25,,1.9280,1.1497,0.8350,216.60,1.7800,1.1799
1981-11-26,,,,,,,
1981-11-27,,1.9560,1.1507,0.8365,215.65,1.7775,1.1768
1981-11-30,,1.9550,1.1518,0.8365,214.20,1.7725,1.1766
1981-12-01,,1.9455,1.1480,0.8385,216.40,1.7865,1.1784
1981-12-02,,1.9525,1.1472,0.8395,214.70,1.7785,1.1776
1981-12-03,,1.9330,1.1431,0.8370,216.65,1.7930,1.1813
1981-12-04,,1.9415,1.1443,0.8355,216.50,1.7885,1.1783
1981-12-07,,1.9350,1.1430,0.8364,217.55,1.8070,1.1836
1981-12-08,,1.9265,1.1385,0.8345,218.00,1.8270,1.1836
1981-12-09,,1.9225,1.1390,0.8325,218.40,1.8300,1.1834
1981-12-10,,1.8928,1.1350,0.8300,218.60,1.8465,1.1863
1981-12-11,,1.8775,1.1333,0.8250,219.30,1.8460,1.1894
1981-12-14,,1.8655,1.1305,0.8230,220.75,1.8470,1.1960
1981-12-15,,1.8855,1.1330,0.8265,217.50,1.8330,1.1934
1981-12-16,,1.8865,1.1310,0.8255,218.30,1.8275,1.1921
1981-12-17,,1.8865,1.1320,0.8255,218.45,1.8230,1.1898
1981-12-18,,1.8775,1.1295,0.8227,219.00,1.8300,1.1884
1981-12-21,,1.8715,1.1289,0.8237,220.05,1.8210,1.1863
1981-12-22,,1.8860,1.1295,0.8225,219.35,1.8140,1.1822
1981-12-23,,1.8865,1.1275,0.8230,220.70,1.8140,1.1816
1981-12-24,,1.8930,1.1260,0.8225,222.10,1.8150,1.1836
1981-12-25,,,,,,,
1981-12-28,,1.8900,1.1250,0.8215,222.80,1.8090,1.1810
1981-12-29,,1.8905,1.1257,0.8210,222.30,1.8050,1.1857
1981-12-30,,1.9125,1.1285,0.8233,219.80,1.8040,1.1839
1981-12-31,,1.9150,1.1280,0.8230,219.80,1.7880,1.1863
1982-01-01,,,,,,,
1982-01-04,,1.9260,1.1290,0.8270,218.75,1.7915,1.1866
1982-01-05,,1.9120,1.1277,0.8248,219.70,1.8110,1.1895
1982-01-06,,1.9253,1.1275,0.8240,219.60,1.8105,1.1863
1982-01-07,,1.9200,1.1237,0.8230,222.00,1.8285,1.1876
1982-01-08,,1.9200,1.1240,0.8228,221.40,1.8270,1.1863
1982-01-11,,1.8870,1.1195,0.8175,223.30,1.8550,1.1897
1982-01-12,,1.8730,1.1190,0.8160,223.05,1.8580,1.1912
1982-01-13,,1.8680,1.1170,0.8152,224.35,1.8600,1.1908
1982-01-14,,1.8635,1.1140,0.8105,224.50,1.8545,1.1941
1982-01-15,,1.8700,1.1140,0.8220,224.50,1.8560,1.1946
1982-01-18,,1.8835,1.1140,0.8110,225.35,1.8490,1.1956
1982-01-19,,1.8940,1.1142,0.8135,224.50,1.8470,1.1938
1982-01-20,,1.8832,1.1128,0.8105,225.50,1.8605,1.1946
1982-01-21,,1.8800,1.1125,0.8107,225.65,1.8435,1.1910
1982-01-22,,1.8705,1.1090,0.8095,227.40,1.8530,1.1945
1982-01-25,,1.8545,1.1045,0.8050,229.40,1.8695,1.1984
1982-01-26,,1.8705,1.1052,0.8058,228.25,1.8510,1.1949
1982-01-27,,1.8660,1.1027,0.8040,229.60,1.8555,1.1969
1982-01-28,,1.8745,1.0990,0.8020,231.00,1.8575,1.1980
1982-01-29,,1.8790,1.0930,0.8050,228.30,1.8460,1.1967
1982-02-01,,1.8605,1.0957,0.8000,232.60,1.8750,1.2016
1982-02-02,,1.8625,1.0947,0.8003,233.25,1.8830,1.2067
1982-02-03,,1.8585,1.0920,0.7990,234.80,1.8970,1.2074
1982-02-04,,1.8700,1.0938,0.8005,233.15,1.8770,1.2048
1982-02-05,,1.8605,1.0915,0.7980,233.50,1.8850,1.2058
1982-02-08,,1.8625,1.0908,0.7984,234.75,1.8950,1.2087
1982-02-09,,1.8420,1.0862,0.7935,236.50,1.9115,1.2168
1982-02-10,,1.8475,1.0872,0.7940,236.35,1.9040,1.2144
1982-02-11,,1.8490,1.0870,0.7941,235.75,1.8973,1.2098
1982-02-12,,,,,,,
1982-02-15,,,,,,,
1982-02-16,,1.8322,1.0870,0.7875,240.65,1.9110,1.2185
1982-02-17,,1.8355,1.0763,0.7875,240.35,1.9145,1.2182
1982-02-18,,1.8515,1.0800,0.7905,235.50,1.8950,1.2146
1982-02-19,,1.8525,1.0813,0.7940,233.60,1.8840,1.2168
1982-02-22,,1.8475,1.0822,0.7936,232.10,1.8720,1.2164
1982-02-23,,1.8310,1.0775,0.7905,234.90,1.8790,1.2207
1982-02-24,,1.8295,1.0777,0.7865,234.45,1.8770,1.2203
1982-02-25,,1.8327,1.0753,0.7857,236.05,1.8800,1.2216
1982-02-26,,1.8200,1.0735,0.7850,237.25,1.8990,1.2290
1982-03-01,,1.8217,1.0700,0.7835,238.30,1.8935,1.2278
1982-03-02,,1.8125,1.0701,0.7825,237.70,1.8775,1.2253
1982-03-03,,1.8230,1.0705,0.7830,236.60,1.8805,1.2249
1982-03-04,,1.8275,1.0690,0.7836,236.55,1.8705,1.2191
1982-03-05,,1.8375,1.0698,0.7855,233.90,1.8500,1.2126
1982-03-08,,1.8250,1.0690,0.7850,234.30,1.8420,1.2136
1982-03-09,,1.8035,1.0640,0.7800,237.55,1.8655,1.2123
1982-03-10,,1.8100,1.0635,0.7800,237.25,1.8590,1.2127
1982-03-11,,1.8050,1.0608,0.7793,239.40,1.8695,1.2118
1982-03-12,,1.7975,1.0595,0.7785,240.10,1.8805,1.2155
1982-03-15,,1.8070,1.0586,0.7780,240.50,1.8775,1.2180
1982-03-16,,1.8020,1.0599,0.7765,241.60,1.8820,1.2169
1982-03-17,,1.8092,1.0602,0.7770,241.40,1.8820,1.2154
1982-03-18,,1.8095,1.0588,0.7770,242.10,1.8855,1.2154
1982-03-19,,1.7990,1.0565,0.7750,244.00,1.8975,1.2204
1982-03-22,,1.7978,1.0550,0.7744,245.30,1.9055,1.2203
1982-03-23,,1.8020,1.0550,0.7740,244.90,1.8960,1.2207
1982-03-24,,1.8045,1.0570,0.7750,243.60,1.8990,1.2239
1982-03-25,,1.7955,1.0540,0.7725,245.35,1.9065,1.2266
1982-03-26,,1.7900,1.0532,0.7705,247.10,1.9130,1.2282
1982-03-29,,1.7775,1.0505,0.7670,247.20,1.9385,1.2323
1982-03-30,,1.7835,1.0515,0.7678,245.30,1.9285,1.2277
1982-03-31,,1.7810,1.0494,0.7650,248.25,1.9385,1.2305
1982-04-01,,1.7900,1.0520,0.7678,246.20,1.9410,1.2267
1982-04-02,,1.7875,1.0511,0.7672,245.60,1.9395,1.2259
1982-04-05,,1.7722,1.0485,0.7635,248.40,1.9540,1.2265
1982-04-06,,1.7505,1.0478,0.7595,248.40,1.9670,1.2289
1982-04-07,,1.7630,1.0497,0.7635,245.90,1.9630,1.2326
1982-04-08,,1.7530,1.0435,0.7618,248.75,1.9860,1.2328
1982-04-09,,1.7540,1.0450,0.7610,248.05,1.9830,1.2316
1982-04-12,,1.7680,1.0473,0.7627,248.00,1.9785,1.2307
1982-04-13,,1.7690,1.0482,0.7630,246.70,1.9560,1.2244
1982-04-14,,1.7600,1.0478,0.7625,247.45,1.9695,1.2248
1982-04-15,,1.7598,1.0474,0.7620,248.40,1.9795,1.2218
1982-04-16,,1.7600,1.0478,0.7615,247.80,1.9780,1.2207
1982-04-19,,1.7730,1.0505,0.7650,245.00,1.9575,1.2185
1982-04-20,,1.7705,1.0522,0.7740,243.15,1.9490,1.2224
1982-04-21,,1.7770,1.0527,0.7670,243.20,1.9535,1.2226
1982-04-22,,1.7775,1.0535,0.7675,242.80,1.9660,1.2250
1982-04-23,,1.7720,1.0541,0.7678,241.15,1.9710,1.2242
1982-04-26,,1.7775,1.0552,0.7676,238.40,1.9565,1.2223
1982-04-27,,1.7745,1.0565,0.7680,238.00,1.9560,1.2253
1982-04-28,,1.7855,1.0588,0.7696,237.25,1.9510,1.2255
1982-04-29,,1.7940,1.0610,0.7692,235.90,1.9600,1.2223
1982-04-30,,1.7945,1.0614,0.7720,235.85,1.9570,1.2197
1982-05-03,,1.8135,1.0613,0.7705,236.60,1.9440,1.2245
1982-05-04,,1.7945,1.0595,0.7685,237.55,1.9575,1.2268
1982-05-05,,1.8050,1.0614,0.7710,234.10,1.9385,1.2231
1982-05-06,,1.8210,1.0660,0.7745,233.55,1.9185,1.2213
1982-05-07,,1.8262,1.0680,0.7760,232.92,1.8880,1.2231
1982-05-10,,1.8360,1.0660,0.7770,233.30,1.8985,1.2254
1982-05-11,,1.8330,1.0663,0.7755,232.85,1.9110,1.2323
1982-05-12,,1.8370,1.0650,0.7765,233.80,1.9280,1.2396
1982-05-13,,1.8240,1.0618,0.7735,235.20,1.9380,1.2388
1982-05-14,,1.8235,1.0616,0.7705,235.25,1.9460,1.2375
1982-05-17,,1.8165,1.0585,0.7720,236.85,1.9575,1.2392
1982-05-18,,1.8135,1.0572,0.7680,237.25,1.9745,1.2392
1982-05-19,,1.7965,1.0540,0.7680,238.95,1.9750,1.2366
1982-05-20,,1.7795,1.0548,0.7680,238.30,1.9730,1.2327
1982-05-21,,1.7975,1.0578,0.7680,237.60,1.9640,1.2355
1982-05-24,,1.8045,1.0578,0.7690,238.40,1.9570,1.2362
1982-05-25,,1.8048,1.0550,0.7685,240.20,1.9620,1.2376
1982-05-26,,1.8000,1.0539,0.7650,240.40,1.9730,1.2366
1982-05-27,,1.7895,1.0510,0.7635,242.90,1.9990,1.2423
1982-05-28,,1.7910,1.0503,0.7615,243.30,1.9975,1.2440
1982-05-31,,,,,,,
1982-06-01,,1.7875,1.0460,0.7610,244.30,2.0250,1.2491
1982-06-02,,1.7915,1.0456,0.7585,244.70,2.0200,1.2455
1982-06-03,,1.7962,1.0479,0.7603,243.20,2.0240,1.2438
1982-06-04,,1.7950,1.0477,0.7610,243.65,2.0290,1.2499
1982-06-07,,1.7900,1.0456,0.7590,245.65,2.0320,1.2540
1982-06-08,,1.7820,1.0427,0.7565,247.00,2.0450,1.2584
1982-06-09,,1.7745,1.0401,0.7540,248.95,2.0570,1.2639
1982-06-10,,1.7640,1.0383,0.7530,249.30,2.0630,1.2612
1982-06-11,,1.7745,1.0400,0.7550,247.55,2.0490,1.2619
1982-06-14,,1.7580,1.0337,0.7515,250.65,2.0715,1.2718
1982-06-15,,1.7612,1.0333,0.7515,251.65,2.0770,1.2751
1982-06-16,,1.7480,1.0303,0.7498,252.85,2.0955,1.2827
1982-06-17,,1.7430,1.0266,0.7470,254.50,2.1155,1.2892
1982-06-18,,1.7385,1.0238,0.7454,255.15,2.1260,1.2940
1982-06-21,,1.7270,1.0211,0.7400,257.15,2.1290,1.3002
1982-06-22,,1.7365,1.0231,0.7440,254.50,2.0890,1.2981
1982-06-23,,1.7295,1.0218,0.7397,256.00,2.1155,1.2990
1982-06-24,,1.7330,1.0227,0.7430,252.40,2.1030,1.2865
1982-06-25,,1.7190,1.0205,0.7392,257.70,2.1260,1.2874
1982-06-28,,1.7185,1.0168,0.7380,258.95,2.1365,1.2984
1982-06-29,,1.7350,1.0205,0.7394,255.55,2.1070,1.2995
1982-06-30,,1.7355,1.0221,0.7425,255.00,2.0995,1.2929
1982-07-01,,1.7350,1.0201,0.7412,255.95,2.1025,1.2860
1982-07-02,,1.7310,1.0199,0.7416,257.00,2.1040,1.2875
1982-07-05,,,,,,,
1982-07-06,,1.7238,1.0161,0.7390,257.70,2.1195,1.2919
1982-07-07,,1.7105,1.0130,0.7350,259.00,2.1440,1.2962
1982-07-08,,1.7105,1.0333,0.7360,257.85,2.1470,1.2900
1982-07-09,,1.7245,1.0158,0.7380,255.80,2.1230,1.2792
1982-07-12,,1.7325,1.0157,0.7418,254.25,2.1080,1.2717
1982-07-13,,1.7225,1.0113,0.7375,257.50,2.1300,1.2736
1982-07-14,,1.7230,1.0118,0.7400,256.35,2.1310,1.2712
1982-07-15,,1.7215,1.0121,0.7388,255.95,2.1230,1.2665
1982-07-16,,1.7240,1.0124,0.7390,254.05,2.1040,1.2637
1982-07-19,,1.7350,1.0132,0.7430,254.65,2.1050,1.2607
1982-07-20,,1.7390,1.0115,0.7422,253.75,2.0850,1.2570
1982-07-21,,1.7560,1.0109,0.7426,252.05,2.0600,1.2537
1982-07-22,,1.7475,1.0091,0.7427,251.85,2.0625,1.2603
1982-07-23,,1.7665,1.0040,0.7427,249.20,2.0210,1.2565
1982-07-26,,1.7640,1.0080,0.7441,250.95,2.0285,1.2636
1982-07-27,,1.7562,1.0044,0.7430,252.30,2.0485,1.2623
1982-07-28,,1.7435,1.0010,0.7418,254.80,2.0740,1.2601
1982-07-29,,1.7380,0.9970,0.7380,256.60,2.0955,1.2617
1982-07-30,,1.7380,0.9890,0.7300,258.10,2.1000,1.2556
1982-08-02,,1.7535,0.9965,0.7400,256.60,2.0660,1.2500
1982-08-03,,1.7485,0.9953,0.7382,257.85,2.0720,1.2528
1982-08-04,,1.7278,0.9890,0.7325,260.35,2.1170,1.2531
1982-08-05,,1.7155,0.9869,0.7315,259.85,2.1195,1.2481
1982-08-06,,1.7140,0.9848,0.7301,260.10,2.1310,1.2482
1982-08-09,,1.7000,0.9803,0.7277,262.30,2.1495,1.2549
1982-08-10,,1.6975,0.9797,0.7280,263.90,2.1465,1.2534
1982-08-11,,1.6980,0.9779,0.7265,263.40,2.1545,1.2535
1982-08-12,,1.6980,0.9745,0.7265,263.20,2.1590,1.2599
1982-08-13,,1.7020,0.9747,0.7260,262.10,2.1450,1.2520
1982-08-16,,1.7025,0.9719,0.7250,264.05,2.1600,1.2515
1982-08-17,,1.7070,0.9704,0.7340,264.05,2.1475,1.2392
1982-08-18,,1.7240,0.9740,0.7297,259.20,2.1100,1.2398
1982-08-19,,1.7235,0.9708,0.7310,258.35,2.1150,1.2420
1982-08-20,,1.7415,0.9757,0.7345,254.75,2.0760,1.2355
1982-08-23,,1.7440,0.9770,0.7353,254.60,2.0760,1.2373
1982-08-24,,1.7665,0.9811,0.7400,251.50,2.0400,1.2336
1982-08-25,,1.7605,0.9823,0.7410,251.00,2.0430,1.2335
1982-08-26,,1.7600,0.9790,0.7405,253.20,2.0700,1.2336
1982-08-27,,1.7360,0.9720,0.7335,256.60,2.0980,1.2398
1982-08-30,,1.7085,0.9657,0.7290,260.95,2.1400,1.2435
1982-08-31,,1.7205,0.9642,0.7273,261.10,2.1270,1.2392
1982-09-01,,1.7205,0.9665,0.7290,259.10,2.1250,1.2374
1982-09-02,,1.7350,0.9698,0.7328,256.20,2.1085,1.2366
1982-09-03,,1.7305,0.9670,0.7322,257.80,2.1030,1.2400
1982-09-06,,,,,,,
1982-09-07,,1.7278,0.9673,0.7318,257.45,2.1060,1.2410
1982-09-08,,1.7210,0.9640,0.7275,259.50,2.1250,1.2369
1982-09-09,,1.7280,0.9652,0.7285,258.65,2.1140,1.2330
1982-09-10,,1.7125,0.9608,0.7250,262.65,2.1440,1.2385
1982-09-13,,1.7053,0.9555,0.7215,264.00,2.1480,1.2374
1982-09-14,,1.7075,0.9568,0.7235,263.25,2.1450,1.2359
1982-09-15,,1.7065,0.9568,0.7238,263.40,2.1450,1.2354
1982-09-16,,1.7075,0.9553,0.7225,263.40,2.1390,1.2338
1982-09-17,,1.7130,0.9581,0.7240,263.20,2.1320,1.2340
1982-09-20,,1.7105,0.9566,0.7236,264.50,2.1400,1.2321
1982-09-21,,1.7100,0.9554,0.7225,265.10,2.1450,1.2286
1982-09-22,,1.7215,0.9568,0.7245,262.65,2.1380,1.2285
1982-09-23,,1.7105,0.9563,0.7225,264.95,2.1515,1.2278
1982-09-24,,1.7085,0.9540,0.7215,266.25,2.1660,1.2324
1982-09-27,,1.6958,0.9510,0.7180,269.80,2.1805,1.2348
1982-09-28,,1.6905,0.9492,0.7185,270.00,2.1815,1.2364
1982-09-29,,1.6955,0.9495,0.7178,268.85,2.1695,1.2337
1982-09-30,,1.6945,0.9495,0.7170,268.30,2.1710,1.2363
1982-10-01,,1.6980,0.9486,0.7190,268.90,2.1740,1.2353
1982-10-04,,1.6833,0.9458,0.7137,273.50,2.2025,1.2382
1982-10-05,,1.6865,0.9433,0.7120,273.80,2.1985,1.2403
1982-10-06,,1.6925,0.9433,0.7124,273.95,2.1880,1.2386
1982-10-07,,1.7035,0.9470,0.7148,270.10,2.1560,1.2350
1982-10-08,,1.7045,0.9515,0.7210,267.70,2.1540,1.2328
1982-10-11,,,,,,,
1982-10-12,,1.7240,0.9528,0.7225,262.60,2.1175,1.2250
1982-10-13,,1.7085,0.9500,0.7200,266.65,2.1415,1.2289
1982-10-14,,1.7060,0.9486,0.7190,268.50,2.1550,1.2288
1982-10-15,,1.7040,0.9452,0.7165,269.70,2.1515,1.2300
1982-10-18,,1.7080,0.9453,0.7175,268.55,2.1495,1.2280
1982-10-19,,1.7070,0.9455,0.7165,268.30,2.1580,1.2248
1982-10-20,,1.6973,0.9421,0.7145,270.40,2.1705,1.2279
1982-10-21,,1.6957,0.9410,0.7125,273.00,2.1750,1.2262
1982-10-22,,1.6980,0.9402,0.7120,273.45,2.1770,1.2262
1982-10-25,,1.6805,0.9375,0.7085,276.55,2.1980,1.2274
1982-10-26,,1.6860,0.9360,0.7094,276.05,2.1950,1.2272
1982-10-27,,1.6848,0.9362,0.7085,276.05,2.1920,1.2282
1982-10-28,,1.6780,0.9344,0.7080,277.45,2.2120,1.2272
1982-10-29,,1.6770,0.9358,0.7080,277.10,2.2075,1.2261
1982-11-01,,1.6825,0.9358,0.7080,276.90,2.1910,1.2245
1982-11-02,,,,,,,
1982-11-03,,1.6795,0.9352,0.7085,276.52,2.2000,1.2219
1982-11-04,,1.6665,0.9333,0.7060,277.65,2.2220,1.2229
1982-11-05,,1.6625,0.9342,0.7070,275.80,2.2180,1.2230
1982-11-08,,1.6505,0.9340,0.7060,276.00,2.2405,1.2226
1982-11-09,,1.6603,0.9366,0.7075,271.15,2.2105,1.2194
1982-11-10,,1.6625,0.9415,0.7110,268.10,2.2170,1.2210
1982-11-11,,,,,,,
1982-11-12,,1.6518,0.9394,0.7100,268.50,2.2240,1.2234
1982-11-15,,1.6315,0.9392,0.7090,267.35,2.2200,1.2249
1982-11-16,,1.6205,0.9418,0.7115,263.70,2.1925,1.2258
1982-11-17,,1.6015,0.9414,0.7080,263.30,2.2035,1.2259
1982-11-18,,1.6030,0.9413,0.7095,262.70,2.1985,1.2251
1982-11-19,,1.6195,0.9454,0.7130,257.85,2.1815,1.2211
1982-11-22,,1.5940,0.9484,0.7135,254.65,2.1920,1.2253
1982-11-23,,1.5972,0.9465,0.7120,257.05,2.1910,1.2263
1982-11-24,,1.5955,0.9506,0.7150,250.70,2.1655,1.2286
1982-11-25,,,,,,,
1982-11-26,,1.5925,0.9538,0.7150,250.20,2.1510,1.2382
1982-11-29,,1.6062,0.9555,0.7180,250.35,2.1330,1.2398
1982-11-30,,1.6320,0.9579,0.7190,249.20,2.1175,1.2373
1982-12-01,,1.6285,0.9590,0.7215,248.60,2.1110,1.2393
1982-12-02,,1.6365,0.9617,0.7235,248.10,2.0975,1.2407
1982-12-03,,1.6410,0.9626,0.7250,246.60,2.0760,1.2359
1982-12-06,,1.6200,0.9649,0.7245,245.10,2.0695,1.2411
1982-12-07,,1.6320,0.9645,0.7250,242.75,2.0590,1.2447
1982-12-08,,1.6270,0.9651,0.7248,242.15,2.0660,1.2410
1982-12-09,,1.6120,0.9622,0.7230,245.70,2.0935,1.2387
1982-12-10,,1.6100,0.9633,0.7225,244.25,2.0830,1.2350
1982-12-13,,1.6070,0.9592,0.7205,247.30,2.1190,1.2371
1982-12-14,,1.6165,0.9611,0.7220,244.30,2.0800,1.2366
1982-12-15,,1.6140,0.9624,0.7223,244.95,2.0920,1.2381
1982-12-16,,1.6200,0.9650,0.7265,243.30,2.0550,1.2396
1982-12-17,,1.6000,0.9648,0.7235,244.15,2.0490,1.2370
1982-12-20,,1.6105,0.9672,0.7237,244.45,2.0360,1.2361
1982-12-21,,1.6045,0.9698,0.7255,242.10,2.0210,1.2374
1982-12-22,,1.6070,0.9718,0.7270,240.50,2.0190,1.2376
1982-12-23,,1.5950,0.9717,0.7267,238.10,2.0100,1.2388
1982-12-24,,1.6000,0.9740,0.7270,238.10,2.0010,1.2408
1982-12-27,,1.6050,0.9747,0.7275,237.50,2.0010,1.2430
1982-12-28,,1.6190,0.9805,0.7300,234.65,1.9990,1.2420
1982-12-29,,1.6270,0.9821,0.7335,232.80,1.9950,1.2395
1982-12-30,,1.6165,0.9810,0.7330,234.50,2.0125,1.2356
1982-12-31,,1.6180,0.9800,0.7325,234.70,2.0075,1.2297
1983-01-03,,1.6235,0.9840,0.7335,232.00,1.9940,1.2300
1983-01-04,,1.6210,0.9852,0.7375,229.80,1.9890,1.2298
1983-01-05,,1.6210,0.9875,0.7355,229.10,1.9575,1.2297
1983-01-06,,1.6065,0.9866,0.7345,229.80,1.9600,1.2313
1983-01-07,,1.6100,0.9876,0.7345,229.10,1.9360,1.2267
1983-01-10,,1.5895,0.9895,0.7355,226.75,1.9175,1.2253
1983-01-11,,1.5840,0.9895,0.7325,228.80,1.9360,1.2231
1983-01-12,,1.5750,0.9890,0.7315,230.55,1.9460,1.2230
1983-01-13,,1.5780,0.9905,0.7320,229.10,1.9160,1.2194
1983-01-14,,1.5810,0.9886,0.7310,230.50,1.9340,1.2224
1983-01-17,,1.5890,0.9893,0.7325,229.60,1.9335,1.2223
1983-01-18,,1.5760,0.9846,0.7290,232.15,1.9640,1.2265
1983-01-19,,1.5740,0.9810,0.7260,234.95,1.9760,1.2252
1983-01-20,,1.5720,0.9798,0.7255,235.30,1.9780,1.2250
1983-01-21,,1.5675,0.9785,0.7250,236.35,1.9910,1.2283
1983-01-24,,1.5405,0.9733,0.7290,240.20,2.0250,1.2322
1983-01-25,,1.5388,0.9790,0.7220,235.85,1.9905,1.2360
1983-01-26,,1.5480,0.9750,0.7235,235.35,1.9875,1.2373
1983-01-27,,1.5365,0.9750,0.7210,235.85,1.9880,1.2356
1983-01-28,,1.5362,0.9732,0.7210,236.40,1.9910,1.2360
1983-01-31,,1.5202,0.9677,0.7210,239.85,2.0150,1.2367
1983-02-01,,1.5235,0.9678,0.7165,239.40,2.0155,1.2353
1983-02-02,,1.5135,0.9635,0.7135,242.20,2.0485,1.2384
1983-02-03,,1.5245,0.9655,0.7155,238.85,2.0185,1.2334
1983-02-04,,1.5245,0.9640,0.7140,240.30,2.0360,1.2285
1983-02-07,,1.5340,0.9665,0.7165,237.45,2.0190,1.2248
1983-02-08,,1.5365,0.9690,0.7207,237.45,2.0185,1.2247
1983-02-09,,1.5410,0.9702,0.7210,236.60,2.0210,1.2260
1983-02-10,,1.5490,0.9702,0.7218,235.10,2.0120,1.2272
1983-02-11,,1.5405,0.9706,0.7220,234.70,2.0060,1.2252
1983-02-14,,1.5385,0.9697,0.7200,234.80,2.0065,1.2245
1983-02-15,,1.5410,0.9699,0.7225,234.10,1.9995,1.2241
1983-02-16,,1.5510,0.9710,0.7225,232.60,1.9785,1.2235
1983-02-17,,1.5435,0.9689,0.7225,233.20,1.9915,1.2246
1983-02-18,,1.5435,0.9683,0.7215,233.60,1.9970,1.2247
1983-02-21,,,,,,,
1983-02-22,,1.5215,0.9640,0.7185,233.80,2.0190,1.2259
1983-02-23,,1.5330,0.9621,0.7180,235.05,2.0360,1.2301
1983-02-24,,1.5275,0.9615,0.7185,234.20,2.0245,1.2282
1983-02-25,,1.5270,0.9610,0.7190,235.05,2.0320,1.2282
1983-02-28,,1.5115,0.9545,0.7155,237.85,2.0625,1.2290
1983-03-01,,1.5045,0.9495,0.7126,239.00,2.0675,1.2279
1983-03-02,,1.5050,0.9502,0.7120,237.30,2.0545,1.2254
1983-03-03,,1.5125,0.9490,0.7135,236.40,2.0545,1.2228
1983-03-04,,1.5110,0.9465,0.7140,235.80,2.0430,1.2232
1983-03-07,,1.5168,0.9485,0.7150,235.70,2.0450,1.2229
1983-03-08,,1.4995,0.8535,0.6535,238.70,2.0625,1.2246
1983-03-09,,1.5025,0.8528,0.6535,237.70,2.0620,1.2276
1983-03-10,,1.5117,0.8583,0.6530,237.05,2.0520,1.2254
1983-03-11,,1.5027,0.8580,0.6530,238.45,2.0720,1.2265
1983-03-14,,1.5090,0.8753,0.6675,237.50,2.0635,1.2272
1983-03-15,,1.5140,0.8746,0.6590,237.25,2.0520,1.2243
1983-03-16,,1.5100,0.8740,0.6565,237.25,2.0500,1.2223
1983-03-17,,1.5023,0.8730,0.6555,239.10,2.0610,1.2231
1983-03-18,,1.4875,0.8680,0.6535,240.30,2.0670,1.2258
1983-03-21,,1.4705,0.8670,0.6510,240.85,2.0800,1.2241
1983-03-22,,1.4730,0.8671,0.6510,239.40,2.0780,1.2243
1983-03-23,,1.4580,0.8670,0.6500,238.80,2.0870,1.2276
1983-03-24,,1.4618,0.8690,0.6510,237.25,2.0710,1.2271
1983-03-25,,1.4600,0.8674,0.6515,237.10,2.0650,1.2272
1983-03-28,,1.4545,0.8653,0.6490,240.10,2.0855,1.2313
1983-03-29,,1.4543,0.8652,0.6490,240.05,2.0815,1.2305
1983-03-30,,1.4665,0.8658,0.6505,239.80,2.0840,1.2306
1983-03-31,,1.4825,0.8642,0.6525,239.00,2.0855,1.2341
1983-04-01,,1.4780,0.8645,0.6525,239.60,2.0875,1.2367
1983-04-04,,1.4885,0.8652,0.6530,239.00,2.0720,1.2379
1983-04-05,,1.5063,0.8660,0.6545,237.65,2.0515,1.2362
1983-04-06,,1.5170,0.8668,0.6550,237.05,2.0450,1.2346
1983-04-07,,1.5035,0.8662,0.6545,237.90,2.0500,1.2360
1983-04-08,,1.5050,0.8655,0.6535,239.30,2.0580,1.2352
1983-04-11,,1.5263,0.8675,0.6565,237.95,2.0510,1.2330
1983-04-12,,1.5425,0.8676,0.6570,238.05,2.0445,1.2318
1983-04-13,,1.5365,0.8668,0.6565,238.50,2.0560,1.2343
1983-04-14,,1.5402,0.8680,0.6575,238.25,2.0490,1.2333
1983-04-15,,1.5488,0.8690,0.6585,237.60,2.0400,1.2330
1983-04-18,,1.5610,0.8691,0.6586,237.80,2.0605,1.2368
1983-04-19,,1.5495,0.8694,0.6590,237.05,2.0640,1.2376
1983-04-20,,1.5420,0.8683,0.6585,237.38,2.0730,1.2344
1983-04-21,,1.5475,0.8693,0.6590,236.40,2.0635,1.2293
1983-04-22,,1.5430,0.8688,0.6590,236.85,2.0610,1.2270
1983-04-25,,1.5680,0.8700,0.6610,236.25,2.0555,1.2258
1983-04-26,,1.5700,0.8682,0.6608,237.35,2.0570,1.2280
1983-04-27,,1.5680,0.8692,0.6600,236.25,2.0525,1.2276
1983-04-28,,1.5592,0.8676,0.6583,238.20,2.0680,1.2271
1983-04-29,,1.5573,0.8671,0.6592,238.30,2.0730,1.2262
1983-05-02,,1.5707,0.8680,0.6590,237.60,2.0685,1.2239
1983-05-03,,1.5782,0.8685,0.6605,237.65,2.0678,1.2260
1983-05-04,,1.5787,0.8711,0.6615,236.25,2.0570,1.2256
1983-05-05,,1.5780,0.8715,0.6620,235.20,2.0535,1.2243
1983-05-06,,1.5790,0.8712,0.6625,234.70,2.0530,1.2270
1983-05-09,,1.5680,0.8728,0.6630,232.65,2.0390,1.2265
1983-05-10,,1.5645,0.8728,0.6622,232.50,2.0420,1.2268
1983-05-11,,1.5680,0.8782,0.6645,230.90,2.0240,1.2257
1983-05-12,,1.5681,0.8821,0.6642,231.50,2.0225,1.2265
1983-05-13,,1.5665,0.8850,0.6640,231.30,2.0230,1.2271
1983-05-16,,1.5605,0.8859,0.6633,233.30,2.0430,1.2288
1983-05-17,,1.5540,0.8835,0.6630,233.40,2.0480,1.2310
1983-05-18,,1.5585,0.8835,0.6628,232.75,2.0230,1.2311
1983-05-19,,1.5528,0.8816,0.6612,234.40,2.0695,1.2330
1983-05-20,,1.5562,0.8821,0.6620,234.10,2.0785,1.2335
1983-05-23,,1.5562,0.8814,0.6605,235.40,2.0785,1.2344
1983-05-24,,1.5677,0.8815,0.6629,236.60,2.0825,1.2351
1983-05-25,,1.5854,0.8820,0.6620,236.30,2.0730,1.2325
1983-05-26,,1.6020,0.8825,0.6637,236.55,2.0745,1.2330
1983-05-27,,1.6018,0.8830,0.6640,237.97,2.0850,1.2306
1983-05-30,,,,,,,
1983-05-31,,1.6005,0.8811,0.6628,238.85,2.0960,1.2300
1983-06-01,,1.5900,0.8802,0.6605,239.85,2.1090,1.2310
1983-06-02,,1.5816,0.8820,0.6615,238.35,2.1040,1.2296
1983-06-03,,1.5650,0.8806,0.6590,239.00,2.1085,1.2323
1983-06-06,,1.5760,0.8800,0.6585,240.50,2.1205,1.2344
1983-06-07,,1.5720,0.8790,0.6585,240.35,2.1300,1.2354
1983-06-08,,1.5696,0.8780,0.6580,241.38,2.1315,1.2357
1983-06-09,,1.5788,0.8762,0.6578,242.70,2.1290,1.2343
1983-06-10,,1.5705,0.8767,0.6575,242.18,2.1270,1.2339
1983-06-13,,1.5522,0.8774,0.6565,242.55,2.1270,1.2350
1983-06-14,,1.5225,0.8743,0.6530,243.05,2.1350,1.2364
1983-06-15,,1.5220,0.8747,0.6515,242.45,2.1375,1.2375
1983-06-16,,1.5270,0.8760,0.6535,240.55,2.1245,1.2350
1983-06-17,,1.5230,0.8753,0.6545,239.90,2.1185,1.2320
1983-06-20,,1.5320,0.8758,0.6550,239.25,2.1050,1.2311
1983-06-21,,1.5260,0.8761,0.6555,239.60,2.1105,1.2293
1983-06-22,,1.5305,0.8777,0.6565,237.40,2.0815,1.2277
1983-06-23,,1.5410,0.8783,0.6575,237.50,2.0845,1.2320
1983-06-24,,1.5455,0.8787,0.6585,237.30,2.0865,1.2325
1983-06-27,,1.5375,0.8752,0.6572,239.40,2.0960,1.2304
1983-06-28,,1.5325,0.8758,0.6535,238.80,2.0965,1.2295
1983-06-29,,1.5277,0.8750,0.6555,239.35,2.1060,1.2287
1983-06-30,,1.5330,0.8753,0.6555,239.28,2.1025,1.2276
1983-07-01,,1.5310,0.8762,0.6555,239.15,2.1060,1.2270
1983-07-04,,,,,,,
1983-07-05,,1.5285,0.8737,0.6540,240.70,2.1290,1.2308
1983-07-06,,1.5395,0.8735,0.6550,239.50,2.1250,1.2309
1983-07-07,,1.5390,0.8723,0.6550,240.85,2.1315,1.2317
1983-07-08,,1.5415,0.8733,0.6547,241.35,2.1290,1.2313
1983-07-11,,1.5340,0.8730,0.6540,241.65,2.1300,1.2316
1983-07-12,,1.5315,0.8725,0.6535,240.65,2.1170,1.2319
1983-07-13,,1.5298,0.8718,0.6540,239.80,2.1125,1.2327
1983-07-14,,1.5280,0.8725,0.6535,240.10,2.1150,1.2327
1983-07-15,,1.5165,0.8705,0.6520,241.25,2.1285,1.2341
1983-07-18,,1.5197,0.8710,0.6525,240.80,2.1220,1.2328
1983-07-19,,1.5179,0.8733,0.6525,240.80,2.1185,1.2330
1983-07-20,,1.5240,0.8750,0.6540,239.30,2.0995,1.2327
1983-07-21,,1.5250,0.8798,0.6545,239.60,2.0975,1.2334
1983-07-22,,1.5205,0.8793,0.6544,240.25,2.1070,1.2343
1983-07-25,,1.5215,0.8803,0.6535,240.55,2.1150,1.2339
1983-07-26,,1.5250,0.8790,0.6540,240.60,2.1120,1.2328
1983-07-27,,1.5275,0.8801,0.6535,240.87,2.1150,1.2332
1983-07-28,,1.5253,0.8812,0.6535,240.80,2.1230,1.2320
1983-07-29,,1.5200,0.8801,0.6530,241.75,2.1345,1.2340
1983-08-01,,1.5090,0.8790,0.6530,243.70,2.1550,1.2344
1983-08-02,,1.5072,0.8778,0.6520,243.15,2.1410,1.2355
1983-08-03,,1.5058,0.8763,0.6518,243.25,2.1540,1.2334
1983-08-04,,1.4875,0.8758,0.6495,243.60,2.1605,1.2338
1983-08-05,,1.4850,0.8746,0.6485,243.90,2.1705,1.2362
1983-08-08,,1.4910,0.8745,0.6485,244.25,2.1785,1.2363
1983-08-09,,1.4940,0.8762,0.6496,243.98,2.1775,1.2353
1983-08-10,,1.4810,0.8738,0.6470,245.80,2.1955,1.2369
1983-08-11,,1.4792,0.8716,0.6464,246.35,2.1920,1.2375
1983-08-12,,1.4815,0.8715,0.6462,247.05,2.1845,1.2372
1983-08-15,,1.4925,0.8742,0.6475,246.90,2.1685,1.2358
1983-08-16,,1.5075,0.8806,0.6522,243.15,2.1415,1.2333
1983-08-17,,1.5145,0.8814,0.6524,243.60,2.1410,1.2331
1983-08-18,,1.5233,0.8845,0.6547,242.98,2.1450,1.2336
1983-08-19,,1.5170,0.8834,0.6530,244.00,2.1550,1.2340
1983-08-22,,1.5280,0.8860,0.6555,243.10,2.1415,1.2323
1983-08-23,,1.5308,0.8884,0.6568,243.25,2.1380,1.2305
1983-08-24,,1.5198,0.8860,0.6547,242.90,2.1465,1.2299
1983-08-25,,1.5060,0.8882,0.6540,243.20,2.1460,1.2295
1983-08-26,,1.5045,0.8824,0.6510,245.65,2.1710,1.2305
1983-08-29,,1.5010,0.8802,0.6500,246.15,2.1792,1.2313
1983-08-30,,1.4988,0.8792,0.6502,246.25,2.1845,1.2322
1983-08-31,,1.4940,0.8782,0.6485,246.45,2.1870,1.2340
1983-09-01,,1.4974,0.8768,0.6490,246.50,2.1885,1.2334
1983-09-02,,1.4950,0.8762,0.6490,246.80,2.1900,1.2329
1983-09-05,,,,,,,
1983-09-06,,1.4985,0.8775,0.6500,245.85,2.1775,1.2308
1983-09-07,,1.4905,0.8766,0.6490,245.70,2.1810,1.2318
1983-09-08,,1.4922,0.8764,0.6493,244.60,2.1740,1.2308
1983-09-09,,1.4940,0.8796,0.6498,244.55,2.1695,1.2317
1983-09-12,,1.5010,0.8861,0.6528,243.42,2.1640,1.2309
1983-09-13,,1.4935,0.8874,0.6520,244.20,2.1795,1.2323
1983-09-14,,1.4900,0.8859,0.6510,245.30,2.1850,1.2338
1983-09-15,,1.4970,0.8875,0.6515,244.65,2.1780,1.2340
1983-09-16,,1.5020,0.8861,0.6525,243.55,2.1650,1.2338
1983-09-19,,1.5090,0.8885,0.6540,241.70,2.1530,1.2325
1983-09-20,,1.5080,0.8899,0.6547,242.50,2.1590,1.2328
1983-09-21,,1.5060,0.8920,0.6547,242.25,2.1610,1.2324
1983-09-22,,1.4975,0.8931,0.6535,242.80,2.1715,1.2337
1983-09-23,,1.5027,0.8948,0.6555,239.60,2.1450,1.2319
1983-09-26,,1.5032,0.8984,0.6580,238.05,2.1450,1.2324
1983-09-27,,1.4975,0.8969,0.6566,237.90,2.1385,1.2330
1983-09-28,,1.4992,0.8977,0.6575,236.90,2.1330,1.2331
1983-09-29,,1.4995,0.8970,0.6580,236.80,2.1306,1.2328
1983-09-30,,1.4977,0.8971,0.6580,235.65,2.1200,1.2330
1983-10-03,,1.4835,0.8979,0.6582,234.15,2.1130,1.2325
1983-10-04,,1.4750,0.8997,0.6567,234.10,2.1175,1.2327
1983-10-05,,1.4890,0.9052,0.6586,232.90,2.1015,1.2313
1983-10-06,,1.4903,0.9129,0.6517,232.40,2.0945,1.2304
1983-10-07,,1.5090,0.9142,0.6640,230.85,2.0870,1.2299
1983-10-10,,,,,,,
1983-10-11,,1.5080,0.9156,0.6646,232.05,2.1035,1.2320
1983-10-12,,1.5040,0.9120,0.6619,234.28,2.1230,1.2330
1983-10-13,,1.4995,0.9112,0.6625,233.15,2.1155,1.2326
1983-10-14,,1.4994,0.9113,0.6620,232.80,2.1210,1.2329
1983-10-17,,1.5005,0.9172,0.6635,232.95,2.1103,1.2320
1983-10-18,,1.5005,0.9171,0.6638,232.30,2.0980,1.2313
1983-10-19,,1.5003,0.9166,0.6626,232.65,2.0995,1.2313
1983-10-20,,1.4978,0.9165,0.6628,232.50,2.1040,1.2315
1983-10-21,,1.5018,0.9216,0.6640,232.38,2.1010,1.2312
1983-10-24,,1.4975,0.9190,0.6629,233.50,2.1208,1.2326
1983-10-25,,1.4997,0.9193,0.6635,232.45,2.1145,1.2325
1983-10-26,,1.4980,0.9175,0.6625,232.95,2.1230,1.2326
1983-10-27,,1.4942,0.9178,0.6625,232.60,2.1245,1.2325
1983-10-28,,1.4950,0.9186,0.6627,232.70,2.1295,1.2325
1983-10-31,,1.4952,0.9135,0.6615,234.05,2.1430,1.2326
1983-11-01,,1.4855,0.9133,0.6603,234.77,2.1615,1.2333
1983-11-02,,1.4871,0.9135,0.6595,234.45,2.1505,1.2330
1983-11-03,,1.4870,0.9149,0.6607,234.35,2.1580,1.2332
1983-11-04,,1.4880,0.9110,0.6582,236.65,2.1700,1.2344
1983-11-07,,1.4855,0.9108,0.6576,237.00,2.1770,1.2355
1983-11-08,,,,,,,
1983-11-09,,1.4845,0.9125,0.6590,235.40,2.1675,1.2355
1983-11-10,,1.4910,0.9169,0.6602,234.45,2.1520,1.2347
1983-11-11,,,,,,,
1983-11-14,,1.4840,0.9186,0.6606,234.65,2.1630,1.2357
1983-11-15,,1.4851,0.9215,0.6607,234.45,2.1634,1.2365
1983-11-16,,1.4830,0.9196,0.6597,235.40,2.1665,1.2367
1983-11-17,,1.4783,0.9170,0.6586,236.25,2.1830,1.2375
1983-11-18,,1.4695,0.9178,0.6577,235.95,2.1865,1.2381
1983-11-21,,1.4650,0.9189,0.6571,235.20,2.1830,1.2382
1983-11-22,,1.4740,0.9209,0.6585,234.50,2.1695,1.2367
1983-11-23,,1.4675,0.9205,0.6584,235.05,2.1790,1.2377
1983-11-24,,,,,,,
1983-11-25,,1.4595,0.9152,0.6555,235.10,2.1815,1.2401
1983-11-28,,1.4587,0.9135,0.6564,234.85,2.1770,1.2402
1983-11-29,,1.4600,0.9114,0.6555,234.60,2.1815,1.2406
1983-11-30,,1.4630,0.9147,0.6580,232.50,2.1615,1.2392
1983-12-01,,1.4578,0.9300,0.6620,232.53,2.1630,1.2400
1983-12-02,,1.4572,0.9170,0.6580,233.40,2.1740,1.2444
1983-12-05,,1.4455,0.9084,0.6536,235.20,2.1900,1.2457
1983-12-06,,1.4505,0.9085,0.6543,234.30,2.1865,1.2438
1983-12-07,,1.4390,0.9077,0.6542,234.05,2.1905,1.2445
1983-12-08,,1.4415,0.8985,0.6525,234.30,2.1940,1.2449
1983-12-09,,1.4350,0.9090,0.6500,236.90,2.2115,1.2492
1983-12-12,,1.4307,0.9100,0.6515,236.65,2.2120,1.2481
1983-12-13,,1.4165,0.9015,0.6495,236.25,2.2200,1.2507
1983-12-14,,1.4150,0.8920,0.6475,235.08,2.2125,1.2508
1983-12-15,,1.4215,0.8980,0.6485,234.90,2.2135,1.2493
1983-12-16,,1.4150,0.8930,0.6475,235.50,2.2160,1.2511
1983-12-19,,1.4182,0.8790,0.6447,236.10,2.2115,1.2501
1983-12-20,,1.4190,0.8775,0.6455,234.80,2.2080,1.2488
1983-12-21,,1.4225,0.8860,0.6468,234.70,2.2105,1.2491
1983-12-22,,1.4270,0.9015,0.6505,234.05,2.2115,1.2477
1983-12-23,,1.4315,0.9000,0.6505,233.90,2.1980,1.2460
1983-12-26,,,,,,,
1983-12-27,,1.4320,0.9000,0.6500,233.80,2.1900,1.2451
1983-12-28,,1.4360,0.8988,0.6510,233.40,2.1890,1.2461
1983-12-29,,1.4475,0.8965,0.6527,232.20,2.1840,1.2450
1983-12-30,,1.4515,0.8965,0.6545,231.70,2.1790,1.2445
1984-01-02,,,,,,,
1984-01-03,,1.4287,0.8975,0.6510,232.45,2.2165,1.2461
1984-01-04,,1.4173,0.8975,0.6485,233.42,2.2330,1.2490
1984-01-05,,1.4125,0.8995,0.6490,232.70,2.2315,1.2496
1984-01-06,,1.4070,0.9095,0.6494,232.70,2.2383,1.2497
1984-01-09,,1.4028,0.9108,0.6485,233.30,2.2520,1.2523
1984-01-10,,1.4024,0.9087,0.6482,233.45,2.2355,1.2518
1984-01-11,,1.3963,0.9013,0.6465,234.45,2.2530,1.2523
1984-01-12,,1.3981,0.9035,0.6460,234.87,2.2500,1.2499
1984-01-13,,1.4100,0.9075,0.6490,233.40,2.2275,1.2473
1984-01-16,,1.4195,0.9055,0.6500,233.30,2.2220,1.2448
1984-01-17,,1.4105,0.9030,0.6485,234.28,2.2365,1.2481
1984-01-18,,1.4140,0.9005,0.6482,233.60,2.2325,1.2485
1984-01-19,,1.4180,0.9008,0.6495,233.35,2.2230,1.2466
1984-01-20,,1.4005,0.9022,0.6470,234.50,2.2405,1.2472
1984-01-23,,1.4039,0.9035,0.6480,233.85,2.2370,1.2458
1984-01-24,,1.3990,0.9055,0.6473,234.35,2.2470,1.2475
1984-01-25,,1.4007,0.9085,0.6482,234.20,2.2440,1.2479
1984-01-26,,1.4060,0.9110,0.6495,234.10,2.2383,1.2466
1984-01-27,,1.4035,0.9158,0.6493,234.28,2.2460,1.2482
1984-01-30,,1.4074,0.9172,0.6498,234.58,2.2415,1.2486
1984-01-31,,1.4012,0.9172,0.6493,234.67,2.2530,1.2493
1984-02-01,,1.4100,0.9210,0.6513,234.25,2.2350,1.2473
1984-02-02,,1.4225,0.9232,0.6532,233.60,2.2175,1.2460
1984-02-03,,1.4310,0.9215,0.6538,232.70,2.1970,1.2464
1984-02-06,,1.4225,0.9215,0.6543,233.10,2.2130,1.2453
1984-02-07,,1.4107,0.9218,0.6515,234.50,2.2350,1.2477
1984-02-08,,1.4128,0.9278,0.6530,234.15,2.2295,1.2463
1984-02-09,,1.4210,0.9315,0.6530,233.88,2.2275,1.2461
1984-02-10,,1.4143,0.9303,0.6535,234.60,2.2400,1.2463
1984-02-13,,,,,,,
1984-02-14,,1.4280,0.9347,0.6548,233.95,2.2230,1.2476
1984-02-15,,1.4445,0.9390,0.6593,233.20,2.1970,1.2450
1984-02-16,,1.4460,0.9442,0.6604,232.85,2.1925,1.2465
1984-02-17,,1.4510,0.9454,0.6613,233.20,2.1945,1.2476
1984-02-20,,,,,,,
1984-02-21,,1.4410,0.9400,0.6600,234.10,2.2205,1.2498
1984-02-22,,1.4515,0.9415,0.6615,233.20,2.1940,1.2479
1984-02-23,,1.4575,0.9443,0.6623,233.60,2.1930,1.2494
1984-02-24,,1.4725,0.9435,0.6635,233.20,2.1740,1.2502
1984-02-27,,1.4730,0.9428,0.6628,233.30,2.1780,1.2535
1984-02-28,,1.4915,0.9441,0.6663,233.52,2.1665,1.2521
1984-02-29,,1.4905,0.9435,0.6662,233.43,2.1680,1.2519
1984-03-01,,1.4780,0.9442,0.6650,233.43,2.1760,1.2416
1984-03-02,,1.4810,0.9439,0.6662,228.20,2.1545,1.2511
1984-03-05,,1.4845,0.9550,0.6628,223.35,2.1280,1.2523
1984-03-06,,1.4840,0.9553,0.6728,223.35,2.1095,1.2558
1984-03-07,,1.4755,0.9540,0.6722,223.25,2.1160,1.2602
1984-03-08,,1.4580,0.9529,0.6685,224.55,2.1360,1.2651
1984-03-09,,1.4625,0.9542,0.6692,224.80,2.1340,1.2710
1984-03-12,,1.4532,0.9552,0.6680,224.83,2.1530,1.2784
1984-03-13,,1.4675,0.9630,0.6721,223.15,2.1260,1.2675
1984-03-14,,1.4665,0.9648,0.6725,223.70,2.1280,1.2748
1984-03-15,,1.4610,0.9640,0.6700,224.10,2.1430,1.2735
1984-03-16,,1.4450,0.9635,0.6680,225.85,2.1560,1.2697
1984-03-19,,1.4430,0.9554,0.6665,225.80,2.1630,1.2762
1984-03-20,,1.4390,0.9565,0.6660,226.00,2.1670,1.2767
1984-03-21,,1.4313,0.9510,0.6630,226.80,2.1767,1.2767
1984-03-22,,1.4303,0.9405,0.6612,226.45,2.1750,1.2743
1984-03-23,,1.4360,0.9420,0.6638,225.63,2.1720,1.2773
1984-03-26,,1.4475,0.9520,0.6665,224.67,2.1570,1.2774
1984-03-27,,1.4470,0.9485,0.6675,224.45,2.1522,1.2791
1984-03-28,,1.4465,0.9378,0.6650,224.70,2.1580,1.2793
1984-03-29,,1.4510,0.9387,0.6665,224.05,2.1440,1.2792
1984-03-30,,1.4375,0.9362,0.6638,224.75,2.1525,1.2766
1984-04-02,,1.4330,0.9380,0.6640,224.65,2.1535,1.2745
1984-04-03,,1.4315,0.9405,0.6633,225.10,2.1675,1.2778
1984-04-04,,1.4325,0.9403,0.6630,225.35,2.1715,1.2799
1984-04-05,,1.4260,0.9280,0.6600,225.60,2.1810,1.2788
1984-04-06,,1.4300,0.9208,0.6595,225.35,2.1750,1.2791
1984-04-09,,1.4250,0.9130,0.6585,225.50,2.1760,1.2797
1984-04-10,,1.4370,0.9185,0.6590,225.18,2.1695,1.2785
1984-04-11,,1.4360,0.9265,0.6640,222.70,2.1655,1.2778
1984-04-12,,1.4290,0.9188,0.6605,224.10,2.1715,1.2785
1984-04-13,,1.4290,0.9177,0.6595,224.70,2.1765,1.2787
1984-04-16,,1.4215,0.9175,0.6580,225.42,2.1868,1.2804
1984-04-17,,1.4211,0.9208,0.6585,225.05,2.1930,1.2799
1984-04-18,,1.4192,0.9222,0.6588,224.80,2.1903,1.2805
1984-04-19,,1.4177,0.9221,0.6540,225.10,2.2020,1.2813
1984-04-20,,1.4160,0.9225,0.6530,225.10,2.2020,1.2809
1984-04-23,,1.4155,0.9220,0.6550,224.75,2.1960,1.2812
1984-04-24,,1.4072,0.9180,0.6560,225.85,2.2175,1.2811
1984-04-25,,1.4115,0.9195,0.6562,225.60,2.2160,1.2792
1984-04-26,,1.4038,0.9195,0.6558,225.75,2.2262,1.2789
1984-04-27,,1.4015,0.9190,0.6545,226.55,2.2345,1.2810
1984-04-30,,1.3980,0.9190,0.6540,227.00,2.2465,1.2845
1984-05-01,,1.3975,0.9235,0.6546,226.95,2.2448,1.2903
1984-05-02,,1.3990,0.9287,0.6555,227.05,2.2477,1.2943
1984-05-03,,1.4130,0.9330,0.6572,226.40,2.2420,1.2888
1984-05-04,,1.4080,0.9263,0.6557,226.85,2.2505,1.2917
1984-05-07,,1.3855,0.9150,0.6505,229.00,2.2820,1.2944
1984-05-08,,1.3825,0.9112,0.6495,229.15,2.2820,1.2964
1984-05-09,,1.3890,0.9102,0.6500,228.87,2.2800,1.2951
1984-05-10,,1.3830,0.9034,0.6465,229.20,2.2880,1.2975
1984-05-11,,1.3835,0.9006,0.6470,230.30,2.2902,1.2942
1984-05-14,,1.3880,0.8955,0.6465,231.20,2.2800,1.2943
1984-05-15,,1.3875,0.8990,0.6470,231.75,2.2715,1.2940
1984-05-16,,1.3940,0.9033,0.6488,231.10,2.2680,1.2943
1984-05-17,,1.3940,0.8980,0.6475,232.33,2.2735,1.2942
1984-05-18,,1.3867,0.8941,0.6455,233.35,2.2810,1.2956
1984-05-21,,1.3905,0.8958,0.6464,233.00,2.2695,1.2943
1984-05-22,,1.3890,0.8981,0.6465,233.25,2.2670,1.2950
1984-05-23,,1.3765,0.9035,0.6480,232.37,2.2775,1.2952
1984-05-24,,1.3820,0.9015,0.6465,231.83,2.2680,1.2972
1984-05-25,,1.3830,0.8980,0.6468,231.70,2.2490,1.2948
1984-05-28,,,,,,,
1984-05-29,,1.3855,0.8987,0.6465,231.80,2.2590,1.2954
1984-05-30,,1.3840,0.8986,0.6467,231.48,2.2650,1.2944
1984-05-31,,1.3855,0.8990,0.6471,231.58,2.2600,1.2946
1984-06-01,,1.4035,0.9033,0.6490,230.15,2.2295,1.2940
1984-06-04,,1.4000,0.9035,0.6515,229.70,2.2260,1.2961
1984-06-05,,1.3945,0.8937,0.6495,230.45,2.2345,1.3010
1984-06-06,,1.4015,0.8972,0.6490,230.50,2.2335,1.2995
1984-06-07,,1.3968,0.8960,0.6485,231.35,2.2450,1.3006
1984-06-08,,1.3935,0.8970,0.6480,231.72,2.2490,1.3009
1984-06-11,,1.3880,0.8968,0.6476,231.93,2.2670,1.3018
1984-06-12,,1.3835,0.8937,0.6455,232.65,2.2787,1.3010
1984-06-13,,1.3855,0.8923,0.6458,232.40,2.2710,1.3010
1984-06-14,,1.3850,0.8920,0.6470,231.65,2.2720,1.3007
1984-06-15,,1.3785,0.8855,0.6405,233.00,2.2805,1.3000
1984-06-18,,1.3748,0.8820,0.6415,233.45,2.2930,1.3008
1984-06-19,,1.3780,0.8833,0.6424,232.95,2.2880,1.3005
1984-06-20,,1.3660,0.8755,0.6385,234.55,2.3060,1.3010
1984-06-21,,1.3620,0.8685,0.6377,234.85,2.3130,1.3033
1984-06-22,,1.3633,0.8685,0.6358,235.95,2.3135,1.3076
1984-06-25,,1.3510,0.8550,0.6315,237.95,2.3360,1.3104
1984-06-26,,1.3532,0.8610,0.6330,237.08,2.3220,1.3117
1984-06-27,,1.3490,0.8605,0.6328,238.00,2.3320,1.3154
1984-06-28,,1.3525,0.8668,0.6340,237.30,2.3270,1.3160
1984-06-29,,1.3575,0.8615,0.6340,237.30,2.3310,1.3199
1984-07-02,,1.3508,0.8583,0.6322,238.50,2.3425,1.3165
1984-07-03,,1.3370,0.8617,0.6285,239.63,2.3645,1.3192
1984-07-04,,,,,,,
1984-07-05,,1.3180,0.8470,0.6240,240.35,2.3740,1.3270
1984-07-06,,1.3162,0.8420,0.6240,241.25,2.3870,1.3265
1984-07-09,,1.3060,0.8302,0.6195,242.63,2.3920,1.3287
1984-07-10,,1.3095,0.8360,0.6212,241.45,2.3835,1.3277
1984-07-11,,1.3120,0.8320,0.6208,242.10,2.4030,1.3338
1984-07-12,,1.3065,0.8290,0.6185,242.68,2.4085,1.3348
1984-07-13,,1.3235,0.8355,0.6155,241.45,2.4000,1.3273
1984-07-16,,1.3265,0.8375,,240.70,2.3870,1.3271
1984-07-17,,1.3175,0.8310,,242.35,2.4075,1.3305
1984-07-18,,1.3140,0.8257,0.5010,243.85,2.4215,1.3316
1984-07-19,,1.3280,0.8300,0.4985,243.15,2.4075,1.3285
1984-07-20,,1.3232,0.8273,0.4955,245.20,2.4230,1.3278
1984-07-23,,1.3185,0.8188,0.4938,246.95,2.4400,1.3254
1984-07-24,,1.3240,0.8255,0.4947,246.18,2.4402,1.3193
1984-07-25,,1.3325,0.8339,0.4980,245.60,2.4340,1.3141
1984-07-26,,1.3308,0.8330,0.4995,243.65,2.4275,1.3120
1984-07-27,,1.3110,0.8280,0.4960,245.40,2.4620,1.3146
1984-07-30,,1.3075,0.8290,0.4943,246.05,2.4635,1.3154
1984-07-31,,1.3073,0.8265,0.4945,245.30,2.4725,1.3115
1984-08-01,,1.3010,0.8315,0.4943,245.75,2.4650,1.3089
1984-08-02,,1.3095,0.8363,0.4963,245.42,2.4510,1.3060
1984-08-03,,1.3270,0.8430,0.5000,241.80,2.4040,1.3073
1984-08-06,,1.3170,0.8412,0.4990,243.15,2.4205,1.3083
1984-08-07,,1.3060,0.8410,0.4962,244.50,2.4550,1.3056
1984-08-08,,1.3145,0.8427,0.4970,243.10,2.4450,1.3039
1984-08-09,,1.3115,0.8408,0.4968,243.35,2.4415,1.3095
1984-08-10,,1.3125,0.8430,0.4985,242.50,2.4425,1.3081
1984-08-13,,1.3050,0.8415,0.4970,244.08,2.4505,1.3069
1984-08-14,,1.3190,0.8420,0.5000,241.70,2.4215,1.3064
1984-08-15,,1.3203,0.8445,0.5000,241.90,2.4115,1.3043
1984-08-16,,1.3275,0.8552,0.5012,240.80,2.3755,1.3040
1984-08-17,,1.3220,0.8525,0.5020,241.10,2.3835,1.3045
1984-08-20,,1.3190,0.8557,0.5010,241.05,2.3960,1.3018
1984-08-21,,1.3135,0.8528,0.5002,242.15,2.4090,1.3022
1984-08-22,,1.3095,0.8545,0.4995,241.30,2.4005,1.3004
1984-08-23,,1.3125,0.8570,0.5008,240.60,2.3840,1.2991
1984-08-24,,1.3050,0.8555,0.5006,241.20,2.3930,1.2976
1984-08-27,,1.3075,0.8552,0.5005,241.60,2.4005,1.2995
1984-08-28,,1.3105,0.8512,0.4997,241.20,2.3925,1.3010
1984-08-29,,1.3150,0.8535,0.5003,240.60,2.3910,1.2989
1984-08-30,,1.3110,0.8490,0.4993,241.25,2.4015,1.2991
1984-08-31,,1.3075,0.8488,0.4995,241.90,2.4095,1.2974
1984-09-03,,,,,,,
1984-09-04,,1.2920,0.8395,0.4950,243.75,2.4475,1.2995
1984-09-05,,1.2810,0.8270,0.4925,244.70,2.4640,1.3044
1984-09-06,,1.2850,0.8335,0.4929,244.10,2.4615,1.3055
1984-09-07,,1.2730,0.8280,0.4908,245.80,2.4870,1.3155
1984-09-10,,1.2760,0.8300,0.4910,245.60,2.4920,1.3125
1984-09-11,,1.2750,0.8335,0.4918,245.55,2.4990,1.3163
1984-09-12,,1.2795,0.8331,0.4921,244.95,2.4900,1.3141
1984-09-13,,1.2675,0.8305,0.4905,245.80,2.5130,1.3161
1984-09-14,,1.2660,0.8315,0.4903,245.65,2.5050,1.3142
1984-09-17,,1.2420,0.8259,0.4874,247.20,2.5275,1.3185
1984-09-18,,1.2320,0.8275,0.4858,246.18,2.5430,1.3180
1984-09-19,,1.2370,0.8294,0.4863,245.75,2.5345,1.3173
1984-09-20,,1.2210,0.8265,0.4845,246.90,2.5570,1.3199
1984-09-21,,1.2450,0.8330,0.4890,244.40,2.5125,1.3166
1984-09-24,,1.2455,0.8325,0.4898,244.20,2.4920,1.3159
1984-09-25,,1.2315,0.8293,0.4873,246.00,2.5225,1.3178
1984-09-26,,1.2410,0.8304,0.4873,245.15,2.5080,1.3178
1984-09-27,,1.2460,0.8345,0.4897,245.10,2.5050,1.3180
1984-09-28,,1.2340,0.8290,0.4870,246.90,2.5330,1.3183
1984-10-01,,1.2375,0.8320,0.4870,246.40,2.5230,1.3172
1984-10-02,,1.2400,0.8320,0.4875,246.00,2.5095,1.3146
1984-10-03,,1.2495,0.8337,0.4895,245.75,2.4950,1.3119
1984-10-04,,1.2470,0.8323,0.4880,246.20,2.5080,1.3143
1984-10-05,,1.2375,0.8330,0.4879,246.95,2.5210,1.3187
1984-10-08,,,,,,,
1984-10-09,,1.2280,0.8330,0.4863,247.60,2.5430,1.3195
1984-10-10,,1.2330,0.8309,0.4850,247.05,2.5375,1.3167
1984-10-11,,1.2250,0.8311,0.4855,248.00,2.5470,1.3176
1984-10-12,,1.2230,0.8315,0.4855,248.10,2.5620,1.3195
1984-10-15,,1.2095,0.8293,0.4828,248.80,2.5720,1.3237
1984-10-16,,1.2035,0.8292,0.4827,248.98,2.5690,1.3264
1984-10-17,,1.2004,0.8309,0.4828,249.10,2.5580,1.3272
1984-10-18,,1.1870,0.8314,0.4818,248.90,2.5540,1.3284
1984-10-19,,1.1915,0.8336,0.4832,247.25,2.5335,1.3228
1984-10-22,,1.1990,0.8345,0.4836,247.30,2.5290,1.3210
1984-10-23,,1.2085,0.8370,0.4863,244.60,2.5045,1.3170
1984-10-24,,1.2220,0.8490,0.4894,244.12,2.4850,1.3157
1984-10-25,,1.2275,0.8496,0.4896,244.05,2.4750,1.3152
1984-10-26,,1.2220,0.8480,0.4890,245.50,2.4920,1.3180
1984-10-29,,1.2085,0.8416,0.4860,246.65,2.5210,1.3189
1984-10-30,,1.2125,0.8467,0.4875,245.60,2.5065,1.3177
1984-10-31,,1.2185,0.8502,0.4881,245.70,2.4940,1.3150
1984-11-01,,1.2350,0.8560,0.4909,244.30,2.4580,1.3120
1984-11-02,,1.2510,0.8584,0.4958,242.00,2.4260,1.3120
1984-11-05,,1.2685,0.8620,0.4950,242.05,2.4100,1.3092
1984-11-06,,,,,,,
1984-11-07,,1.2720,0.8633,0.4980,240.80,2.4170,1.3113
1984-11-08,,1.2697,0.8640,0.4965,240.95,2.4150,1.3143
1984-11-09,,1.2605,0.8600,0.4964,241.00,2.4260,1.3163
1984-11-12,,,,,,,
1984-11-13,,1.2715,0.8636,0.4978,240.45,2.4140,1.3153
1984-11-14,,1.2605,0.8608,0.4958,242.45,2.4500,1.3166
1984-11-15,,1.2610,0.8590,0.4955,242.50,2.4415,1.3162
1984-11-16,,1.2540,0.8599,0.4964,242.80,2.4530,1.3153
1984-11-19,,1.2487,0.8579,0.4936,243.65,2.4740,1.3168
1984-11-20,,1.2375,0.8564,0.4924,244.80,2.4900,1.3186
1984-11-21,,1.2272,0.8533,0.4903,245.53,2.5020,1.3176
1984-11-22,,,,,,,
1984-11-23,,1.2200,0.8568,0.4900,245.40,2.5015,1.3178
1984-11-26,,1.1995,0.8533,0.4873,246.15,2.5250,1.3194
1984-11-27,,1.2087,0.8565,0.4885,245.40,2.5230,1.3211
1984-11-28,,1.2010,0.8589,0.4877,245.45,2.5210,1.3236
1984-11-29,,1.2015,0.8607,0.4880,245.80,2.5285,1.3223
1984-11-30,,1.1970,0.8572,0.4870,247.50,2.5550,1.3242
1984-12-03,,1.1943,0.8542,0.4848,248.20,2.5655,1.3251
1984-12-04,,1.2085,0.8555,0.4876,246.45,2.5300,1.3218
1984-12-05,,1.2080,0.8545,0.4875,246.80,2.5450,1.3216
1984-12-06,,1.2070,0.8520,0.4866,246.55,2.5260,1.3208
1984-12-07,,1.2035,0.8488,0.4866,247.40,2.5440,1.3211
1984-12-10,,1.2030,0.8415,0.4847,246.82,2.5535,1.3220
1984-12-11,,1.1990,0.8436,0.4855,247.00,2.5510,1.3190
1984-12-12,,1.1987,0.8463,0.4857,247.25,2.5550,1.3206
1984-12-13,,1.1895,0.8421,0.4844,247.55,2.5620,1.3214
1984-12-14,,1.1935,0.8365,0.4831,247.75,2.5450,1.3207
1984-12-17,,1.1910,0.8387,0.4830,247.55,2.5500,1.3202
1984-12-18,,1.1860,0.8360,0.4835,246.75,2.5435,1.3176
1984-12-19,,1.1748,0.8326,0.4818,247.76,2.5580,1.3194
1984-12-20,,1.1645,0.8318,0.4795,248.10,2.5715,1.3184
1984-12-21,,1.1730,0.8337,0.4800,247.95,2.5670,1.3158
1984-12-24,,1.1730,0.8365,0.4800,248.10,2.5700,1.3164
1984-12-25,,,,,,,
1984-12-26,,1.1710,0.8335,0.4790,249.05,2.5760,1.3170
1984-12-27,,1.1625,0.8290,0.4767,250.20,2.5990,1.3206
1984-12-28,,1.1630,0.8283,0.4765,250.45,2.5910,1.3207
1984-12-31,,1.1580,0.8250,0.4755,251.60,2.6010,1.3217
1985-01-01,,,,,,,
1985-01-02,,1.1480,0.8164,0.4730,251.80,2.6170,1.3227
1985-01-03,,1.1505,0.8149,0.4726,252.45,2.6215,1.3209
1985-01-04,,1.1535,0.8123,0.4725,253.20,2.6340,1.3209
1985-01-07,,1.1415,0.8042,0.4700,255.95,2.6475,1.3217
1985-01-08,,1.1475,0.8118,0.4725,253.75,2.6365,1.3209
1985-01-09,,1.1410,0.8145,0.4715,255.10,2.6520,1.3202
1985-01-10,,1.1340,0.8185,0.4719,253.70,2.6360,1.3212
1985-01-11,,1.1245,0.8220,0.4715,253.83,2.6450,1.3214
1985-01-14,,1.1110,0.8171,0.4691,255.40,2.6770,1.3248
1985-01-15,,1.1195,0.8151,0.4699,254.70,2.6805,1.3246
1985-01-16,,1.1170,0.8184,0.4699,254.95,2.6765,1.3246
1985-01-17,,1.1187,0.8182,0.4701,254.55,2.6790,1.3272
1985-01-18,,1.1195,0.8148,0.4702,254.58,2.6815,1.3273
1985-01-21,,,,,,,
1985-01-22,,1.1235,0.8133,0.4695,254.00,2.6720,1.3242
1985-01-23,,1.1100,0.8113,0.4685,254.40,2.6835,1.3260
1985-01-24,,1.1180,0.8158,0.4695,253.70,2.6565,1.3241
1985-01-25,,1.1100,0.8155,0.4688,253.95,2.6635,1.3249
1985-01-28,,1.1110,0.8162,0.4685,254.18,2.6625,1.3260
1985-01-29,,1.1138,0.8160,0.4690,254.35,2.6670,1.3268
1985-01-30,,1.1260,0.8162,0.4699,254.50,2.6760,1.3271
1985-01-31,,1.1305,0.8138,0.4700,254.80,2.6750,1.3272
1985-02-01,,1.1240,0.8082,0.4692,256.75,2.7045,1.3279
1985-02-04,,1.1140,0.7933,0.4640,259.42,2.7395,1.3333
1985-02-05,,1.1112,0.7785,0.4618,259.70,2.7415,1.3350
1985-02-06,,1.1135,0.7806,0.4619,259.53,2.7375,1.3350
1985-02-07,,1.1160,0.7580,0.4591,260.65,2.7600,1.3363
1985-02-08,,1.1090,0.7700,0.4595,260.70,2.7750,1.3360
1985-02-11,,1.0970,0.7587,0.4559,261.65,2.7950,1.3391
1985-02-12,,,,,,,
1985-02-13,,1.0875,0.7370,0.4515,262.80,2.8120,1.3408
1985-02-14,,1.0920,0.7459,0.4537,260.50,2.7985,1.3407
1985-02-15,,1.1020,0.7380,0.4566,257.85,2.7770,1.3398
1985-02-18,,,,,,,
1985-02-19,,1.0929,0.6770,0.4435,260.70,2.8110,1.3469
1985-02-20,,1.0865,0.6820,0.4420,261.30,2.8230,1.3520
1985-02-21,,1.0815,0.7175,0.4468,261.80,2.8280,1.3680
1985-02-22,,1.0765,0.7040,0.4430,262.80,2.8580,1.3875
1985-02-25,,1.0545,0.6940,0.4402,262.65,2.9170,1.4025
1985-02-26,,1.0520,0.7030,0.4410,261.05,2.9060,1.3985
1985-02-27,,1.0875,0.7170,0.4460,259.30,2.8400,1.3820
1985-02-28,,1.0790,0.7100,0.4445,259.45,2.8570,1.3835
1985-03-01,,1.0720,0.7085,0.4300,260.35,2.8610,1.3885
1985-03-04,,1.0677,0.7035,0.4335,260.10,2.8930,1.3950
1985-03-05,,1.0545,0.6915,0.4510,261.00,2.9245,1.3982
1985-03-06,,1.0720,0.6812,0.4665,261.20,2.8980,1.4005
1985-03-07,,1.0674,0.6907,0.4500,261.00,2.9010,1.3980
1985-03-08,,1.0640,0.6900,0.4600,261.63,2.9030,1.4004
1985-03-11,,1.0885,0.7030,0.4735,259.25,2.8490,1.3885
1985-03-12,,1.0885,0.6960,0.4450,260.10,2.8400,1.3865
1985-03-13,,1.0860,0.6945,0.4450,260.25,2.8500,1.3885
1985-03-14,,1.0805,0.6902,0.4440,260.55,2.8800,1.3895
1985-03-15,,1.0840,0.6888,0.4430,260.55,2.8760,1.3875
1985-03-18,,1.1060,0.6920,0.4465,259.90,2.8430,1.3820
1985-03-19,,1.1355,0.6975,0.4470,256.30,2.7825,1.3752
1985-03-20,,1.1510,0.6950,0.4525,256.40,2.7550,1.3760
1985-03-21,,1.1870,0.7060,0.4590,254.10,2.7200,1.3690
1985-03-22,,1.1725,0.7000,0.4585,255.65,2.7310,1.3775
1985-03-25,,1.1710,0.6965,0.4560,256.65,2.7420,1.3830
1985-03-26,,1.1820,0.6990,0.4590,255.40,2.7200,1.3770
1985-03-27,,1.2375,0.7095,0.4670,251.95,2.6500,1.3650
1985-03-28,,1.2270,0.7030,0.4580,253.00,2.6500,1.3705
1985-03-29,,1.2360,0.7000,0.4630,251.00,2.6000,1.3675
1985-04-01,,1.2215,0.6770,0.4610,252.45,2.6390,1.3680
1985-04-02,,1.2050,0.6745,0.4605,254.30,2.6600,1.3742
1985-04-03,,1.2165,0.6600,0.4600,253.15,2.6420,1.3720
1985-04-04,,1.1935,0.6500,0.4500,254.50,2.6890,1.3775
1985-04-05,,1.1985,0.6520,0.4525,254.85,2.6750,1.3745
1985-04-08,,1.2010,0.6525,0.4525,255.50,2.6660,1.3725
1985-04-09,,1.2100,0.6675,0.4505,254.90,2.6530,1.3720
1985-04-10,,1.2150,0.6705,0.4515,254.25,2.6530,1.3743
1985-04-11,,1.2510,0.6725,0.4560,251.70,2.5930,1.3665
1985-04-12,,1.2545,0.6695,0.4565,251.35,2.5690,1.3645
1985-04-15,,1.2755,0.6700,0.4565,249.95,2.5290,1.3630
1985-04-16,,1.2775,0.6660,0.4565,249.55,2.5290,1.3600
1985-04-17,,1.2738,0.6415,0.4560,249.55,2.5310,1.3575
1985-04-18,,1.2935,0.6470,0.4600,247.60,2.4800,1.3525
1985-04-19,,1.2930,0.6440,0.4575,247.40,2.4765,1.3509
1985-04-22,,1.2780,0.6335,0.4550,248.80,2.5030,1.3525
1985-04-23,,1.2520,0.6420,0.4540,250.00,2.5570,1.3580
1985-04-24,,1.2300,0.6580,0.4520,251.30,2.5950,1.3685
1985-04-25,,1.2035,0.6730,0.4530,252.35,2.6215,1.3668
1985-04-26,,1.2160,0.6650,0.4545,252.95,2.6120,1.3660
1985-04-29,,1.2300,0.6545,0.4545,252.70,2.6130,1.3683
1985-04-30,,1.2410,0.6445,0.4540,251.50,2.6000,1.3670
1985-05-01,,1.2235,0.6460,0.4535,252.75,2.6400,1.3688
1985-05-02,,1.2205,0.6530,0.4530,252.95,2.6600,1.3735
1985-05-03,,1.2070,0.6600,0.4535,253.85,2.7110,1.3815
1985-05-06,,1.1880,0.6640,0.4525,254.55,2.7060,1.3815
1985-05-07,,1.2180,0.6705,0.4525,252.90,2.6630,1.3812
1985-05-08,,1.2075,0.6827,0.4530,253.75,2.6860,1.3855
1985-05-09,,1.2378,0.6915,0.4540,251.55,2.6160,1.3788
1985-05-10,,1.2335,0.6925,0.4530,252.40,2.6300,1.3772
1985-05-13,,1.2535,0.6980,0.4540,251.35,2.5840,1.3746
1985-05-14,,1.2735,0.6920,0.4540,249.60,2.5670,1.3745
1985-05-15,,1.2625,0.6863,0.4535,251.00,2.5810,1.3735
1985-05-16,,1.2590,0.6790,0.4480,251.50,2.5910,1.3721
1985-05-17,,1.2650,0.6838,0.4500,250.70,2.5820,1.3717
1985-05-20,,1.2825,0.6950,0.4525,249.65,2.5670,1.3677
1985-05-21,,1.2715,0.6905,0.4522,250.25,2.5820,1.3717
1985-05-22,,1.2635,0.6920,0.4520,250.75,2.5880,1.3695
1985-05-23,,1.2590,0.6780,0.4510,251.30,2.5860,1.3717
1985-05-24,,1.2585,0.6815,0.4513,251.10,2.6080,1.3759
1985-05-27,,,,,,,
1985-05-28,,1.2515,0.6635,0.4500,251.60,2.6175,1.3787
1985-05-29,,1.2665,0.6640,0.4498,251.75,2.5900,1.3815
1985-05-30,,1.2735,0.6633,0.4493,251.60,2.5990,1.3775
1985-05-31,,1.2860,0.6632,0.4507,251.20,2.5750,1.3745
1985-06-03,,1.2945,0.6635,0.4515,248.60,2.5610,1.3663
1985-06-04,,1.2760,0.6620,0.4490,249.10,2.5710,1.3685
1985-06-05,,1.2565,0.6585,0.4483,249.45,2.5840,1.3707
1985-06-06,,1.2710,0.6620,0.4495,247.70,2.5720,1.3705
1985-06-07,,1.2680,0.6643,0.4490,249.55,2.5980,1.3720
1985-06-10,,1.2570,0.6618,0.4480,250.00,2.6130,1.3738
1985-06-11,,1.2623,0.6643,0.4485,249.90,2.5990,1.3713
1985-06-12,,1.2665,0.6705,0.4495,249.85,2.6010,1.3695
1985-06-13,,1.2650,0.6650,0.4498,249.80,2.6100,1.3722
1985-06-14,,1.2800,0.6660,0.4537,248.75,2.5730,1.3678
1985-06-17,,1.2790,0.6642,0.4570,248.70,2.5745,1.3710
1985-06-18,,1.2990,0.6660,0.4600,247.55,2.5390,1.3670
1985-06-19,,1.3065,0.6673,0.4712,247.70,2.5300,1.3645
1985-06-20,,1.2769,0.6648,0.4650,248.35,2.5750,1.3645
1985-06-21,,1.2870,0.6655,0.4665,248.15,2.5650,1.3662
1985-06-24,,1.2870,0.6645,0.4690,248.80,2.5660,1.3653
1985-06-25,,1.2850,0.6665,0.4720,249.00,2.5710,1.3648
1985-06-26,,1.2980,0.6703,0.4745,248.45,2.5350,1.3628
1985-06-27,,1.2920,0.6665,0.4738,249.00,2.5640,1.3640
1985-06-28,,1.3095,0.6685,0.4840,248.40,2.5410,1.3592
1985-07-01,,1.3050,0.6678,0.4872,247.95,2.5490,1.3575
1985-07-02,,1.3040,0.6662,0.4816,248.35,2.5480,1.3575
1985-07-03,,1.3127,0.6688,0.4770,248.05,2.5420,1.3568
1985-07-04,,,,,,,
1985-07-05,,1.3270,0.6750,0.4730,247.00,2.5200,1.3575
1985-07-08,,1.3435,0.6788,0.4735,246.05,2.5005,1.3574
1985-07-09,,1.3650,0.6820,0.4755,244.25,2.4740,1.3546
1985-07-10,,1.3860,0.6918,0.4795,243.45,2.4510,1.3525
1985-07-11,,1.3810,0.7010,0.4835,243.00,2.4360,1.3537
1985-07-12,,1.3850,0.7004,0.4835,240.95,2.3990,1.3525
1985-07-15,,1.3890,0.7048,0.4915,237.65,2.3935,1.3505
1985-07-16,,1.3870,0.7098,0.4995,237.90,2.3935,1.3519
1985-07-17,,1.4112,0.7138,0.4975,236.50,2.3350,1.3473
1985-07-18,,1.4045,0.7127,0.5010,238.20,2.3690,1.3485
1985-07-19,,1.3990,0.7165,0.5063,238.75,2.3780,1.3481
1985-07-22,,1.3885,0.7120,0.5050,240.05,2.3790,1.3514
1985-07-23,,1.4100,0.7148,0.5150,238.00,2.3400,1.3482
1985-07-24,,1.3978,0.7065,0.5235,239.75,2.3690,1.3530
1985-07-25,,1.4105,0.7075,0.5155,238.90,2.3400,1.3512
1985-07-26,,1.4090,0.7070,0.5170,239.25,2.3350,1.3522
1985-07-29,,1.4278,0.7187,0.5218,237.15,2.2900,1.3493
1985-07-30,,1.4215,0.7110,0.5275,237.40,2.2970,1.3511
1985-07-31,,1.4110,0.7226,0.5263,236.45,2.2940,1.3540
1985-08-01,,1.3810,0.7160,0.5270,237.65,2.3200,1.3540
1985-08-02,,1.3710,0.7175,0.5260,237.45,2.3140,1.3523
1985-08-05,,1.3675,0.7185,0.5298,237.50,2.3245,1.3526
1985-08-06,,1.3460,0.7115,0.5280,238.45,2.3625,1.3582
1985-08-07,,1.3380,0.7055,0.5265,238.40,2.3620,1.3618
1985-08-08,,1.3555,0.7045,0.5310,238.50,2.3405,1.3610
1985-08-09,,1.3575,0.7080,0.5335,238.55,2.3410,1.3610
1985-08-12,,1.3835,0.7153,0.5446,237.30,2.3035,1.3588
1985-08-13,,1.3880,0.7125,0.5560,237.35,2.2990,1.3578
1985-08-14,,1.3840,0.7052,0.5488,238.00,2.3020,1.3571
1985-08-15,,1.3965,0.6965,0.5405,237.15,2.2670,1.3545
1985-08-16,,1.3995,0.7028,0.5350,236.85,2.2590,1.3537
1985-08-19,,1.3990,0.7060,0.5240,236.85,2.2615,1.3560
1985-08-20,,1.3890,0.7090,0.5360,237.40,2.2790,1.3552
1985-08-21,,1.3923,0.7065,0.5390,237.00,2.2680,1.3550
1985-08-22,,1.4075,0.7060,0.5390,235.85,2.2440,1.3547
1985-08-23,,1.4010,0.7040,0.5390,236.50,2.2530,1.3547
1985-08-26,,1.4073,0.7025,0.5330,236.89,2.2700,1.3578
1985-08-27,,1.3930,0.6990,0.5325,237.38,2.2880,1.3613
1985-08-28,,1.4015,0.7030,0.5335,237.00,2.2665,1.3601
1985-08-29,,1.3995,0.7030,0.5390,237.12,2.2805,1.3621
1985-08-30,,1.3910,0.7015,0.5425,239.00,2.3100,1.3659
1985-09-02,,,,,,,
1985-09-03,,1.3690,0.6870,0.5380,239.50,2.3520,1.3704
1985-09-04,,1.3728,0.6845,0.5360,239.60,2.3460,1.3688
1985-09-05,,1.3650,0.6898,0.5392,239.95,2.3565,1.3689
1985-09-06,,1.3250,0.6843,0.5350,243.60,2.4180,1.3702
1985-09-09,,1.3045,0.6675,0.5320,243.45,2.4230,1.3711
1985-09-10,,1.3130,0.6747,0.5185,242.75,2.4260,1.3716
1985-09-11,,1.3085,0.6720,0.5172,243.55,2.4400,1.3726
1985-09-12,,1.3185,0.6729,0.5240,243.20,2.4250,1.3734
1985-09-13,,1.3400,0.6780,0.5242,242.00,2.3930,1.3726
1985-09-16,,1.3420,0.6805,0.5250,241.35,2.3830,1.3743
1985-09-17,,1.3395,0.6827,0.5275,241.70,2.3790,1.3761
1985-09-18,,1.3350,0.6820,0.5275,242.25,2.3890,1.3787
1985-09-19,,1.3400,0.6815,0.5265,242.05,2.3830,1.3800
1985-09-20,,1.3670,0.6985,0.5330,240.10,2.3420,1.3759
1985-09-23,,1.4270,0.7035,0.5440,231.90,2.2410,1.3665
1985-09-24,,1.4315,0.7070,0.5415,229.80,2.2320,1.3610
1985-09-25,,1.4375,0.7130,0.5380,226.90,2.2060,1.3603
1985-09-26,,1.4370,0.7195,0.5395,220.30,2.1920,1.3590
1985-09-27,,1.4025,0.7110,0.5430,220.10,2.1970,1.3643
1985-09-30,,1.4085,0.7020,0.5475,216.50,2.1950,1.3710
1985-10-01,,1.4105,0.7110,0.5565,215.00,2.1680,1.3707
1985-10-02,,1.4135,0.7092,0.5520,214.10,2.1650,1.3643
1985-10-03,,1.4250,0.7120,0.5630,212.79,2.1470,1.3660
1985-10-04,,1.4155,0.7077,0.5590,213.45,2.1620,1.3675
1985-10-07,,1.4125,0.7038,0.5650,215.45,2.1710,1.3680
1985-10-08,,1.4130,0.7035,0.5685,216.00,2.1710,1.3670
1985-10-09,,1.4140,0.6962,0.5745,214.80,2.1760,1.3651
1985-10-10,,1.4110,0.7022,0.5765,215.40,2.1860,1.3684
1985-10-11,,1.4115,0.7033,0.5815,214.65,2.1780,1.3674
1985-10-14,,,,,,,
1985-10-15,,1.4128,0.7000,0.5880,215.45,2.1830,1.3703
1985-10-16,,1.4075,0.6990,0.5785,217.30,2.2050,1.3710
1985-10-17,,1.4140,0.7031,0.5790,215.15,2.1750,1.3664
1985-10-18,,1.4280,0.7047,0.5820,215.15,2.1690,1.3651
1985-10-21,,1.4335,0.7030,0.5815,215.70,2.1640,1.3634
1985-10-22,,1.4305,0.7013,0.5635,216.10,2.1730,1.3652
1985-10-23,,1.4335,0.6965,0.5600,215.90,2.1650,1.3642
1985-10-24,,1.4210,0.6987,0.5640,216.70,2.1720,1.3660
1985-10-25,,1.4220,0.6992,0.5590,214.90,2.1750,1.3672
1985-10-28,,1.4275,0.7000,0.5615,213.50,2.1670,1.3665
1985-10-29,,1.4352,0.6997,0.5660,212.43,2.1500,1.3651
1985-10-30,,1.4410,0.7010,0.5760,211.50,2.1500,1.3663
1985-10-31,,1.4405,0.6990,,211.55,2.1510,1.3668
1985-11-01,,1.4410,0.6975,,209.00,2.1360,1.3670
1985-11-04,,1.4405,0.6830,0.5825,207.90,2.1390,1.3695
1985-11-05,,1.4325,0.6683,0.5725,208.00,2.1520,1.3745
1985-11-06,,1.4353,0.6615,0.5860,205.25,2.1415,1.3763
1985-11-07,,1.4165,0.6645,0.5855,205.60,2.1600,1.3747
1985-11-08,,1.4167,0.6730,0.5850,205.85,2.1575,1.3769
1985-11-11,,,,,,,
1985-11-12,,1.4110,0.6610,0.5700,205.85,2.1530,1.3790
1985-11-13,,1.4235,0.6632,0.5690,204.00,2.1435,1.3798
1985-11-14,,1.4273,0.6698,0.5720,203.35,2.1440,1.3782
1985-11-15,,1.4217,0.6730,0.5590,204.30,2.1500,1.3769
1985-11-18,,1.4255,0.6735,0.5545,203.45,2.1420,1.3764
1985-11-19,,1.4345,0.6770,0.5575,203.00,2.1280,1.3756
1985-11-20,,1.4340,0.6787,0.5625,203.45,2.1420,1.3778
1985-11-21,,1.4415,0.6822,0.5755,202.10,2.1215,1.3769
1985-11-22,,1.4550,0.6883,0.5720,201.35,2.1075,1.3758
1985-11-25,,1.4628,0.6916,0.5745,200.80,2.1015,1.3776
1985-11-26,,1.4705,0.6913,0.5740,201.00,2.0910,1.3778
1985-11-27,,1.4738,0.6876,0.5765,201.05,2.0900,1.3781
1985-11-28,,,,,,,
1985-11-29,,1.4890,0.6859,0.5730,202.10,2.0810,1.3840
1985-12-02,,1.4875,0.6760,0.5720,204.03,2.1050,1.3895
1985-12-03,,1.4790,0.6770,0.5615,204.75,2.1135,1.3912
1985-12-04,,1.4860,0.6808,0.5640,202.65,2.0955,1.3890
1985-12-05,,1.4795,0.6815,0.5665,203.00,2.0960,1.3943
1985-12-06,,1.4785,0.6810,0.5645,203.40,2.1050,1.3957
1985-12-09,,1.4575,0.6786,0.5650,203.50,2.1165,1.3985
1985-12-10,,1.4350,0.6785,0.5630,203.60,2.1205,1.3980
1985-12-11,,1.4150,0.6840,0.5495,203.90,2.1290,1.3922
1985-12-12,,1.4395,0.6847,0.5355,202.05,2.1035,1.3893
1985-12-13,,1.4365,0.6853,0.5210,202.80,2.1065,1.3905
1985-12-16,,1.4375,0.6826,0.4795,202.60,2.1130,1.3936
1985-12-17,,1.4370,0.6798,0.5010,201.95,2.1060,1.3955
1985-12-18,,1.4195,0.6796,0.5035,203.15,2.1140,1.3957
1985-12-19,,1.4210,0.6828,0.5040,202.97,2.1150,1.3980
1985-12-20,,1.4250,0.6827,0.4960,202.70,2.1110,1.3962
1985-12-23,,1.4290,0.6800,0.5000,202.45,2.1050,1.3983
1985-12-24,,1.4270,0.6820,0.5020,202.75,2.1040,1.4000
1985-12-25,,,,,,,
1985-12-26,,1.4290,0.6820,0.5020,202.80,2.1030,1.4010
1985-12-27,,1.4360,0.6822,0.5015,202.20,2.0850,1.4000
1985-12-30,,1.4390,0.6810,0.5005,201.05,2.0810,1.3995
1985-12-31,,1.4450,0.6818,0.5005,200.25,2.0600,1.3985
1986-01-01,,,,,,,
1986-01-02,,1.4505,0.6820,0.5020,199.15,2.0500,1.4010
1986-01-03,,1.4380,0.6810,0.5005,202.53,2.0695,1.4035
1986-01-06,,1.4355,0.6807,0.5240,201.90,2.0690,1.4070
1986-01-07,,1.4395,0.6885,0.5200,201.70,2.0735,1.3993
1986-01-08,,1.4433,0.6886,0.4980,202.10,2.0860,1.4015
1986-01-09,,1.4500,0.6965,0.5070,202.10,2.0780,1.3980
1986-01-10,,1.4545,0.6956,0.5050,202.35,2.0840,1.3937
1986-01-13,,1.4420,0.6938,0.5030,202.70,2.0940,1.4025
1986-01-14,,1.4398,0.6911,0.5045,202.60,2.0900,1.4030
1986-01-15,,1.4420,0.6935,0.5115,202.50,2.0810,1.4067
1986-01-16,,1.4380,0.7015,0.5220,202.55,2.0850,1.4040
1986-01-17,,1.4367,0.6988,0.5200,202.52,2.0930,1.4007
1986-01-20,,,,,,,
1986-01-21,,1.4075,0.7003,0.5150,202.35,2.0865,1.4059
1986-01-22,,1.3943,0.7121,0.5185,201.70,2.0800,1.4048
1986-01-23,,1.3835,0.7136,0.5125,202.05,2.0765,1.4059
1986-01-24,,1.3940,0.7115,0.5225,196.05,2.0450,1.4133
1986-01-27,,1.3915,0.7128,0.5315,195.75,2.0345,1.4155
1986-01-28,,1.4080,0.7143,0.5270,195.65,2.0315,1.4206
1986-01-29,,1.4025,0.7151,0.5290,194.10,2.0230,1.4156
1986-01-30,,1.4090,0.7150,0.5390,193.05,2.0200,1.4208
1986-01-31,,1.4120,0.7138,0.5355,192.30,2.0360,1.4233
1986-02-03,,1.3860,0.7048,0.5335,191.55,2.0355,1.4320
1986-02-04,,1.3770,0.6927,0.5200,192.05,2.0435,1.4380
1986-02-05,,1.3905,0.6943,0.5310,190.65,2.0195,1.4280
1986-02-06,,1.3975,0.7007,0.5330,190.48,2.0220,1.4090
1986-02-07,,1.3990,0.6943,0.5320,191.35,2.0385,1.4068
1986-02-10,,1.4085,0.6940,0.5415,188.15,2.0065,1.3960
1986-02-11,,1.4120,0.6893,0.5425,187.45,1.9820,1.3985
1986-02-12,,1.4095,0.6849,0.5440,186.72,1.9690,1.3990
1986-02-13,,1.4175,0.6912,0.5342,182.30,1.9455,1.4025
1986-02-14,,1.4183,0.7018,0.5360,182.00,1.9450,1.3970
1986-02-17,,,,,,,
1986-02-18,,1.4283,0.7048,0.5408,181.05,1.9390,1.3963
1986-02-19,,1.4500,0.7090,0.5395,179.40,1.9080,1.3922
1986-02-20,,1.4515,0.7050,0.5305,181.10,1.9200,1.3895
1986-02-21,,1.4465,0.7025,0.5205,182.98,1.9330,1.3882
1986-02-24,,1.4630,0.7039,0.5250,182.15,1.9020,1.3878
1986-02-25,,1.4920,0.7083,0.5285,180.95,1.8855,1.3925
1986-02-26,,1.4890,0.7086,0.5302,181.15,1.8805,1.3951
1986-02-27,,1.4815,0.6970,0.5180,180.15,1.8760,1.4100
1986-02-28,,1.4460,0.6993,0.5230,180.55,1.8880,1.4230
1986-03-03,,1.4415,0.6963,0.5215,179.65,1.8800,1.4245
1986-03-04,,1.4630,0.7010,0.5195,179.00,1.8720,1.4230
1986-03-05,,1.4510,0.7028,0.5175,181.45,1.9160,1.4110
1986-03-06,,1.4575,0.7006,0.5180,179.30,1.8990,1.4138
1986-03-07,,1.4525,0.7021,0.5205,179.45,1.8965,1.4075
1986-03-10,,1.4430,0.7016,0.5210,180.70,1.9370,1.3970
1986-03-11,,1.4555,0.7050,0.5250,179.90,1.9220,1.3995
1986-03-12,,1.4670,0.7040,0.5295,180.20,1.9330,1.3980
1986-03-13,,1.4593,0.7045,0.5290,179.90,1.9330,1.3969
1986-03-14,,1.4610,0.7032,0.5280,177.15,1.9050,1.3895
1986-03-17,,1.4640,0.7083,0.5310,175.73,1.8850,1.3895
1986-03-18,,1.4767,0.7128,0.5290,175.00,1.8835,1.3885
1986-03-19,,1.4790,0.7100,0.5305,177.10,1.8950,1.3890
1986-03-20,,1.4875,0.7131,0.5335,176.37,1.8935,1.3970
1986-03-21,,1.5015,0.7137,0.5360,175.80,1.8725,1.3978
1986-03-24,,1.4875,0.7181,0.5330,178.90,1.9185,1.4007
1986-03-25,,1.4618,0.7210,0.5340,180.20,1.9610,1.4025
1986-03-26,,1.4750,0.7124,0.5330,179.80,1.9560,1.4025
1986-03-27,,1.4837,0.7121,0.5345,179.52,1.9470,1.3970
1986-03-28,,1.4740,0.7125,0.5330,179.85,1.9530,1.3969
1986-03-31,,1.4735,0.7116,0.5352,177.60,1.9560,1.3970
1986-04-01,,1.4710,0.7220,0.5420,178.15,1.9520,1.3923
1986-04-02,,1.4645,0.7199,0.5535,179.50,1.9810,1.3925
1986-04-03,,1.4595,0.7153,0.5500,179.90,2.0010,1.3930
1986-04-04,,1.4510,0.7170,0.5515,180.35,1.9920,1.3903
1986-04-07,,1.4555,0.7176,0.5518,182.85,2.0130,1.3863
1986-04-08,,1.4605,0.7200,0.5465,180.05,1.9765,1.3840
1986-04-09,,1.4610,0.7181,0.5502,180.05,1.9565,1.3829
1986-04-10,,1.4615,0.7142,0.5485,178.80,1.9450,1.3885
1986-04-11,,1.4760,0.7160,0.5525,178.35,1.9240,1.3910
1986-04-14,,1.4822,0.7168,0.5528,179.12,1.9350,1.4000
1986-04-15,,1.4800,0.7141,0.5533,178.25,1.9340,1.3923
1986-04-16,,1.5065,0.7176,0.5538,176.50,1.8885,1.3900
1986-04-17,,1.5285,0.7161,0.5498,175.15,1.8470,1.3908
1986-04-18,,1.5180,0.7175,0.5580,173.80,1.8570,1.3864
1986-04-21,,1.5112,0.7205,0.5730,172.00,1.8500,1.3852
1986-04-22,,1.5215,0.7297,0.5695,170.15,1.8450,1.3895
1986-04-23,,1.5235,0.7300,0.5760,169.35,1.8370,1.3952
1986-04-24,,1.5338,0.7306,0.5832,169.00,1.8410,1.3871
1986-04-25,,1.5440,0.7307,0.5795,168.10,1.8180,1.3840
1986-04-28,,1.5550,0.7380,0.5845,167.15,1.8085,1.3785
1986-04-29,,1.5520,0.7401,0.5837,167.85,1.8205,1.3795
1986-04-30,,1.5510,0.7407,0.5843,167.60,1.8130,1.3738
1986-05-01,,1.5292,0.7353,0.5765,169.65,1.8460,1.3775
1986-05-02,,1.5220,0.7347,0.5750,169.90,1.8550,1.3795
1986-05-05,,1.5410,0.7388,0.5795,165.62,1.8320,1.3755
1986-05-06,,1.5340,0.7355,0.5813,166.25,1.8460,1.3780
1986-05-07,,1.5415,0.7375,0.5833,165.10,1.8325,1.3800
1986-05-08,,1.5430,0.7435,0.5845,163.62,1.8150,1.3775
1986-05-09,,1.5425,0.7448,0.5892,162.35,1.8100,1.3800
1986-05-12,,1.5460,0.7465,0.5890,161.15,1.8045,1.3802
1986-05-13,,1.5348,0.7307,0.5610,163.00,1.8260,1.3790
1986-05-14,,1.5395,0.7110,0.5630,163.30,1.8175,1.3780
1986-05-15,,1.5350,0.7148,0.5595,163.60,1.8290,1.3755
1986-05-16,,1.5255,0.7208,0.5505,165.40,1.8415,1.3760
1986-05-19,,1.5177,0.7262,0.5560,168.15,1.8605,1.3770
1986-05-20,,1.5182,0.7232,0.5580,168.60,1.8680,1.3715
1986-05-21,,1.5165,0.7203,0.5550,168.77,1.8635,1.3665
1986-05-22,,1.4928,0.7138,0.5530,169.30,1.8910,1.3640
1986-05-23,,1.4940,0.7173,0.5540,169.60,1.8850,1.3680
1986-05-26,,,,,,,
1986-05-27,,1.5055,0.7204,0.5530,169.20,1.8810,1.3747
1986-05-28,,1.5020,0.7212,0.5550,169.00,1.8835,1.3755
1986-05-29,,1.4910,0.7200,0.5605,171.60,1.9088,1.3765
1986-05-30,,1.4723,0.7148,0.5630,174.50,1.9335,1.3797
1986-06-02,,1.4740,0.7070,0.5625,174.90,1.9295,1.3893
1986-06-03,,1.4930,0.7006,0.5640,171.60,1.8810,1.3928
1986-06-04,,1.4835,0.7003,0.5595,171.53,1.8860,1.3930
1986-06-05,,1.4955,0.6922,0.5550,168.90,1.8435,1.3930
1986-06-06,,1.5045,0.6990,0.5605,167.70,1.8410,1.3967
1986-06-09,,1.4980,0.6967,0.5600,167.87,1.8440,1.3927
1986-06-10,,1.5165,0.6950,0.5635,166.90,1.8290,1.3898
1986-06-11,,1.5270,0.6885,0.5602,166.35,1.8275,1.3888
1986-06-12,,1.5230,0.6903,0.5500,165.85,1.8280,1.3872
1986-06-13,,1.5235,0.6927,0.5440,165.25,1.8220,1.3840
1986-06-16,,1.5230,0.6951,0.5355,165.50,1.8160,1.3860
1986-06-17,,1.5015,0.6931,0.5350,167.80,1.8530,1.3908
1986-06-18,,1.5000,0.6920,0.5370,167.65,1.8500,1.3917
1986-06-19,,1.5035,0.6925,0.5315,166.88,1.8400,1.3947
1986-06-20,,1.4990,0.6906,0.5290,167.70,1.8475,1.3875
1986-06-23,,1.4995,0.6825,0.5305,167.90,1.8490,1.3880
1986-06-24,,1.5165,0.6790,0.5355,166.65,1.8240,1.3862
1986-06-25,,1.5165,0.6680,0.5280,166.10,1.8180,1.3860
1986-06-26,,1.5195,0.6673,0.5322,166.10,1.8195,1.3945
1986-06-27,,1.5290,0.6703,0.5405,165.45,1.8080,1.3885
1986-06-30,,1.5320,0.6735,0.5490,163.80,1.7965,1.3870
1986-07-01,,1.5495,0.6549,0.5390,162.70,1.7730,1.3802
1986-07-02,,1.5370,0.6469,0.5390,163.35,1.7840,1.3785
1986-07-03,,1.5455,0.6345,0.5305,161.40,1.7672,1.3780
1986-07-04,,,,,,,
1986-07-07,,1.5342,0.6370,0.5350,160.70,1.7810,1.3800
1986-07-08,,1.5310,0.6239,0.5285,161.00,1.7750,1.3817
1986-07-09,,1.5240,0.6320,0.5340,161.08,1.7850,1.3817
1986-07-10,,1.5155,0.6320,0.5335,160.50,1.7778,1.3779
1986-07-11,,1.5040,0.6381,0.5300,161.35,1.7900,1.3782
1986-07-14,,1.4805,0.6419,0.5325,160.25,1.7810,1.3769
1986-07-15,,1.4940,0.6410,0.5320,159.50,1.7595,1.3745
1986-07-16,,1.5140,0.6371,0.5330,158.40,1.7425,1.3760
1986-07-17,,1.5150,0.6368,0.5340,157.35,1.7447,1.3750
1986-07-18,,1.5045,0.6382,0.5340,156.45,1.7240,1.3753
1986-07-21,,1.4990,0.6413,0.5405,155.05,1.7130,1.3762
1986-07-22,,1.4900,0.6372,0.5405,156.80,1.7285,1.3839
1986-07-23,,1.4920,0.6263,0.5368,157.45,1.7270,1.3898
1986-07-24,,1.4935,0.6126,0.5305,156.70,1.7250,1.3885
1986-07-25,,1.4825,0.6015,0.5210,157.70,1.7315,1.3872
1986-07-28,,1.4805,0.6105,0.5270,155.95,1.7025,1.3880
1986-07-29,,1.4880,0.6093,0.5290,155.70,1.6915,1.3875
1986-07-30,,1.4895,0.6104,0.5180,156.10,1.6970,1.3839
1986-07-31,,1.4915,0.5959,0.5205,153.85,1.6780,1.3795
1986-08-01,,1.4850,0.6052,0.5190,153.85,1.6705,1.3807
1986-08-04,,1.4700,0.6014,0.5170,154.00,1.6780,1.3820
1986-08-05,,1.4850,0.6160,0.5165,154.95,1.6875,1.3800
1986-08-06,,1.4790,0.6200,0.5193,154.40,1.6780,1.3825
1986-08-07,,1.4765,0.6106,0.5185,153.80,1.6665,1.3813
1986-08-08,,1.4730,0.6084,0.5065,154.15,1.6690,1.3860
1986-08-11,,1.4857,0.6068,0.4950,153.77,1.6555,1.3858
1986-08-12,,1.4845,0.6083,0.4955,154.70,1.6785,1.3900
1986-08-13,,1.4860,0.6136,0.5015,154.30,1.6708,1.3885
1986-08-14,,1.4930,0.6213,0.5015,153.73,1.6615,1.3856
1986-08-15,,1.4940,0.6233,0.4950,154.20,1.6635,1.3892
1986-08-18,,1.4930,0.6251,0.4985,154.20,1.6760,1.3940
1986-08-19,,1.5015,0.6300,0.5050,153.50,1.6600,1.3945
1986-08-20,,1.5040,0.6118,0.5010,153.40,1.6475,1.3910
1986-08-21,,1.4981,0.6115,0.4855,153.25,1.6455,1.3900
1986-08-22,,1.4865,0.6070,0.4875,153.45,1.6505,1.3910
1986-08-25,,1.4778,0.6052,0.4855,153.84,1.6455,1.3940
1986-08-26,,1.4835,0.6069,0.4900,154.95,1.6520,1.3957
1986-08-27,,1.4840,0.6090,0.4945,154.68,1.6455,1.3965
1986-08-28,,1.4805,0.6085,0.4950,156.05,1.6515,1.3925
1986-08-29,,1.4880,0.6090,0.4865,154.55,1.6410,1.3881
1986-09-01,,,,,,,
1986-09-02,,1.4892,0.6093,0.4873,154.25,1.6390,1.3862
1986-09-03,,1.4995,0.6124,0.4880,154.70,1.6360,1.3867
1986-09-04,,1.5040,0.6162,0.4815,154.90,1.6430,1.3879
1986-09-05,,1.4950,0.6161,0.4785,155.40,1.6645,1.3862
1986-09-08,,1.4865,0.6155,0.4785,156.15,1.6898,1.3850
1986-09-09,,1.4840,0.6131,0.4745,155.70,1.6750,1.3815
1986-09-10,,1.4815,0.6075,0.4695,154.80,1.6745,1.3871
1986-09-11,,1.4695,0.6175,0.4755,156.40,1.6995,1.3885
1986-09-12,,1.4760,0.6196,0.4810,155.35,1.6710,1.3865
1986-09-15,,1.4808,0.6260,0.4775,155.18,1.6580,1.3860
1986-09-16,,1.4755,0.6247,0.4768,156.35,1.6575,1.3874
1986-09-17,,1.4750,0.6233,0.4755,154.80,1.6400,1.3907
1986-09-18,,1.4720,0.6253,0.4740,153.65,1.6105,1.3865
1986-09-19,,1.4755,0.6283,0.4735,152.00,1.6040,1.3880
1986-09-22,,1.4560,0.6306,0.4745,153.60,1.6390,1.3870
1986-09-23,,1.4487,0.6325,0.4810,154.66,1.6610,1.3875
1986-09-24,,1.4465,0.6305,0.4805,154.57,1.6580,1.3880
1986-09-25,,1.4345,0.6306,0.4782,154.55,1.6590,1.3896
1986-09-26,,1.4365,0.6292,0.4840,154.35,1.6610,1.3888
1986-09-29,,1.4330,0.6275,0.4915,153.65,1.6410,1.3884
1986-09-30,,1.4468,0.6279,0.4882,154.35,1.6470,1.3888
1986-10-01,,1.4440,0.6308,0.4882,154.15,1.6405,1.3880
1986-10-02,,1.4340,0.6310,0.5025,153.92,1.6265,1.3880
1986-10-03,,1.4425,0.6343,0.5053,154.17,1.6205,1.3865
1986-10-06,,1.4385,0.6351,0.5060,154.06,1.6195,1.3855
1986-10-07,,1.4320,0.6345,0.5043,154.07,1.6295,1.3870
1986-10-08,,1.4202,0.6365,0.5015,154.35,1.6280,1.3863
1986-10-09,,1.4215,0.6385,0.5110,154.95,1.6310,1.3870
1986-10-10,,1.4335,0.6385,0.5105,154.45,1.6185,1.3870
1986-10-13,,,,,,,
1986-10-14,,1.4370,0.6357,0.5030,153.97,1.6155,1.3887
1986-10-15,,1.4395,0.6409,0.5010,154.20,1.6150,1.3893
1986-10-16,,1.4375,0.6400,0.5015,154.20,1.6190,1.3893
1986-10-17,,1.4315,0.6378,0.4970,154.23,1.6210,1.3903
1986-10-20,,1.4298,0.6370,0.5015,154.75,1.6313,1.3917
1986-10-21,,1.4360,0.6370,0.5005,155.16,1.6298,1.3910
1986-10-22,,1.4310,0.6377,0.5060,155.80,1.6310,1.3904
1986-10-23,,1.4240,0.6467,0.5065,158.13,1.6432,1.3887
1986-10-24,,1.4125,0.6415,0.5080,161.35,1.6735,1.3881
1986-10-27,,1.4065,0.6412,0.5070,160.70,1.6930,1.3878
1986-10-28,,1.4155,0.6431,0.5065,160.10,1.6765,1.3884
1986-10-29,,1.4115,0.6425,0.5060,160.50,1.6760,1.3886
1986-10-30,,1.3973,0.6418,0.5055,161.78,1.7035,1.3884
1986-10-31,,1.4055,0.6408,0.5070,163.40,1.7110,1.3905
1986-11-03,,1.4113,0.6402,0.5045,164.00,1.7182,1.3913
1986-11-04,,1.4148,0.6413,0.5030,163.92,1.7160,1.3905
1986-11-05,,1.4230,0.6428,0.5043,164.50,1.7260,1.3885
1986-11-06,,1.4310,0.6421,0.5070,163.30,1.7195,1.3876
1986-11-07,,1.4258,0.6438,0.5118,163.20,1.7200,1.3885
1986-11-10,,1.4354,0.6460,0.5170,162.85,1.6990,1.3879
1986-11-11,,,,,,,
1986-11-12,,1.4265,0.6451,0.5180,160.62,1.6795,1.3858
1986-11-13,,1.4245,0.6450,0.5165,160.90,1.6690,1.3844
1986-11-14,,1.4303,0.6453,0.5165,161.45,1.6615,1.3843
1986-11-17,,1.4280,0.6415,0.5135,162.82,1.6750,1.3852
1986-11-18,,1.4225,0.6428,0.5145,162.80,1.6750,1.3832
1986-11-19,,1.4180,0.6441,0.5168,162.40,1.6710,1.3836
1986-11-20,,1.4107,0.6436,0.5185,162.75,1.6700,1.3852
1986-11-21,,1.4230,0.6442,0.5178,164.05,1.6925,1.3870
1986-11-24,,1.4165,0.6452,0.5175,164.18,1.6900,1.3859
1986-11-25,,1.4222,0.6475,0.5200,162.55,1.6595,1.3858
1986-11-26,,1.4315,0.6505,0.5208,162.95,1.6600,1.3853
1986-11-27,,,,,,,
1986-11-28,,1.4335,0.6504,0.5108,162.05,1.6430,1.3840
1986-12-01,,1.4375,0.6500,0.4978,162.25,1.6380,1.3825
1986-12-02,,1.4343,0.6493,0.4980,162.00,1.6445,1.3828
1986-12-03,,1.4320,0.6515,0.5075,162.26,1.6415,1.3836
1986-12-04,,1.4290,0.6540,0.5062,162.77,1.6630,1.3813
1986-12-05,,1.4285,0.6535,0.5045,162.42,1.6725,1.3792
1986-12-08,,1.4195,0.6530,0.5015,162.40,1.6795,1.3775
1986-12-09,,1.4235,0.6511,0.4974,162.60,1.6910,1.3775
1986-12-10,,1.4252,0.6527,0.5030,162.75,1.6825,1.3793
1986-12-11,,1.4230,0.6582,0.5065,162.70,1.6880,1.3809
1986-12-12,,1.4273,0.6586,0.5110,163.05,1.6950,1.3785
1986-12-15,,1.4320,0.6610,0.5160,163.25,1.7005,1.3795
1986-12-16,,1.4295,0.6637,0.5142,163.95,1.7050,1.3793
1986-12-17,,1.4298,0.6645,0.5165,163.65,1.7010,1.3790
1986-12-18,,1.4307,0.6645,0.5205,163.00,1.6883,1.3797
1986-12-19,,1.4325,0.6694,0.5215,162.20,1.6850,1.3794
1986-12-22,,1.4415,0.6752,0.5275,162.75,1.6600,1.3780
1986-12-23,,1.4525,0.6645,0.5215,162.70,1.6415,1.3776
1986-12-24,,1.4585,0.6610,0.5225,161.45,1.6440,1.3784
1986-12-25,,,,,,,
1986-12-26,,1.4580,0.6610,0.5225,159.75,1.6390,1.3820
1986-12-29,,1.4683,0.6628,0.5238,159.05,1.6235,1.3816
1986-12-30,,1.4685,0.6638,0.5242,159.90,1.6255,1.3831
1986-12-31,,1.4825,0.6653,0.5305,158.30,1.6140,1.3810
1987-01-01,,,,,,,
1987-01-02,,1.4900,0.6658,0.5255,158.25,1.6100,1.3785
1987-01-05,,1.4728,0.6692,0.5332,159.40,1.6290,1.3758
1987-01-06,,1.4762,0.6642,0.5353,158.78,1.6132,1.3744
1987-01-07,,1.4705,0.6635,0.5420,158.05,1.6205,1.3718
1987-01-08,,1.4750,0.6665,0.5412,158.23,1.6110,1.3711
1987-01-09,,1.4780,0.6670,0.5363,158.20,1.6057,1.3702
1987-01-12,,1.4918,0.6670,0.5380,156.77,1.5817,1.3662
1987-01-13,,1.4903,0.6552,0.5245,155.75,1.5760,1.3661
1987-01-14,,1.5055,0.6440,0.5325,152.80,1.5400,1.3635
1987-01-15,,1.5042,0.6498,0.5255,153.55,1.5470,1.3630
1987-01-16,,1.5155,0.6521,0.5300,153.40,1.5450,1.3633
1987-01-19,,,,,,,
1987-01-20,,1.5200,0.6631,0.5375,152.68,1.5415,1.3589
1987-01-21,,1.5170,0.6617,0.5385,153.95,1.5510,1.3570
1987-01-22,,1.5320,0.6593,0.5373,151.90,1.5225,1.3573
1987-01-23,,1.5205,0.6615,0.5383,153.08,1.5370,1.3590
1987-01-26,,1.5270,0.6625,0.5440,152.65,1.5325,1.3521
1987-01-27,,1.5357,0.6617,0.5390,151.65,1.5155,1.3436
1987-01-28,,1.5360,0.6603,0.5395,151.75,1.5030,1.3382
1987-01-29,,1.5368,0.6614,0.5420,152.10,1.5030,1.3420
1987-01-30,,1.5140,0.6618,0.5410,153.65,1.5460,1.3390
1987-02-02,,1.5241,0.6610,0.5415,152.57,1.5255,1.3340
1987-02-03,,1.5275,0.6655,0.5440,152.50,1.5180,1.3330
1987-02-04,,1.5228,0.6693,0.5458,152.80,1.5325,1.3260
1987-02-05,,1.5150,0.6682,0.5455,153.63,1.5495,1.3315
1987-02-06,,1.5065,0.6693,0.5460,154.45,1.5660,1.3341
1987-02-09,,1.5190,0.6650,0.5433,152.55,1.5325,1.3360
1987-02-10,,1.5350,0.6674,0.5468,152.40,1.5180,1.3360
1987-02-11,,1.5230,0.6680,0.5460,153.70,1.5380,1.3438
1987-02-12,,1.5190,0.6666,0.5425,154.10,1.5460,1.3455
1987-02-13,,1.5200,0.6643,0.5440,153.70,1.5490,1.3425
1987-02-16,,,,,,,
1987-02-17,,1.5305,0.6618,0.5452,153.22,1.5335,1.3300
1987-02-18,,1.5312,0.6665,0.5472,153.85,1.5480,1.3308
1987-02-19,,1.5260,0.6652,0.5505,154.13,1.5530,1.3325
1987-02-20,,1.5283,0.6648,0.5503,153.65,1.5452,1.3303
1987-02-23,,1.5420,0.6678,0.5500,153.68,1.5475,1.3324
1987-02-24,,1.5395,0.6695,0.5530,153.78,1.5500,1.3310
1987-02-25,,1.5370,0.6742,0.5545,153.60,1.5395,1.3305
1987-02-26,,1.5395,0.6743,0.5582,153.15,1.5360,1.3324
1987-02-27,,1.5460,0.6770,0.5605,153.27,1.5385,1.3332
1987-03-02,,1.5638,0.6813,0.5635,153.50,1.5417,1.3316
1987-03-03,,1.5600,0.6786,0.5605,153.65,1.5450,1.3327
1987-03-04,,1.5642,0.6802,0.5642,153.71,1.5485,1.3328
1987-03-05,,1.5778,0.6788,0.5580,153.20,1.5440,1.3342
1987-03-06,,1.5890,0.6775,0.5565,153.47,1.5510,1.3330
1987-03-09,,1.5880,0.6795,0.5637,153.80,1.5647,1.3348
1987-03-10,,1.5842,0.6835,0.5670,153.65,1.5635,1.3352
1987-03-11,,1.5910,0.6877,0.5695,153.82,1.5698,1.3270
1987-03-12,,1.5885,0.6895,0.5720,153.63,1.5600,1.3211
1987-03-13,,1.5750,0.6775,0.5550,152.65,1.5540,1.3213
1987-03-16,,1.5830,0.6793,0.5630,151.65,1.5375,1.3165
1987-03-17,,1.5975,0.6876,0.5665,151.95,1.5395,1.3129
1987-03-18,,1.6058,0.6870,0.5655,151.95,1.5380,1.3133
1987-03-19,,1.6033,0.6857,0.5595,151.48,1.5345,1.3155
1987-03-20,,1.6022,0.6857,0.5568,151.70,1.5370,1.3088
1987-03-23,,1.6170,0.6884,0.5585,150.25,1.5235,1.3085
1987-03-24,,1.6100,0.6929,0.5632,149.32,1.5235,1.3078
1987-03-25,,1.6058,0.6950,0.5670,149.15,1.5248,1.3114
1987-03-26,,1.6060,0.6954,0.5640,149.20,1.5270,1.3085
1987-03-27,,1.6030,0.6980,0.5642,147.72,1.5200,1.3065
1987-03-30,,1.6075,0.7025,0.5655,146.40,1.5070,1.3087
1987-03-31,,1.6070,0.7045,0.5697,145.68,1.5055,1.3053
1987-04-01,,1.6020,0.7057,0.5705,146.82,1.5215,1.3097
1987-04-02,,1.6070,0.7042,0.5695,146.50,1.5160,1.3073
1987-04-03,,1.6095,0.7097,0.5722,146.20,1.5210,1.3080
1987-04-06,,1.6170,0.7110,0.5727,146.10,1.5195,1.3077
1987-04-07,,1.6183,0.7084,0.5705,145.35,1.5150,1.3057
1987-04-08,,1.6128,0.7091,0.5750,146.60,1.5300,1.3077
1987-04-09,,1.6177,0.7145,0.5765,144.70,1.5145,1.3028
1987-04-10,,1.6250,0.7182,0.5760,142.55,1.4960,1.3023
1987-04-13,,1.6235,0.7229,0.5804,142.65,1.4995,1.3028
1987-04-14,,1.6330,0.7224,0.5802,141.13,1.4860,1.3195
1987-04-15,,1.6330,0.7258,0.5828,141.75,1.4890,1.3247
1987-04-16,,1.6310,0.7153,0.5780,143.00,1.4930,1.3185
1987-04-17,,1.6300,0.7120,0.5780,143.20,1.4965,1.3200
1987-04-20,,1.6317,0.7122,0.5780,142.40,1.4935,1.3183
1987-04-21,,1.6332,0.7081,0.5728,142.35,1.4945,1.3220
1987-04-22,,1.6275,0.7057,0.5790,142.35,1.4975,1.3305
1987-04-23,,1.6370,0.7115,0.5832,141.20,1.4825,1.3317
1987-04-24,,1.6570,0.7094,0.5848,139.75,1.4635,1.3363
1987-04-27,,1.6675,0.7130,0.5860,138.40,1.4605,1.3380
1987-04-28,,1.6545,0.7035,0.5802,139.90,1.4680,1.3354
1987-04-29,,1.6597,0.7063,0.5815,140.20,1.4745,1.3363
1987-04-30,,1.6605,0.7020,0.5780,140.67,1.4770,1.3371
1987-05-01,,1.6685,0.7018,0.5752,140.35,1.4610,1.3380
1987-05-04,,1.6800,0.7046,0.5770,139.10,1.4525,1.3447
1987-05-05,,1.6885,0.7103,0.5780,138.67,1.4540,1.3420
1987-05-06,,1.6843,0.7103,0.5760,139.20,1.4555,1.3363
1987-05-07,,1.6790,0.7111,0.5715,139.40,1.4605,1.3365
1987-05-08,,1.6745,0.7117,0.5730,139.60,1.4710,1.3370
1987-05-11,,1.6580,0.7131,0.5760,139.50,1.4785,1.3350
1987-05-12,,1.6692,0.7161,0.5770,139.60,1.4690,1.3358
1987-05-13,,1.6715,0.7120,0.5747,139.76,1.4705,1.3393
1987-05-14,,1.6778,0.7142,0.5770,139.50,1.4695,1.3391
1987-05-15,,1.6783,0.7176,0.5780,139.80,1.4616,1.3403
1987-05-18,,1.6838,0.7220,0.5815,139.95,1.4595,1.3406
1987-05-19,,1.6825,0.7211,0.5790,140.00,1.4590,1.3406
1987-05-20,,1.6830,0.7236,0.5795,139.78,1.4540,1.3460
1987-05-21,,1.6790,0.7213,0.5791,140.45,1.4590,1.3480
1987-05-22,,1.6730,0.7203,0.5772,140.60,1.4605,1.3482
1987-05-25,,,,,,,
1987-05-26,,1.6340,0.7128,0.5743,143.30,1.4880,1.3445
1987-05-27,,1.6130,0.7149,0.5745,143.52,1.5070,1.3467
1987-05-28,,1.6255,0.7122,0.5743,143.40,1.5065,1.3440
1987-05-29,,1.6295,0.7122,0.5750,144.10,1.5125,1.3388
1987-06-01,,1.6242,0.7147,0.5775,145.45,1.5220,1.3380
1987-06-02,,1.6435,0.7152,0.5780,142.25,1.4880,1.3422
1987-06-03,,1.6430,0.7168,0.5792,142.80,1.4938,1.3435
1987-06-04,,1.6232,0.7140,0.5766,144.30,1.5035,1.3414
1987-06-05,,1.6310,0.7139,0.5783,143.80,1.5040,1.3437
1987-06-08,,1.6385,0.7140,0.5803,143.45,1.5015,1.3433
1987-06-09,,1.6610,0.7147,0.5820,142.50,1.4833,1.3427
1987-06-10,,1.6585,0.7186,0.5870,142.45,1.4870,1.3394
1987-06-11,,1.6613,0.7162,0.5862,142.55,1.4840,1.3423
1987-06-12,,1.6520,0.7182,0.5920,143.85,1.5000,1.3398
1987-06-15,,1.6320,0.7167,0.5920,144.80,1.5125,1.3412
1987-06-16,,1.6340,0.7192,0.5911,144.45,1.5210,1.3410
1987-06-17,,1.6342,0.7231,0.5950,144.65,1.5184,1.3407
1987-06-18,,1.6298,0.7220,0.5948,144.60,1.5160,1.3415
1987-06-19,,1.6160,0.7211,0.5950,145.05,1.5220,1.3393
1987-06-22,,1.5950,0.7213,0.5941,145.90,1.5285,1.3353
1987-06-23,,1.5990,0.7165,0.5853,146.03,1.5190,1.3340
1987-06-24,,1.6220,0.7173,0.5840,145.08,1.5115,1.3337
1987-06-25,,1.6121,0.7202,0.5871,146.33,1.5190,1.3303
1987-06-26,,1.6105,0.7191,0.5922,146.30,1.5145,1.3327
1987-06-29,,1.6008,0.7208,0.5910,146.70,1.5220,1.3337
1987-06-30,,1.6128,0.7209,0.5923,146.80,1.5155,1.3315
1987-07-01,,1.6155,0.7209,0.5930,146.85,1.5195,1.3305
1987-07-02,,1.6155,0.7200,0.5928,147.30,1.5220,1.3303
1987-07-03,,1.6100,0.7185,0.5950,148.82,1.5307,1.3279
1987-07-06,,1.6185,0.7121,0.5960,149.13,1.5345,1.3282
1987-07-07,,1.6200,0.7000,0.5996,149.70,1.5345,1.3232
1987-07-08,,1.6178,0.7059,0.5950,150.57,1.5337,1.3245
1987-07-09,,1.6175,0.7097,0.6025,149.98,1.5350,1.3235
1987-07-10,,1.6135,0.7077,0.6005,150.65,1.5405,1.3211
1987-07-13,,1.6175,0.7075,0.6038,150.98,1.5370,1.3199
1987-07-14,,1.6108,0.7070,0.5986,151.08,1.5405,1.3179
1987-07-15,,1.6315,0.7100,0.6026,148.65,1.5230,1.3236
1987-07-16,,1.6305,0.7116,0.6044,150.55,1.5292,1.3217
1987-07-17,,1.6075,0.7098,0.6070,152.76,1.5475,1.3188
1987-07-20,,1.6018,0.7067,0.6058,152.85,1.5505,1.3189
1987-07-21,,1.5955,0.7085,0.6070,152.66,1.5480,1.3213
1987-07-22,,1.5950,0.7103,0.6094,152.34,1.5458,1.3212
1987-07-23,,1.6037,0.7099,0.6085,150.78,1.5370,1.3292
1987-07-24,,1.6030,0.7076,0.5992,149.95,1.5360,1.3388
1987-07-27,,1.5975,0.7035,0.5990,150.45,1.5388,1.3348
1987-07-28,,1.5985,0.6995,0.5840,150.38,1.5386,1.3334
1987-07-29,,1.6000,0.6980,0.5798,150.78,1.5405,1.3325
1987-07-30,,1.5940,0.6985,0.5650,149.65,1.5388,1.3326
1987-07-31,,1.5910,0.6982,0.5697,149.90,1.5385,1.3280
1987-08-03,,1.5835,0.7003,0.5754,150.50,1.5440,1.3241
1987-08-04,,1.5700,0.6989,0.5693,152.10,1.5680,1.3258
1987-08-05,,1.5783,0.7018,0.5736,150.75,1.5575,1.3251
1987-08-06,,1.5760,0.6993,0.5721,151.45,1.5620,1.3231
1987-08-07,,1.5667,0.6994,0.5733,151.57,1.5725,1.3262
1987-08-10,,1.5667,0.6975,0.5713,151.12,1.5735,1.3287
1987-08-11,,1.5697,0.7017,0.5830,151.77,1.5772,1.3298
1987-08-12,,1.5790,0.7025,0.5802,151.25,1.5727,1.3315
1987-08-13,,1.5797,0.7048,0.5747,151.45,1.5660,1.3294
1987-08-14,,1.5890,0.7084,0.5835,150.00,1.5580,1.3312
1987-08-17,,1.5908,0.7108,0.5903,149.92,1.5576,1.3311
1987-08-18,,1.6170,0.7161,0.5942,146.07,1.5270,1.3317
1987-08-19,,1.6150,0.7093,0.5990,145.10,1.5265,1.3308
1987-08-20,,1.6220,0.7088,0.6015,144.15,1.5145,1.3271
1987-08-21,,1.6290,0.7123,0.6048,142.75,1.5047,1.3250
1987-08-24,,1.6300,0.7154,0.6051,142.00,1.4970,1.3213
1987-08-25,,1.6182,0.7135,0.6057,143.22,1.5030,1.3195
1987-08-26,,1.6165,0.7120,0.5990,143.05,1.5040,1.3223
1987-08-27,,1.6290,0.7118,0.6060,142.05,1.4930,1.3170
1987-08-28,,1.6325,0.7115,0.6049,142.00,1.4922,1.3183
1987-08-31,,1.6328,0.7145,0.6070,141.75,1.4935,1.3196
1987-09-01,,1.6401,0.7178,0.6096,141.83,1.4975,1.3173
1987-09-02,,1.6497,0.7208,0.6165,141.03,1.4890,1.3155
1987-09-03,,1.6570,0.7221,0.6198,141.03,1.4830,1.3142
1987-09-04,,1.6538,0.7234,0.6233,141.75,1.4870,1.3142
1987-09-07,,,,,,,
1987-09-08,,1.6595,0.7278,0.6208,141.75,1.4843,1.3130
1987-09-09,,1.6510,0.7287,0.6215,141.60,1.4870,1.3204
1987-09-10,,1.6447,0.7270,0.6215,142.57,1.4960,1.3215
1987-09-11,,1.6500,0.7305,0.6225,142.80,1.4905,1.3183
1987-09-14,,1.6370,0.7276,0.6336,144.50,1.5080,1.3184
1987-09-15,,1.6423,0.7294,0.6330,144.05,1.5048,1.3153
1987-09-16,,1.6452,0.7329,0.6370,144.36,1.5060,1.3178
1987-09-17,,1.6462,0.7334,0.6376,143.40,1.5070,1.3155
1987-09-18,,1.6553,0.7347,0.6403,142.67,1.4967,1.3136
1987-09-21,,1.6478,0.7363,0.6446,143.55,1.5053,1.3150
1987-09-22,,1.6410,0.7325,0.6445,144.15,1.5080,1.3178
1987-09-23,,1.6422,0.7322,0.6430,143.90,1.5125,1.3174
1987-09-24,,1.6370,0.7285,0.6435,143.73,1.5109,1.3160
1987-09-25,,1.6417,0.7245,0.6450,143.67,1.5113,1.3123
1987-09-28,,1.6420,0.7279,0.6490,144.07,1.5140,1.3114
1987-09-29,,1.6280,0.7170,0.6505,146.20,1.5288,1.3100
1987-09-30,,1.6248,0.7088,0.6468,146.50,1.5336,1.3095
1987-10-01,,1.6165,0.7100,0.6436,146.90,1.5340,1.3070
1987-10-02,,1.6212,0.7138,0.6488,146.40,1.5352,1.3085
1987-10-05,,1.6238,0.7142,0.6480,146.85,1.5355,1.3090
1987-10-06,,1.6320,0.7177,0.6541,146.71,1.5307,1.3049
1987-10-07,,1.6403,0.7237,0.6623,145.65,1.5240,1.3052
1987-10-08,,1.6425,0.7235,0.6658,144.89,1.5187,1.3040
1987-10-09,,1.6507,0.7244,0.6593,143.85,1.5090,1.3070
1987-10-12,,,,,,,
1987-10-13,,1.6470,0.7221,0.6602,143.75,1.5096,1.3060
1987-10-14,,1.6530,0.7232,0.6390,142.75,1.5015,1.3060
1987-10-15,,1.6640,0.7276,0.6467,142.15,1.4900,1.3009
1987-10-16,,1.6645,0.7210,0.6495,142.75,1.4930,1.2985
1987-10-19,,1.6800,0.7223,0.6520,141.83,1.4773,1.2966
1987-10-20,,1.6545,0.7155,0.6468,143.90,1.5010,1.3192
1987-10-21,,1.6515,0.7135,0.6460,144.20,1.5060,1.3145
1987-10-22,,1.6495,0.7154,0.6440,144.68,1.5050,1.3167
1987-10-23,,1.6750,0.7162,0.6492,142.85,1.4790,1.3140
1987-10-26,,1.6880,0.7065,0.6407,142.20,1.4630,1.3155
1987-10-27,,1.6965,0.6982,0.6195,141.58,1.4535,1.3183
1987-10-28,,1.7100,0.6870,0.5900,139.18,1.4440,1.3185
1987-10-29,,1.7190,0.6695,0.5880,138.25,1.4350,1.3180
1987-10-30,,1.7215,0.6700,0.5930,138.40,1.4290,1.3162
1987-11-02,,1.7390,0.6762,0.6005,137.00,1.4163,1.3145
1987-11-03,,1.7400,0.6702,0.6005,137.38,1.4142,1.3220
1987-11-04,,1.7482,0.6732,0.6100,137.28,1.4110,1.3236
1987-11-05,,1.7830,0.6755,0.6140,134.70,1.3680,1.3315
1987-11-06,,1.7825,0.6838,0.6250,135.40,1.3790,1.3205
1987-11-09,,1.7930,0.6830,0.6260,134.30,1.3655,1.3204
1987-11-10,,1.7865,0.6795,0.6245,134.55,1.3660,1.3200
1987-11-11,,,,,,,
1987-11-12,,1.7575,0.6825,0.6165,136.45,1.3980,1.3175
1987-11-13,,1.7680,0.6858,0.6133,135.85,1.3885,1.3190
1987-11-16,,1.7500,0.6863,0.6113,136.60,1.4000,1.3177
1987-11-17,,1.7640,0.6967,0.6210,135.72,1.3900,1.3172
1987-11-18,,1.7700,0.6945,0.6200,135.55,1.3835,1.3150
1987-11-19,,1.7802,0.6942,0.6175,135.15,1.3768,1.3107
1987-11-20,,1.7790,0.6895,0.6190,135.45,1.3800,1.3137
1987-11-23,,1.7905,0.6827,0.6162,134.73,1.3690,1.3115
1987-11-24,,1.7725,0.6885,0.6223,135.52,1.3865,1.3150
1987-11-25,,1.7925,0.6921,0.6278,134.80,1.3715,1.3100
1987-11-26,,,,,,,
1987-11-27,,1.8105,0.6942,0.6309,133.70,1.3585,1.3091
1987-11-30,,1.8256,0.7050,0.6475,132.42,1.3455,1.3081
1987-12-01,,1.8180,0.7050,0.6490,133.00,1.3610,1.3138
1987-12-02,,1.8120,0.7026,0.6435,132.70,1.3520,1.3134
1987-12-03,,1.8065,0.7014,0.6460,132.90,1.3590,1.3117
1987-12-04,,1.7980,0.6963,0.6375,132.85,1.3645,1.3108
1987-12-07,,1.7940,0.6972,0.6370,132.80,1.3665,1.3112
1987-12-08,,1.7962,0.6983,0.6378,132.72,1.3645,1.3097
1987-12-09,,1.8020,0.7024,0.6402,132.40,1.3610,1.3075
1987-12-10,,1.8300,0.7068,0.6395,129.40,1.3345,1.3055
1987-12-11,,1.8380,0.7137,0.6402,128.50,1.3310,1.3056
1987-12-14,,1.8370,0.7180,0.6450,128.02,1.3282,1.3077
1987-12-15,,1.8315,0.7127,0.6444,127.60,1.3280,1.3074
1987-12-16,,1.8315,0.7155,0.6452,127.28,1.3285,1.3086
1987-12-17,,1.8355,0.7168,0.6485,126.25,1.3170,1.3060
1987-12-18,,1.8258,0.7125,0.6465,127.10,1.3275,1.3065
1987-12-21,,1.8270,0.7125,0.6460,127.08,1.3295,1.3074
1987-12-22,,1.8305,0.7135,0.6490,126.55,1.3235,1.3058
1987-12-23,,1.8232,0.7129,0.6485,126.75,1.3305,1.3068
1987-12-24,,1.8315,0.7145,0.6490,126.12,1.3215,1.3070
1987-12-25,,,,,,,
1987-12-28,,1.8600,0.7180,0.6570,123.15,1.2900,1.3037
1987-12-29,,1.8610,0.7215,0.6580,123.50,1.2890,1.3053
1987-12-30,,1.8580,0.7191,0.6580,123.40,1.2895,1.3033
1987-12-31,,1.8860,0.7220,0.6602,121.25,1.2715,1.3002
1988-01-01,,,,,,,
1988-01-04,,1.8773,0.7212,0.6568,122.70,1.2850,1.2990
1988-01-05,,1.8305,0.7095,0.6478,126.90,1.3250,1.2965
1988-01-06,,1.8060,0.7050,0.6442,129.65,1.3470,1.2894
1988-01-07,,1.8160,0.7069,0.6456,128.58,1.3378,1.2878
1988-01-08,,1.8060,0.7058,0.6457,129.15,1.3493,1.2854
1988-01-11,,1.8219,0.7095,0.6508,128.20,1.3377,1.2897
1988-01-12,,1.8210,0.7100,0.6546,127.38,1.3346,1.2860
1988-01-13,,1.8250,0.7105,0.6587,126.65,1.3303,1.2888
1988-01-14,,1.8125,0.7098,0.6597,126.73,1.3362,1.2911
1988-01-15,,1.7755,0.7020,0.6500,130.50,1.3720,1.2862
1988-01-18,,,,,,,
1988-01-19,,1.7785,0.7115,0.6607,128.60,1.3660,1.2870
1988-01-20,,1.7923,0.7145,0.6647,127.75,1.3490,1.2825
1988-01-21,,1.7960,0.7155,0.6632,127.20,1.3510,1.2827
1988-01-22,,1.7823,0.7140,0.6653,127.85,1.3567,1.2798
1988-01-25,,1.7720,0.7152,0.6680,127.78,1.3616,1.2802
1988-01-26,,1.7740,0.7139,0.6705,127.88,1.3605,1.2805
1988-01-27,,1.7798,0.7136,0.6702,127.60,1.3615,1.2789
1988-01-28,,1.7820,0.7138,0.6695,127.17,1.3565,1.2768
1988-01-29,,1.7691,0.7080,0.6595,127.75,1.3673,1.2760
1988-02-01,,1.7580,0.7092,0.6632,129.38,1.3825,1.2741
1988-02-02,,1.7700,0.7135,0.6677,128.28,1.3730,1.2750
1988-02-03,,1.7670,0.7113,0.6683,127.90,1.3795,1.2750
1988-02-04,,1.7628,0.7106,0.6663,128.50,1.3820,1.2712
1988-02-05,,1.7550,0.7105,0.6650,129.05,1.3920,1.2676
1988-02-08,,1.7540,0.7112,0.6625,128.60,1.3865,1.2659
1988-02-09,,1.7462,0.7098,0.6547,129.18,1.3932,1.2664
1988-02-10,,1.7608,0.7116,0.6613,129.02,1.3863,1.2695
1988-02-11,,1.7585,0.7135,0.6630,129.14,1.3875,1.2665
1988-02-12,,1.7395,0.7066,0.6575,131.15,1.4070,1.2625
1988-02-15,,,,,,,
1988-02-16,,1.7475,0.7140,0.6680,130.25,1.4020,1.2682
1988-02-17,,1.7480,0.7145,0.6693,130.30,1.4027,1.2656
1988-02-18,,1.7435,0.7153,0.6635,130.23,1.4067,1.2684
1988-02-19,,1.7490,0.7185,0.6618,130.05,1.3995,1.2708
1988-02-22,,1.7640,0.7198,0.6630,129.28,1.3912,1.2738
1988-02-23,,1.7663,0.7191,0.6655,128.78,1.3902,1.2706
1988-02-24,,1.7640,0.7167,0.6627,128.80,1.3947,1.2647
1988-02-25,,1.7635,0.7169,0.6628,128.80,1.3960,1.2645
1988-02-26,,1.7732,0.7190,0.6666,128.19,1.3875,1.2634
1988-02-29,,1.7735,0.7186,0.6645,128.45,1.3925,1.2606
1988-03-01,,1.7775,0.7203,0.6580,128.27,1.3917,1.2570
1988-03-02,,1.7705,0.7228,0.6610,129.20,1.3987,1.2558
1988-03-03,,1.7680,0.7245,0.6625,129.25,1.4070,1.2535
1988-03-04,,1.7740,0.7262,0.6650,128.75,1.3993,1.2559
1988-03-07,,1.8180,0.7288,0.6662,128.17,1.3838,1.2560
1988-03-08,,1.8415,0.7310,0.6718,128.09,1.3775,1.2536
1988-03-09,,1.8475,0.7285,0.6710,128.02,1.3790,1.2535
1988-03-10,,1.8422,0.7287,0.6694,128.10,1.3795,1.2568
1988-03-11,,1.8525,0.7314,0.6713,127.38,1.3720,1.2563
1988-03-14,,1.8528,0.7292,0.6696,126.92,1.3725,1.2575
1988-03-15,,1.8542,0.7314,0.6708,127.15,1.3770,1.2562
1988-03-16,,1.8475,0.7345,0.6705,127.43,1.3840,1.2515
1988-03-17,,1.8325,0.7340,0.6661,128.65,1.4014,1.2495
1988-03-18,,1.8205,0.7381,0.6688,128.35,1.4065,1.2490
1988-03-21,,1.8263,0.7386,0.6636,127.08,1.4002,1.2492
1988-03-22,,1.8294,0.7392,0.6638,127.12,1.4020,1.2472
1988-03-23,,1.8350,0.7410,0.6638,126.80,1.3980,1.2437
1988-03-24,,1.8430,0.7423,0.6563,125.75,1.3887,1.2428
1988-03-25,,1.8360,0.7385,0.6430,125.35,1.3865,1.2437
1988-03-28,,1.8588,0.7327,0.6458,124.20,1.3707,1.2373
1988-03-29,,1.8680,0.7354,0.6528,124.65,1.3745,1.2360
1988-03-30,,1.8770,0.7388,0.6500,124.84,1.3730,1.2364
1988-03-31,,1.8865,0.7412,0.6540,124.10,1.3625,1.2342
1988-04-01,,1.8900,0.7415,0.6525,124.00,1.3650,1.2348
1988-04-04,,1.8880,0.7415,0.6535,124.40,1.3635,1.2366
1988-04-05,,1.8790,0.7419,0.6538,125.18,1.3757,1.2395
1988-04-06,,1.8750,0.7403,0.6509,125.50,1.3830,1.2406
1988-04-07,,1.8710,0.7377,0.6521,125.82,1.3905,1.2450
1988-04-08,,1.8752,0.7409,0.6555,125.55,1.3828,1.2480
1988-04-11,,1.8544,0.7452,0.6586,126.68,1.3958,1.2396
1988-04-12,,1.8505,0.7430,0.6592,126.56,1.3982,1.2370
1988-04-13,,1.8390,0.7439,0.6599,126.33,1.4050,1.2384
1988-04-14,,1.8756,0.7479,0.6625,123.65,1.3740,1.2365
1988-04-15,,1.8885,0.7475,0.6603,123.88,1.3725,1.2335
1988-04-18,,1.9050,0.7496,0.6573,124.06,1.3710,1.2324
1988-04-19,,1.8925,0.7479,0.6588,124.18,1.3754,1.2340
1988-04-20,,1.8930,0.7512,0.6633,123.98,1.3752,1.2285
1988-04-21,,1.8980,0.7511,0.6670,124.15,1.3752,1.2337
1988-04-22,,1.8890,0.7563,0.6748,124.70,1.3835,1.2330
1988-04-25,,1.8748,0.7547,0.6710,124.82,1.3885,1.2318
1988-04-26,,1.8750,0.7550,0.6660,124.79,1.3866,1.2290
1988-04-27,,1.8770,0.7547,0.6683,125.10,1.3880,1.2285
1988-04-28,,1.8740,0.7579,0.6720,124.60,1.3846,1.2315
1988-04-29,,1.8785,0.7576,0.6727,124.92,1.3935,1.2292
1988-05-02,,1.8715,0.7606,0.6740,124.95,1.3980,1.2314
1988-05-03,,1.8712,0.7660,0.6813,124.88,1.3950,1.2347
1988-05-04,,1.8645,0.7694,0.6895,125.00,1.4000,1.2355
1988-05-05,,1.8665,0.7676,0.6842,124.65,1.3993,1.2332
1988-05-06,,1.8620,0.7680,0.6835,124.88,1.4020,1.2379
1988-05-09,,1.8797,0.7709,0.6871,124.82,1.4010,1.2396
1988-05-10,,1.8813,0.7750,0.6905,124.44,1.3949,1.2384
1988-05-11,,1.8860,0.7730,0.6873,124.25,1.3940,1.2322
1988-05-12,,1.8845,0.7710,0.6887,124.39,1.3960,1.2313
1988-05-13,,1.8910,0.7733,0.6918,124.68,1.4002,1.2338
1988-05-16,,1.8890,0.7727,0.6900,124.95,1.4045,1.2335
1988-05-17,,1.8638,0.7661,0.6860,125.73,1.4195,1.2360
1988-05-18,,1.8640,0.7704,0.6864,125.40,1.4215,1.2409
1988-05-19,,1.8668,0.7750,0.6897,124.87,1.4172,1.2434
1988-05-20,,1.8618,0.7831,0.6823,124.84,1.4207,1.2423
1988-05-23,,1.8690,0.7860,0.6952,124.55,1.4175,1.2431
1988-05-24,,1.8670,0.7838,0.6937,124.35,1.4220,1.2415
1988-05-25,,1.8630,0.7890,0.6975,124.35,1.4250,1.2433
1988-05-26,,1.8625,0.7973,0.6974,124.44,1.4240,1.2375
1988-05-27,,1.8555,0.8050,0.6976,125.00,1.4365,1.2400
1988-05-30,,,,,,,
1988-05-31,,1.8382,0.8021,0.6930,125.11,1.4438,1.2339
1988-06-01,,1.8235,0.8109,0.6977,125.20,1.4412,1.2325
1988-06-02,,1.7995,0.8024,0.6932,126.55,1.4370,1.2330
1988-06-03,,1.7940,0.8065,0.6990,125.97,1.4395,1.2310
1988-06-06,,1.8017,0.7950,0.6923,126.18,1.4325,1.2325
1988-06-07,,1.8112,0.7977,0.6953,125.72,1.4290,1.2307
1988-06-08,,1.8171,0.8055,0.6980,125.25,1.4325,1.2228
1988-06-09,,1.8145,0.8063,0.6981,125.20,1.4357,1.2214
1988-06-10,,1.8170,0.8080,0.7007,124.92,1.4373,1.2195
1988-06-13,,1.8165,0.8023,0.7045,125.20,1.4425,1.2207
1988-06-14,,1.7850,0.7993,0.7008,126.40,1.4627,1.2180
1988-06-15,,1.7860,0.8059,0.7053,126.27,1.4660,1.2158
1988-06-16,,1.7860,0.8070,0.7075,125.78,1.4614,1.2138
1988-06-17,,1.7825,0.8140,0.7160,125.87,1.4575,1.2130
1988-06-20,,1.7845,0.8205,0.7234,126.25,1.4635,1.2096
1988-06-21,,1.7855,0.8240,0.7216,126.47,1.4626,1.2082
1988-06-22,,1.7677,0.8164,0.7153,128.63,1.4731,1.2105
1988-06-23,,1.7566,0.8203,0.7087,128.67,1.4780,1.2041
1988-06-24,,1.7250,0.8236,0.7070,130.60,1.5070,1.2028
1988-06-27,,1.7029,0.8160,0.6910,130.88,1.5055,1.2076
1988-06-28,,1.7180,0.8053,0.6845,130.95,1.4980,1.2100
1988-06-29,,1.7063,0.7863,0.6663,133.75,1.5155,1.2176
1988-06-30,,1.7085,0.7945,0.6730,133.53,1.5060,1.2130
1988-07-01,,1.7010,0.7899,0.6760,134.10,1.5135,1.2210
1988-07-04,,,,,,,
1988-07-05,,1.7070,0.7835,0.6730,134.29,1.5165,1.2136
1988-07-06,,1.7115,0.7968,0.6830,133.60,1.5137,1.2071
1988-07-07,,1.7173,0.8048,0.6933,131.77,1.5100,1.2053
1988-07-08,,1.7015,0.7965,0.6810,133.23,1.5307,1.2097
1988-07-11,,1.6890,0.7907,0.6707,132.90,1.5347,1.2085
1988-07-12,,1.6955,0.7935,0.6750,132.63,1.5232,1.2102
1988-07-13,,1.6917,0.7957,0.6740,132.90,1.5310,1.2086
1988-07-14,,1.6890,0.7975,0.6625,133.13,1.5320,1.2085
1988-07-15,,1.6630,0.7865,0.6385,135.30,1.5557,1.2120
1988-07-18,,1.6700,0.7955,0.6505,134.75,1.5626,1.2097
1988-07-19,,1.6935,0.8022,0.6605,133.90,1.5480,1.2014
1988-07-20,,1.7095,0.8093,0.6595,133.18,1.5367,1.1956
1988-07-21,,1.7265,0.8121,0.6645,132.25,1.5290,1.1975
1988-07-22,,1.7400,0.8119,0.6670,130.70,1.5180,1.1985
1988-07-25,,1.7250,0.8098,0.6705,132.10,1.5343,1.2075
1988-07-26,,1.7133,0.8070,0.6665,132.55,1.5460,1.2090
1988-07-27,,1.7260,0.8102,0.6690,131.70,1.5383,1.2074
1988-07-28,,1.7220,0.8039,0.6685,132.40,1.5510,1.2089
1988-07-29,,1.7100,0.8025,0.6630,133.05,1.5620,1.2107
1988-08-01,,1.7130,0.8030,0.6620,132.80,1.5620,1.2077
1988-08-02,,1.7100,0.8030,0.6618,132.92,1.5625,1.2065
1988-08-03,,1.7105,0.8041,0.6645,132.87,1.5625,1.2030
1988-08-04,,1.7090,0.8045,0.6645,133.02,1.5684,1.2030
1988-08-05,,1.6928,0.8030,0.6630,133.68,1.5810,1.2055
1988-08-08,,1.6970,0.7984,0.6657,133.75,1.5905,1.2105
1988-08-09,,1.6863,0.7965,0.6700,134.75,1.6030,1.2155
1988-08-10,,1.6905,0.7988,0.6720,134.45,1.6005,1.2260
1988-08-11,,1.6910,0.8029,0.6685,133.86,1.5905,1.2230
1988-08-12,,1.7155,0.8005,0.6650,133.15,1.5752,1.2198
1988-08-15,,1.7138,0.8006,0.6583,133.25,1.5780,1.2236
1988-08-16,,1.7190,0.8025,0.6560,132.92,1.5698,1.2278
1988-08-17,,1.6898,0.8030,0.6480,134.07,1.6040,1.2324
1988-08-18,,1.6985,0.8062,0.6538,133.35,1.5973,1.2302
1988-08-19,,1.7025,0.8144,0.6415,133.45,1.5920,1.2272
1988-08-22,,1.6763,0.8138,0.6380,134.10,1.6117,1.2293
1988-08-23,,1.6790,0.8149,0.6365,133.85,1.6050,1.2305
1988-08-24,,1.6785,0.8160,0.6370,134.25,1.5955,1.2320
1988-08-25,,1.6990,0.8170,0.6390,133.35,1.5725,1.2345
1988-08-26,,1.6908,0.8111,0.6268,133.66,1.5660,1.2373
1988-08-29,,1.6850,0.8073,0.5970,134.13,1.5755,1.2400
1988-08-30,,1.6900,0.8048,0.6050,134.47,1.5760,1.2388
1988-08-31,,1.6825,0.8038,0.6135,136.52,1.5850,1.2400
1988-09-01,,1.6690,0.7937,0.6050,136.35,1.5810,1.2370
1988-09-02,,1.6830,0.7956,0.6030,136.10,1.5640,1.2372
1988-09-05,,,,,,,
1988-09-06,,1.7033,0.8037,0.6227,135.30,1.5535,1.2338
1988-09-07,,1.7080,0.8019,0.6210,133.67,1.5547,1.2390
1988-09-08,,1.6970,0.8040,0.6215,133.87,1.5630,1.2391
1988-09-09,,1.6968,0.8047,0.6250,133.62,1.5623,1.2398
1988-09-12,,1.6957,0.7998,0.6192,133.50,1.5538,1.2385
1988-09-13,,1.6960,0.7968,0.6180,133.30,1.5602,1.2310
1988-09-14,,1.6745,0.7933,0.6148,134.60,1.5835,1.2227
1988-09-15,,1.6800,0.8005,0.6125,133.67,1.5820,1.2238
1988-09-16,,1.6754,0.7954,0.6090,134.30,1.5845,1.2235
1988-09-19,,1.6788,0.7863,0.6055,133.55,1.5790,1.2195
1988-09-20,,1.6865,0.7864,0.6130,133.90,1.5747,1.2205
1988-09-21,,1.6750,0.7787,0.6113,134.25,1.5836,1.2183
1988-09-22,,1.6675,0.7839,0.6153,134.63,1.5875,1.2186
1988-09-23,,1.6715,0.7840,0.6150,134.47,1.5850,1.2220
1988-09-26,,1.6665,0.7796,0.6145,134.65,1.5936,1.2215
1988-09-27,,1.6788,0.7834,0.6184,134.45,1.5908,1.2186
1988-09-28,,1.6868,0.7837,0.6180,134.23,1.5900,1.2207
1988-09-29,,1.6822,0.7841,0.6160,134.36,1.5932,1.2176
1988-09-30,,1.6910,0.7830,0.6122,133.90,1.5835,1.2173
1988-10-03,,1.6985,0.7844,0.6113,133.65,1.5788,1.2105
1988-10-04,,1.6945,0.7891,0.6136,133.26,1.5801,1.2099
1988-10-05,,1.6955,0.7910,0.6101,133.50,1.5833,1.2075
1988-10-06,,1.6940,0.7964,0.6130,133.41,1.5830,1.2115
1988-10-07,,1.6980,0.7988,0.6165,133.30,1.5800,1.2077
1988-10-10,,,,,,,
1988-10-11,,1.7160,0.8024,0.6228,131.07,1.5710,1.2090
1988-10-12,,1.7310,0.8052,0.6235,128.96,1.5510,1.2105
1988-10-13,,1.7455,0.8100,0.6305,128.03,1.5395,1.2086
1988-10-14,,1.7555,0.8133,0.6277,127.15,1.5308,1.2050
1988-10-17,,1.7480,0.8075,0.6255,127.28,1.5300,1.2049
1988-10-18,,1.7520,0.8093,0.6185,126.67,1.5245,1.1998
1988-10-19,,1.7505,0.8200,0.6188,127.30,1.5298,1.2000
1988-10-20,,1.7630,0.8205,0.6175,127.20,1.5225,1.1991
1988-10-21,,1.7620,0.8208,0.6230,126.35,1.5077,1.2020
1988-10-24,,1.7515,0.8171,0.6202,126.83,1.5159,1.1975
1988-10-25,,1.7535,0.8198,0.6208,126.70,1.5175,1.2000
1988-10-26,,1.7610,0.8245,0.6280,125.70,1.5041,1.1991
1988-10-27,,1.7680,0.8191,0.6278,125.90,1.4955,1.2041
1988-10-28,,1.7680,0.8221,0.6276,125.85,1.4980,1.2039
1988-10-31,,1.7690,0.8200,0.6260,125.50,1.5015,1.2197
1988-11-01,,1.7668,0.8206,0.6245,125.30,1.5005,1.2282
1988-11-02,,1.7770,0.8251,0.6269,124.60,1.4945,1.2270
1988-11-03,,1.7820,0.8300,0.6300,124.20,1.4850,1.2213
1988-11-04,,1.7650,0.8281,0.6190,125.32,1.5037,1.2227
1988-11-07,,1.7750,0.8312,0.6230,124.72,1.4940,1.2372
1988-11-08,,1.7702,0.8300,0.6262,125.57,1.5017,1.2352
1988-11-09,,1.7908,0.8424,0.6363,124.25,1.4815,1.2324
1988-11-10,,1.7955,0.8435,0.6385,123.98,1.4770,1.2258
1988-11-11,,,,,,,
1988-11-14,,1.8080,0.8495,0.6412,123.43,1.4650,1.2298
1988-11-15,,1.8070,0.8535,0.6420,123.42,1.4635,1.2350
1988-11-16,,1.8220,0.8555,0.6438,122.55,1.4465,1.2310
1988-11-17,,1.8210,0.8585,0.6465,122.73,1.4525,1.2339
1988-11-18,,1.8160,0.8552,0.6490,122.65,1.4587,1.2345
1988-11-21,,1.8235,0.8592,0.6460,121.95,1.4520,1.2117
1988-11-22,,1.8318,0.8635,0.6490,121.35,1.4473,1.2020
1988-11-23,,1.8370,0.8696,0.6515,121.30,1.4405,1.2000
1988-11-24,,,,,,,
1988-11-25,,1.8440,0.8731,0.6570,121.10,1.4370,1.1907
1988-11-28,,1.8370,0.8732,0.6538,122.22,1.4508,1.1915
1988-11-29,,1.8516,0.8768,0.6542,121.50,1.4453,1.1941
1988-11-30,,1.8493,0.8750,0.6550,121.90,1.4535,1.1878
1988-12-01,,1.8525,0.8715,0.6473,121.60,1.4525,1.1873
1988-12-02,,1.8560,0.8708,0.6505,121.47,1.4503,1.1875
1988-12-05,,1.8700,0.8786,0.6553,121.50,1.4450,1.1858
1988-12-06,,1.8654,0.8815,0.6552,121.75,1.4523,1.1896
1988-12-07,,1.8410,0.8640,0.6443,123.50,1.4790,1.2005
1988-12-08,,1.8500,0.8275,0.6460,122.57,1.4660,1.1936
1988-12-09,,1.8490,0.8677,0.6440,122.35,1.4612,1.1972
1988-12-12,,1.8420,0.8573,0.6393,122.85,1.4662,1.1985
1988-12-13,,1.8280,0.8471,0.6385,123.15,1.4710,1.1997
1988-12-14,,1.8295,0.8547,0.6170,122.71,1.4654,1.2003
1988-12-15,,1.8278,0.8538,0.6210,123.37,1.4725,1.2056
1988-12-16,,1.8110,0.8465,0.6230,124.50,1.4895,1.2050
1988-12-19,,1.8226,0.8540,0.6245,124.10,1.4880,1.2001
1988-12-20,,1.8015,0.8520,0.6285,125.10,1.4990,1.2008
1988-12-21,,1.8070,0.8515,0.6370,124.35,1.4940,1.2006
1988-12-22,,1.7980,0.8520,0.6365,124.71,1.4975,1.1958
1988-12-23,,1.8000,0.8505,0.6345,124.85,1.4985,1.1965
1988-12-26,,,,,,,
1988-12-27,,1.8040,0.8590,0.6345,124.85,1.4995,1.1965
1988-12-28,,1.7890,0.8545,0.6265,125.58,1.5135,1.1950
1988-12-29,,1.7895,0.8545,0.6280,125.85,1.5150,1.1925
1988-12-30,,1.8085,0.8535,0.6290,125.05,1.5020,1.1928
1989-01-02,,,,,,,
1989-01-03,,1.8225,0.8680,0.6350,123.60,1.4973,1.1907
1989-01-04,,1.8070,0.8698,0.6365,125.05,1.5188,1.1921
1989-01-05,,1.7970,0.8679,0.6380,125.59,1.5310,1.1895
1989-01-06,,1.7800,0.8625,0.6365,126.62,1.5490,1.1952
1989-01-09,,1.7636,0.8637,0.6350,126.45,1.5575,1.1970
1989-01-10,,1.7637,0.8664,0.6310,126.30,1.5645,1.2009
1989-01-11,,1.7810,0.8629,0.6320,126.13,1.5552,1.2008
1989-01-12,,1.7840,0.8673,0.6320,126.17,1.5562,1.1967
1989-01-13,,1.7787,0.8665,0.6300,126.70,1.5627,1.1988
1989-01-16,,,,,,,
1989-01-17,,1.7680,0.8579,0.6255,127.75,1.5765,1.1980
1989-01-18,,1.7545,0.8622,0.6252,128.50,1.5903,1.1940
1989-01-19,,1.7500,0.8667,0.6278,129.70,1.5910,1.1895
1989-01-20,,1.7685,0.8720,0.6300,128.27,1.5685,1.1879
1989-01-23,,1.7740,0.8782,0.6225,127.80,1.5575,1.1885
1989-01-24,,1.7677,0.8808,0.6117,127.65,1.5610,1.1870
1989-01-25,,1.7710,0.8760,0.6065,127.73,1.5680,1.1857
1989-01-26,,1.7735,0.8781,0.6109,128.15,1.5677,1.1823
1989-01-27,,1.7580,0.8745,0.6080,129.24,1.5865,1.1877
1989-01-30,,1.7618,0.8817,0.6068,129.35,1.5792,1.1810
1989-01-31,,1.7500,0.8874,0.6015,130.50,1.5997,1.1835
1989-02-01,,1.7535,0.8885,0.6083,129.60,1.5840,1.1894
1989-02-02,,1.7508,0.8905,0.6055,129.15,1.5855,1.1881
1989-02-03,,1.7415,0.8767,0.6140,129.65,1.5975,1.1858
1989-02-06,,1.7327,0.8815,0.6123,129.65,1.5965,1.1832
1989-02-07,,1.7425,0.8874,0.6132,129.29,1.5865,1.1822
1989-02-08,,1.7433,0.8915,0.6150,129.60,1.5910,1.1850
1989-02-09,,1.7548,0.8880,0.6124,128.58,1.5795,1.1840
1989-02-10,,1.7543,0.8855,0.6175,128.49,1.5825,1.1860
1989-02-13,,1.7495,0.8874,0.6175,128.40,1.5895,1.1865
1989-02-14,,1.7685,0.8838,0.6207,126.73,1.5700,1.1840
1989-02-15,,1.7733,0.8731,0.6170,126.40,1.5635,1.1805
1989-02-16,,1.7708,0.8375,0.6142,126.32,1.5642,1.1860
1989-02-17,,1.7760,0.8230,0.6160,125.90,1.5600,1.1895
1989-02-20,,,,,,,
1989-02-21,,1.7502,0.8103,0.6138,126.75,1.5690,1.1899
1989-02-22,,1.7505,0.8203,0.6140,126.58,1.5685,1.1958
1989-02-23,,1.7600,0.8275,0.6265,126.20,1.5540,1.1958
1989-02-24,,1.7530,0.8237,0.6248,126.32,1.5570,1.1987
1989-02-27,,1.7448,0.7965,0.6245,126.53,1.5525,1.2035
1989-02-28,,1.7440,0.7988,0.6223,126.87,1.5549,1.1990
1989-03-01,,1.7240,0.8036,0.6190,128.10,1.5685,1.1997
1989-03-02,,1.7238,0.8040,0.6188,127.88,1.5747,1.1935
1989-03-03,,1.7230,0.8128,0.6175,127.70,1.5747,1.1960
1989-03-06,,1.7220,0.8138,0.6133,128.85,1.5840,1.1935
1989-03-07,,1.7217,0.8087,0.6135,128.74,1.5835,1.1987
1989-03-08,,1.7197,0.8133,0.6128,128.70,1.5860,1.2014
1989-03-09,,1.7175,0.8181,0.6145,129.05,1.5900,1.2010
1989-03-10,,1.7155,0.8216,0.6167,129.50,1.5920,1.1988
1989-03-13,,1.7115,0.8219,0.6150,129.88,1.5975,1.1982
1989-03-14,,1.7272,0.8113,0.6132,129.68,1.5902,1.1945
1989-03-15,,1.7190,0.8053,0.6117,130.60,1.6090,1.1949
1989-03-16,,1.7179,0.8185,0.6144,131.22,1.6115,1.1965
1989-03-17,,1.7130,0.8213,0.6147,131.60,1.6180,1.1970
1989-03-20,,1.7103,0.8239,0.6142,131.70,1.6155,1.1946
1989-03-21,,1.7200,0.8220,0.6150,131.28,1.6220,1.1922
1989-03-22,,1.7228,0.8208,0.6148,131.15,1.6230,1.1898
1989-03-23,,1.7218,0.8276,0.6190,131.20,1.6255,1.1895
1989-03-24,,1.7190,0.8270,0.6185,131.50,1.6285,1.1920
1989-03-27,,1.7100,0.8235,0.6170,132.70,1.6415,1.1935
1989-03-28,,1.6880,0.8160,0.6175,133.08,1.6530,1.1949
1989-03-29,,1.6886,0.8173,0.6157,132.83,1.6445,1.1953
1989-03-30,,1.6875,0.8173,0.6150,132.95,1.6585,1.1945
1989-03-31,,1.6852,0.8190,0.6141,132.77,1.6625,1.1936
1989-04-03,,1.6860,0.8250,0.6142,132.05,1.6495,1.1899
1989-04-04,,1.7068,0.8221,0.6160,130.90,1.6322,1.1875
1989-04-05,,1.6997,0.7982,0.6112,131.80,1.6420,1.1899
1989-04-06,,1.7040,0.8068,0.6060,131.93,1.6395,1.1941
1989-04-07,,1.6970,0.8057,0.6095,132.45,1.6490,1.1930
1989-04-10,,1.6975,0.8068,0.6077,132.63,1.6563,1.1902
1989-04-11,,1.6890,0.8070,0.6077,132.75,1.6650,1.1895
1989-04-12,,1.6905,0.8071,0.6095,132.98,1.6675,1.1890
1989-04-13,,1.6975,0.8065,0.6095,132.20,1.6470,1.1883
1989-04-14,,1.6988,0.8094,0.6105,132.15,1.6500,1.1876
1989-04-17,,1.7160,0.8128,0.6125,131.95,1.6363,1.1853
1989-04-18,,1.7180,0.8001,0.6123,131.52,1.6285,1.1847
1989-04-19,,1.7100,0.8001,0.6110,132.34,1.6360,1.1870
1989-04-20,,1.7170,0.8020,0.6122,131.35,1.6277,1.1845
1989-04-21,,1.7140,0.7950,0.6130,131.45,1.6330,1.1865
1989-04-24,,1.7049,0.7913,0.6133,131.60,1.6430,1.1890
1989-04-25,,1.7010,0.7921,0.6125,131.39,1.6442,1.1890
1989-04-26,,1.6885,0.7936,0.6150,132.25,1.6582,1.1902
1989-04-27,,1.6905,0.7945,0.6147,132.19,1.6588,1.1935
1989-04-28,,1.6890,0.7940,0.6152,132.85,1.6735,1.1865
1989-05-01,,1.6800,0.7920,0.6150,134.07,1.6895,1.1867
1989-05-02,,1.6850,0.7935,0.6163,133.81,1.6780,1.1839
1989-05-03,,1.6830,0.7962,0.6195,134.20,1.6835,1.1836
1989-05-04,,1.6833,0.8003,0.6205,133.95,1.6865,1.1842
1989-05-05,,1.6732,0.7990,0.6265,134.33,1.6988,1.1838
1989-05-08,,1.6692,0.7995,0.6255,134.80,1.7050,1.1858
1989-05-09,,1.6605,0.7952,0.6210,134.83,1.7042,1.1877
1989-05-10,,1.6715,0.7927,0.6203,134.43,1.6930,1.1850
1989-05-11,,1.6670,0.7921,0.6203,135.30,1.7055,1.1867
1989-05-12,,1.6593,0.7825,0.6190,135.95,1.7200,1.1870
1989-05-15,,1.6394,0.7781,0.6085,137.24,1.7380,1.1910
1989-05-16,,1.6393,0.7714,0.6072,137.30,1.7360,1.1893
1989-05-17,,1.6125,0.7586,0.6010,139.25,1.7645,1.1925
1989-05-18,,1.6175,0.7595,0.5995,138.65,1.7560,1.1928
1989-05-19,,1.6190,0.7628,0.6025,138.80,1.7583,1.1911
1989-05-22,,1.5806,0.7435,0.5930,142.05,1.7923,1.1958
1989-05-23,,1.5678,0.7475,0.5948,142.00,1.7883,1.1980
1989-05-24,,1.5695,0.7470,0.5930,142.80,1.7860,1.2005
1989-05-25,,1.5803,0.7565,0.5935,142.00,1.7562,1.2080
1989-05-26,,1.5880,0.7520,0.5930,141.43,1.7370,1.2055
1989-05-29,,,,,,,
1989-05-30,,1.5580,0.7470,0.5835,143.48,1.7555,1.2102
1989-05-31,,1.5715,0.7522,0.5845,142.33,1.7060,1.2062
1989-06-01,,1.5730,0.7530,0.5847,142.73,1.7050,1.2070
1989-06-02,,1.5920,0.7585,0.5825,141.75,1.6850,1.2066
1989-06-05,,1.5807,0.7560,0.5838,141.82,1.6950,1.2005
1989-06-06,,1.5710,0.7528,0.5775,142.95,1.7135,1.2018
1989-06-07,,1.5815,0.7574,0.5715,142.50,1.6990,1.1973
1989-06-08,,1.5730,0.7518,0.5707,143.40,1.7130,1.1976
1989-06-09,,1.5540,0.7450,0.5675,146.15,1.7400,1.2000
1989-06-12,,1.5251,0.7395,0.5570,148.80,1.7555,1.2027
1989-06-13,,1.5155,0.7423,0.5607,149.20,1.7527,1.2010
1989-06-14,,1.5145,0.7422,0.5620,149.05,1.7525,1.1992
1989-06-15,,1.5195,0.7480,0.5590,149.62,1.7492,1.1993
1989-06-16,,1.5340,0.7527,0.5689,145.55,1.7210,1.1975
1989-06-19,,1.5480,0.7540,0.5690,144.45,1.7055,1.1990
1989-06-20,,1.5495,0.7573,0.5720,144.07,1.7400,1.1994
1989-06-21,,1.5470,0.7690,0.5757,143.85,1.7030,1.1970
1989-06-22,,1.5530,0.7760,0.5865,141.07,1.6852,1.1923
1989-06-23,,1.5670,0.7720,0.5867,138.50,1.6650,1.1913
1989-06-26,,1.5448,0.7720,0.5835,140.82,1.6845,1.1940
1989-06-27,,1.5660,0.7651,0.5795,141.10,1.6855,1.1942
1989-06-28,,1.5555,0.7573,0.5748,142.80,1.6890,1.1967
1989-06-29,,1.5520,0.7558,0.5760,143.40,1.6770,1.1953
1989-06-30,,1.5490,0.7557,0.5733,144.00,1.6790,1.1985
1989-07-03,,1.5774,0.7655,0.5720,141.25,1.6540,1.1948
1989-07-04,,,,,,,
1989-07-05,,1.6190,0.7696,0.5785,138.90,1.6205,1.1915
1989-07-06,,1.6215,0.7650,0.5775,139.40,1.6225,1.1919
1989-07-07,,1.6235,0.7663,0.5730,139.80,1.6200,1.1910
1989-07-10,,1.6405,0.7643,0.5755,139.00,1.5960,1.1886
1989-07-11,,1.6265,0.7584,0.5748,140.30,1.6170,1.1903
1989-07-12,,1.6250,0.7611,0.5747,139.85,1.6145,1.1901
1989-07-13,,1.6235,0.7552,0.5670,139.45,1.6195,1.1930
1989-07-14,,1.6125,0.7557,0.5704,140.50,1.6465,1.1918
1989-07-17,,1.6138,0.7570,0.5695,141.55,1.6475,1.1910
1989-07-18,,1.6250,0.7560,0.5702,141.30,1.6410,1.1911
1989-07-19,,1.6190,0.7470,0.5653,141.95,1.6468,1.1892
1989-07-20,,1.6265,0.7503,0.5743,141.45,1.6415,1.1876
1989-07-21,,1.6200,0.7493,0.5740,141.92,1.6457,1.1880
1989-07-24,,1.6173,0.7465,0.5773,143.18,1.6450,1.1888
1989-07-25,,1.6258,0.7487,0.5780,142.55,1.6315,1.1880
1989-07-26,,1.6495,0.7546,0.5840,140.65,1.6130,1.1870
1989-07-27,,1.6598,0.7567,0.5849,138.95,1.6080,1.1832
1989-07-28,,1.6445,0.7480,0.5810,139.58,1.6242,1.1850
1989-07-31,,1.6660,0.7563,0.5855,136.95,1.6065,1.1809
1989-08-01,,1.6545,0.7611,0.5890,136.82,1.6075,1.1747
1989-08-02,,1.6628,0.7694,0.5995,136.15,1.5922,1.1757
1989-08-03,,1.6415,0.7661,0.5993,136.95,1.6073,1.1718
1989-08-04,,1.6145,0.7649,0.5965,139.45,1.6350,1.1770
1989-08-07,,1.6073,0.7648,0.5985,139.50,1.6380,1.1740
1989-08-08,,1.6255,0.7696,0.5985,138.80,1.6268,1.1722
1989-08-09,,1.6177,0.7680,0.5980,139.25,1.6355,1.1713
1989-08-10,,1.6275,0.7641,0.5964,139.08,1.6310,1.1724
1989-08-11,,1.5850,0.7590,0.5910,141.94,1.6725,1.1760
1989-08-14,,1.5835,0.7604,0.5870,141.70,1.6752,1.1780
1989-08-15,,1.5725,0.7546,0.5855,142.19,1.6785,1.1826
1989-08-16,,1.5785,0.7573,0.5862,142.15,1.6725,1.1790
1989-08-17,,1.5590,0.7555,0.5845,143.80,1.6970,1.1825
1989-08-18,,1.5685,0.7756,0.5910,145.85,1.6850,1.1840
1989-08-21,,1.5780,0.7613,0.5913,142.42,1.6817,1.1745
1989-08-22,,1.5845,0.7657,0.5913,142.58,1.6725,1.1729
1989-08-23,,1.5705,0.7655,0.5927,143.23,1.6875,1.1762
1989-08-24,,1.5697,0.7600,0.5910,143.34,1.6880,1.1768
1989-08-25,,1.5720,0.7580,0.5870,143.30,1.6847,1.1735
1989-08-28,,1.5665,0.7604,0.5885,144.20,1.6880,1.1723
1989-08-29,,1.5835,0.7669,0.5922,143.13,1.6695,1.1727
1989-08-30,,1.5822,0.7665,0.5910,143.73,1.6770,1.1765
1989-08-31,,1.5730,0.7647,0.5940,144.60,1.6880,1.1763
1989-09-01,,1.5570,0.7593,0.5950,145.85,1.7100,1.1820
1989-09-04,,,,,,,
1989-09-05,,1.5375,0.7579,0.5890,147.05,1.7177,1.1814
1989-09-06,,1.5530,0.7619,0.5892,146.25,1.7050,1.1800
1989-09-07,,1.5460,0.7615,0.5887,146.90,1.7130,1.1843
1989-09-08,,1.5480,0.7665,0.5925,146.30,1.7090,1.1878
1989-09-11,,1.5460,0.7637,0.5878,146.82,1.7155,1.1874
1989-09-12,,1.5470,0.7643,0.5878,147.15,1.7160,1.1893
1989-09-13,,1.5530,0.7763,0.5928,146.95,1.7096,1.1859
1989-09-14,,1.5595,0.7752,0.5888,146.55,1.6985,1.1850
1989-09-15,,1.5380,0.7725,0.5870,148.75,1.7269,1.1882
1989-09-18,,1.5685,0.7756,0.5910,145.85,1.6850,1.1840
1989-09-19,,1.5735,0.7752,0.5917,145.65,1.6875,1.1836
1989-09-20,,1.5815,0.7750,0.5927,145.05,1.6805,1.1828
1989-09-21,,1.5805,0.7723,0.5910,145.35,1.6837,1.1845
1989-09-22,,1.5755,0.7833,0.5940,145.60,1.6890,1.1808
1989-09-25,,1.6080,0.7905,0.5965,142.70,1.6570,1.1775
1989-09-26,,1.6215,0.7900,0.5980,141.88,1.6400,1.1745
1989-09-27,,1.6130,0.7825,0.5955,140.60,1.6320,1.1777
1989-09-28,,1.6077,0.7758,0.5902,140.55,1.6323,1.1805
1989-09-29,,1.6145,0.7748,0.5895,139.60,1.6228,1.1789
1989-10-02,,1.6178,0.7773,0.5880,139.48,1.6245,1.1776
1989-10-03,,1.6055,0.7778,0.5875,141.13,1.6255,1.1764
1989-10-04,,1.6040,0.7768,0.5780,141.05,1.6275,1.1749
1989-10-05,,1.6100,0.7775,0.5820,142.40,1.6370,1.1753
1989-10-06,,1.6025,0.7823,0.5888,142.80,1.6455,1.1765
1989-10-09,,,,,,,
1989-10-10,,1.5575,0.7764,0.5850,143.95,1.6570,1.1734
1989-10-11,,1.5445,0.7755,0.5842,144.80,1.6700,1.1758
1989-10-12,,1.5515,0.7682,0.5812,144.20,1.6730,1.1755
1989-10-13,,1.5640,0.7683,0.5835,143.20,1.6615,1.1745
1989-10-16,,1.5745,0.7618,0.5838,141.80,1.6350,1.1767
1989-10-17,,1.5815,0.7678,0.5865,141.50,1.6235,1.1759
1989-10-18,,1.5878,0.7707,0.5886,141.70,1.6255,1.1739
1989-10-19,,1.5940,0.7755,0.5923,141.95,1.6220,1.1743
1989-10-20,,1.5900,0.7717,0.5900,142.30,1.6260,1.1735
1989-10-23,,1.5935,0.7704,0.5900,142.35,1.6250,1.1725
1989-10-24,,1.6060,0.7651,0.5885,141.55,1.6120,1.1723
1989-10-25,,1.6088,0.7739,0.5920,141.65,1.6120,1.1747
1989-10-26,,1.6120,0.7782,0.5922,141.65,1.6090,1.1752
1989-10-27,,1.5750,0.7775,0.5925,142.00,1.6020,1.1754
1989-10-30,,1.5783,0.7831,0.5870,142.15,1.6070,1.1747
1989-10-31,,1.5775,0.7826,0.5881,142.73,1.6145,1.1741
1989-11-01,,1.5818,0.7812,0.5873,143.11,1.6140,1.1743
1989-11-02,,1.5640,0.7798,0.5860,143.70,1.6235,1.1727
1989-11-03,,1.5705,0.7797,0.5870,143.18,1.6220,1.1725
1989-11-06,,1.5785,0.7814,0.5870,143.70,1.6242,1.1714
1989-11-07,,1.5812,0.7846,0.5885,143.44,1.6195,1.1710
1989-11-08,,1.5865,0.7853,0.5885,143.14,1.6170,1.1698
1989-11-09,,1.5862,0.7891,0.5873,142.86,1.6217,1.1678
1989-11-10,,1.5763,0.7859,0.5860,143.30,1.6377,1.1697
1989-11-13,,1.5800,0.7893,0.5862,143.88,1.6410,1.1678
1989-11-14,,1.5815,0.7871,0.5880,143.68,1.6315,1.1705
1989-11-15,,1.5816,0.7834,0.5880,143.75,1.6230,1.1730
1989-11-16,,1.5770,0.7808,0.5910,143.80,1.6285,1.1698
1989-11-17,,1.5675,0.7825,0.5884,144.40,1.6320,1.1697
1989-11-20,,1.5590,0.7813,0.5897,144.50,1.6325,1.1715
1989-11-21,,1.5670,0.7773,0.5872,143.75,1.6183,1.1703
1989-11-22,,1.5650,0.7761,0.5834,143.85,1.6147,1.1705
1989-11-23,,,,,,,
1989-11-24,,1.5620,0.7832,0.5875,143.50,1.6150,1.1675
1989-11-27,,1.5600,0.7846,0.5880,143.40,1.6055,1.1675
1989-11-28,,1.5620,0.7863,0.5885,143.72,1.5960,1.1678
1989-11-29,,1.5665,0.7806,0.5890,142.65,1.5885,1.1660
1989-11-30,,1.5695,0.7825,0.5895,142.91,1.5915,1.1633
1989-12-01,,1.5660,0.7800,0.5895,143.10,1.5925,1.1663
1989-12-04,,1.5635,0.7809,0.5895,143.58,1.6000,1.1646
1989-12-05,,1.5706,0.7815,0.5917,143.80,1.5900,1.1631
1989-12-06,,1.5765,0.7831,0.5925,143.85,1.5865,1.1607
1989-12-07,,1.5750,0.7816,0.5938,144.32,1.5925,1.1627
1989-12-08,,1.5742,0.7825,0.5935,144.28,1.5980,1.1617
1989-12-11,,1.5892,0.7836,0.5937,144.50,1.5970,1.1635
1989-12-12,,1.6030,0.7863,0.5985,143.90,1.5780,1.1630
1989-12-13,,1.5945,0.7852,0.5985,144.17,1.5760,1.1595
1989-12-14,,1.5975,0.7850,0.5968,144.10,1.5640,1.1630
1989-12-15,,1.6045,0.7837,0.5925,144.15,1.5500,1.1605
1989-12-18,,1.6018,0.7835,0.5940,144.10,1.5477,1.1611
1989-12-19,,1.6000,0.7853,0.5940,143.85,1.5620,1.1612
1989-12-20,,1.6030,0.7870,0.5965,144.02,1.5625,1.1620
1989-12-21,,1.6125,0.7864,0.5962,143.70,1.5580,1.1607
1989-12-22,,1.6210,0.7885,0.5960,142.88,1.5495,1.1595
1989-12-25,,,,,,,
1989-12-26,,1.6255,0.7915,0.5965,142.15,1.5510,1.1598
1989-12-27,,1.6245,0.7987,0.5977,142.10,1.5360,1.1589
1989-12-28,,1.6133,0.7936,0.5965,143.35,1.5395,1.1570
1989-12-29,,1.6145,0.7893,0.5937,143.80,1.5410,1.1580
1990-01-01,,,,,,,
1990-01-02,,1.6110,0.7855,0.5930,146.25,1.5768,1.1605
1990-01-03,,1.6100,0.7818,0.5940,145.70,1.5785,1.1613
1990-01-04,,1.6293,0.7867,0.5973,143.37,1.5420,1.1614
1990-01-05,,1.6370,0.7860,0.5970,143.82,1.5370,1.1600
1990-01-08,,1.6530,0.7849,0.5985,144.10,1.5238,1.1601
1990-01-09,,1.6537,0.7866,0.6040,145.20,1.5270,1.1614
1990-01-10,,1.6620,0.7886,0.6070,145.25,1.5125,1.1589
1990-01-11,,1.6568,0.7910,0.6084,145.40,1.5160,1.1570
1990-01-12,,1.6695,0.7939,0.6115,145.40,1.4945,1.1571
1990-01-15,,,,,,,
1990-01-16,,1.6570,0.7894,0.6090,145.48,1.5165,1.1650
1990-01-17,,1.6495,0.7917,0.6120,145.49,1.5067,1.1640
1990-01-18,,1.6445,0.7941,0.6140,146.12,1.5185,1.1713
1990-01-19,,1.6465,0.7935,0.6106,145.65,1.5145,1.1790
1990-01-22,,1.6390,0.7954,0.6118,146.43,1.5320,1.1830
1990-01-23,,1.6490,0.7751,0.6052,146.09,1.5080,1.1780
1990-01-24,,1.6550,0.7622,0.5915,145.32,1.4965,1.1855
1990-01-25,,1.6572,0.7583,0.5945,144.42,1.4880,1.1905
1990-01-26,,1.6570,0.7605,0.5928,143.35,1.4980,1.1939
1990-01-29,,1.6780,0.7635,0.5950,143.13,1.4860,1.1885
1990-01-30,,1.6818,0.7660,0.5970,144.10,1.4910,1.1906
1990-01-31,,1.6794,0.7685,0.6020,144.55,1.5040,1.1858
1990-02-01,,1.6815,0.7702,0.5983,144.90,1.4982,1.1864
1990-02-02,,1.6817,0.7735,0.6003,145.38,1.4970,1.1887
1990-02-05,,1.6950,0.7655,0.5998,145.39,1.4802,1.1899
1990-02-06,,1.7020,0.7665,0.6010,145.13,1.4769,1.1879
1990-02-07,,1.6990,0.7575,0.5936,145.47,1.4815,1.1935
1990-02-08,,1.6870,0.7545,0.5915,145.40,1.4948,1.1971
1990-02-09,,1.6925,0.7493,0.5930,145.20,1.4970,1.1956
1990-02-12,,1.6950,0.7521,0.5926,144.20,1.4958,1.2024
1990-02-13,,1.6905,0.7521,0.5925,144.40,1.4970,1.1999
1990-02-14,,1.6960,0.7457,0.5815,144.27,1.4923,1.2068
1990-02-15,,1.6930,0.7500,0.5850,144.40,1.4955,1.2060
1990-02-16,,1.6955,0.7567,0.5883,144.15,1.4935,1.1990
1990-02-19,,,,,,,
1990-02-20,,1.7040,0.7595,0.5898,145.45,1.4850,1.2020
1990-02-21,,1.7150,0.7586,0.5887,145.32,1.4747,1.2013
1990-02-22,,1.7147,0.7646,0.5897,145.89,1.4725,1.1945
1990-02-23,,1.7100,0.7652,0.5902,146.92,1.4770,1.1970
1990-02-26,,1.6930,0.7650,0.5882,148.85,1.4870,1.1980
1990-02-27,,1.6920,0.7605,0.5877,148.63,1.4833,1.1948
1990-02-28,,1.6892,0.7601,0.5880,148.82,1.4915,1.1923
1990-03-01,,1.6650,0.7635,0.5872,149.67,1.5060,1.1902
1990-03-02,,1.6510,0.7596,0.5884,150.28,1.5135,1.1940
1990-03-05,,1.6388,0.7585,0.5878,149.78,1.5000,1.1906
1990-03-06,,1.6490,0.7611,0.5891,149.80,1.4995,1.1870
1990-03-07,,1.6390,0.7596,0.5889,151.22,1.5067,1.1851
1990-03-08,,1.6425,0.7607,0.5879,150.83,1.5093,1.1795
1990-03-09,,1.6181,0.7607,0.5907,151.34,1.5123,1.1793
1990-03-12,,1.6103,0.7580,0.5892,152.38,1.5239,1.1790
1990-03-13,,1.6003,0.7610,0.5863,152.55,1.5280,1.1778
1990-03-14,,1.6090,0.7635,0.5874,152.24,1.5270,1.1745
1990-03-15,,1.6175,0.7563,0.5898,152.55,1.5220,1.1780
1990-03-16,,1.6235,0.7536,0.5880,152.38,1.5095,1.1803
1990-03-19,,1.6103,0.7549,0.5855,153.50,1.5087,1.1837
1990-03-20,,1.6105,0.7565,0.5832,153.88,1.5167,1.1793
1990-03-21,,1.5945,0.7520,0.5793,154.16,1.5210,1.1768
1990-03-22,,1.6010,0.7504,0.5810,155.10,1.5150,1.1767
1990-03-23,,1.6040,0.7474,0.5785,153.90,1.5185,1.1750
1990-03-26,,1.6180,0.7469,0.5805,156.50,1.5265,1.1759
1990-03-27,,1.6261,0.7452,0.5808,157.40,1.5180,1.1760
1990-03-28,,1.6275,0.7471,0.5767,158.75,1.5160,1.1762
1990-03-29,,1.6340,0.7523,0.5783,156.75,1.4980,1.1743
1990-03-30,,1.6480,0.7548,0.5790,157.82,1.4975,1.1705
1990-04-02,,1.6315,0.7561,0.5778,158.90,1.5075,1.1695
1990-04-03,,1.6355,0.7605,0.5770,159.13,1.5027,1.1662
1990-04-04,,1.6415,0.7669,0.5790,158.60,1.5065,1.1673
1990-04-05,,1.6415,0.7650,0.5782,157.68,1.5010,1.1686
1990-04-06,,1.6385,0.7650,0.5780,157.65,1.5013,1.1655
1990-04-09,,1.6385,0.7630,0.5784,157.50,1.4962,1.1617
1990-04-10,,1.6343,0.7643,0.5783,158.58,1.4963,1.1615
1990-04-11,,1.6425,0.7663,0.5792,158.28,1.4840,1.1652
1990-04-12,,1.6420,0.7663,0.5796,158.19,1.4828,1.1631
1990-04-13,,1.6385,0.7650,0.5795,158.75,1.4850,1.1650
1990-04-16,,1.6310,0.7654,0.5796,159.37,1.4903,1.1670
1990-04-17,,1.6338,0.7653,0.5777,159.90,1.4905,1.1683
1990-04-18,,1.6380,0.7700,0.5788,159.10,1.4840,1.1623
1990-04-19,,1.6435,0.7732,0.5815,156.50,1.4828,1.1619
1990-04-20,,1.6353,0.7705,0.5827,157.85,1.4913,1.1628
1990-04-23,,1.6357,0.7655,0.5828,157.70,1.4930,1.1610
1990-04-24,,1.6341,0.7663,0.5818,158.72,1.4880,1.1593
1990-04-25,,1.6370,0.7660,0.5817,158.73,1.4670,1.1608
1990-04-26,,1.6335,0.7560,0.5755,158.75,1.4615,1.1602
1990-04-27,,1.6360,0.7503,0.5735,158.90,1.4570,1.1634
1990-04-30,,1.6389,0.7500,0.5748,158.85,1.4505,1.1654
1990-05-01,,1.6405,0.7457,0.5685,158.85,1.4555,1.1648
1990-05-02,,1.6430,0.7520,0.5708,158.30,1.4555,1.1673
1990-05-03,,1.6422,0.7552,0.5727,158.15,1.4544,1.1670
1990-05-04,,1.6600,0.7546,0.5726,158.35,1.4447,1.1633
1990-05-07,,1.6680,0.7565,0.5726,158.00,1.4325,1.1625
1990-05-08,,1.6695,0.7577,0.5747,157.90,1.4330,1.1635
1990-05-09,,1.6780,0.7585,0.5721,156.45,1.4040,1.1662
1990-05-10,,1.6763,0.7587,0.5739,157.00,1.3955,1.1653
1990-05-11,,1.6813,0.7600,0.5700,152.73,1.3952,1.1785
1990-05-14,,1.6840,0.7669,0.5708,152.77,1.3957,1.1770
1990-05-15,,1.6770,0.7645,0.5725,151.40,1.3980,1.1810
1990-05-16,,1.6800,0.7625,0.5728,151.43,1.4000,1.1757
1990-05-17,,1.6917,0.7617,0.5735,152.35,1.4040,1.1738
1990-05-18,,1.6908,0.7605,0.5725,152.85,1.4048,1.1783
1990-05-21,,1.6912,0.7640,0.5735,153.53,1.4240,1.1795
1990-05-22,,1.6915,0.7640,0.5735,151.60,1.4180,1.1922
1990-05-23,,1.6940,0.7653,0.5737,151.23,1.4123,1.1836
1990-05-24,,1.6895,0.7623,0.5739,151.55,1.4200,1.1855
1990-05-25,,1.6892,0.7668,0.5733,149.69,1.4255,1.1841
1990-05-28,,,,,,,
1990-05-29,,1.6946,0.7660,0.5741,150.88,1.4098,1.1818
1990-05-30,,1.6930,0.7720,0.5757,151.32,1.4210,1.1780
1990-05-31,,1.6765,0.7678,0.5768,152.64,1.4330,1.1745
1990-06-01,,1.6838,0.7693,0.5752,151.39,1.4360,1.1726
1990-06-04,,1.6750,0.7676,0.5768,151.60,1.4410,1.1766
1990-06-05,,1.6830,0.7710,0.5776,152.65,1.4347,1.1757
1990-06-06,,1.6882,0.7718,0.5819,152.55,1.4285,1.1728
1990-06-07,,1.6883,0.7775,0.5828,152.53,1.4385,1.1683
1990-06-08,,1.6848,0.7725,0.5812,153.53,1.4478,1.1750
1990-06-11,,1.6858,0.7751,0.5785,154.52,1.4405,1.1711
1990-06-12,,1.7025,0.7740,0.5783,154.44,1.4370,1.1715
1990-06-13,,1.7070,0.7743,0.5806,154.79,1.4328,1.1722
1990-06-14,,1.7052,0.7750,0.5823,154.07,1.4355,1.1705
1990-06-15,,1.7055,0.7756,0.5816,154.20,1.4360,1.1720
1990-06-18,,1.7130,0.7792,0.5823,153.70,1.4165,1.1727
1990-06-19,,1.7205,0.7840,0.5830,153.65,1.4077,1.1741
1990-06-20,,1.7230,0.7833,0.5825,154.00,1.4145,1.1724
1990-06-21,,1.7250,0.7901,0.5875,154.82,1.4155,1.1749
1990-06-22,,1.7330,0.7852,0.5860,154.75,1.4090,1.1822
1990-06-25,,1.7305,0.7851,0.5852,155.37,1.4107,1.1794
1990-06-26,,1.7355,0.7846,0.5873,155.15,1.4060,1.1732
1990-06-27,,1.7428,0.7875,0.5872,154.38,1.4080,1.1705
1990-06-28,,1.7393,0.7853,0.5872,153.17,1.4137,1.1698
1990-06-29,,1.7450,0.7916,0.5883,152.35,1.4155,1.1665
1990-07-02,,1.7634,0.7964,0.5903,151.27,1.4040,1.1619
1990-07-03,,1.7795,0.7974,0.5902,151.20,1.3945,1.1625
1990-07-04,,,,,,,
1990-07-05,,1.7805,0.7990,0.5900,150.77,1.3997,1.1632
1990-07-06,,1.7865,0.7974,0.5903,151.03,1.4015,1.1632
1990-07-09,,1.8058,0.8025,0.5912,151.10,1.3955,1.1592
1990-07-10,,1.8150,0.8066,0.5933,148.90,1.3963,1.1572
1990-07-11,,1.7980,0.7965,0.5938,148.68,1.4035,1.1597
1990-07-12,,1.7985,0.7913,0.5881,148.60,1.4050,1.1593
1990-07-13,,1.8060,0.7804,0.5918,147.50,1.3930,1.1579
1990-07-16,,1.8040,0.7815,0.5892,148.05,1.4165,1.1589
1990-07-17,,1.8112,0.7899,0.5918,148.35,1.4070,1.1563
1990-07-18,,1.8205,0.7915,0.5928,147.30,1.4088,1.1530
1990-07-19,,1.8146,0.7819,0.5923,148.05,1.4100,1.1538
1990-07-20,,1.8143,0.7838,0.5950,148.97,1.4075,1.1573
1990-07-23,,1.8205,0.7839,0.5937,148.45,1.3885,1.1570
1990-07-24,,1.8248,0.7858,0.5942,148.35,1.3750,1.1560
1990-07-25,,1.8120,0.7859,0.5918,148.88,1.3740,1.1520
1990-07-26,,1.8135,0.7792,0.5894,150.45,1.3782,1.1517
1990-07-27,,1.8335,0.7897,0.5888,149.60,1.3685,1.1522
1990-07-30,,1.8438,0.7916,0.5910,148.20,1.3650,1.1523
1990-07-31,,1.8600,0.7938,0.5918,146.13,1.3477,1.1530
1990-08-01,,1.8550,0.7940,0.5940,147.25,1.3555,1.1535
1990-08-02,,1.8492,0.7859,0.5890,149.60,1.3565,1.1523
1990-08-03,,1.8565,0.7850,0.5936,149.90,1.3510,1.1515
1990-08-06,,1.8720,0.7900,0.5987,149.75,1.3322,1.1485
1990-08-07,,1.8770,0.7925,0.6017,149.80,1.3310,1.1503
1990-08-08,,1.8655,0.7953,0.6018,150.15,1.3440,1.1490
1990-08-09,,1.8717,0.7992,0.6010,149.82,1.3385,1.1470
1990-08-10,,1.8713,0.7977,0.6015,150.15,1.3390,1.1475
1990-08-13,,1.8840,0.8025,0.6085,150.35,1.3165,1.1470
1990-08-14,,1.8925,0.8061,0.6075,149.48,1.3060,1.1454
1990-08-15,,1.8998,0.8071,0.6180,147.45,1.2930,1.1435
1990-08-16,,1.8980,0.8045,0.6173,148.38,1.3035,1.1482
1990-08-17,,1.9190,0.8070,0.6190,147.57,1.2815,1.1445
1990-08-20,,1.9198,0.8080,0.6197,146.87,1.2918,1.1438
1990-08-21,,1.9210,0.8162,0.6220,146.40,1.2868,1.1395
1990-08-22,,1.9275,0.8205,0.6258,145.75,1.2735,1.1365
1990-08-23,,1.9515,0.8293,0.6308,146.60,1.2605,1.1316
1990-08-24,,1.9453,0.8330,0.6295,146.55,1.2685,1.1338
1990-08-27,,1.9443,0.8311,0.6280,144.45,1.2750,1.1372
1990-08-28,,1.9483,0.8302,0.6313,143.48,1.2815,1.1422
1990-08-29,,1.9465,0.8325,0.6303,143.62,1.2850,1.1378
1990-08-30,,1.9225,0.8168,0.6132,144.30,1.2960,1.1455
1990-08-31,,1.8920,0.8160,0.6153,143.93,1.3085,1.1545
1990-09-03,,,,,,,
1990-09-04,,1.8758,0.8147,0.6165,143.55,1.3175,1.1615
1990-09-05,,1.8990,0.8278,0.6240,141.68,1.2975,1.1529
1990-09-06,,1.9080,0.8237,0.6255,141.05,1.2988,1.1579
1990-09-07,,1.8940,0.8208,0.6233,140.10,1.3040,1.1635
1990-09-10,,1.8555,0.8123,0.6202,139.20,1.3190,1.1705
1990-09-11,,1.8485,0.8170,0.6185,139.85,1.3305,1.1630
1990-09-12,,1.8640,0.8187,0.6215,137.70,1.3232,1.1628
1990-09-13,,1.8767,0.8210,0.6240,137.35,1.3139,1.1644
1990-09-14,,1.8985,0.8267,0.6275,136.67,1.2905,1.1647
1990-09-17,,1.9025,0.8316,0.6230,137.00,1.2870,1.1594
1990-09-18,,1.9180,0.8335,0.6250,137.50,1.2825,1.1575
1990-09-19,,1.8847,0.8291,0.6225,137.50,1.3060,1.1575
1990-09-20,,1.8683,0.8266,0.6190,136.93,1.3200,1.1546
1990-09-21,,1.8460,0.8288,0.6130,136.90,1.3222,1.1532
1990-09-24,,1.8840,0.8315,0.6215,136.10,1.2975,1.1503
1990-09-25,,1.8768,0.8303,0.6204,137.38,1.3020,1.1495
1990-09-26,,1.8640,0.8310,0.6183,137.27,1.3112,1.1534
1990-09-27,,1.8710,0.8267,0.6160,138.37,1.3080,1.1553
1990-09-28,,1.8735,0.8254,0.6150,138.27,1.2995,1.1565
1990-10-01,,1.8890,0.8311,0.6190,136.90,1.2895,1.1529
1990-10-02,,1.8885,0.8298,0.6180,136.95,1.2920,1.1530
1990-10-03,,1.8980,0.8320,0.6183,136.13,1.2850,1.1517
1990-10-04,,1.9118,0.8330,0.6165,133.90,1.2770,1.1489
1990-10-05,,1.9465,0.8351,0.6163,132.40,1.2910,1.1545
1990-10-08,,,,,,,
1990-10-09,,1.9700,0.8337,0.6193,130.33,1.2775,1.1510
1990-10-10,,1.9675,0.8265,0.6168,129.97,1.2780,1.1500
1990-10-11,,1.9640,0.8140,0.6155,129.95,1.2910,1.1514
1990-10-12,,1.9732,0.8183,0.6167,128.65,1.2785,1.1472
1990-10-15,,1.9535,0.7888,0.6065,128.15,1.2885,1.1523
1990-10-16,,1.9570,0.7870,0.6040,127.25,1.2790,1.1555
1990-10-17,,1.9650,0.7775,0.5980,125.27,1.2735,1.1647
1990-10-18,,1.9535,0.7690,0.6000,125.05,1.2740,1.1748
1990-10-19,,1.9595,0.7820,0.6050,125.75,1.2700,1.1670
1990-10-22,,1.9480,0.7820,0.6070,126.05,1.2820,1.1733
1990-10-23,,1.9464,0.7780,0.6048,127.50,1.2817,1.1710
1990-10-24,,1.9565,0.7804,0.6063,128.05,1.2700,1.1688
1990-10-25,,1.9540,0.7833,0.6090,127.30,1.2770,1.1680
1990-10-26,,1.9560,0.7812,0.6098,128.00,1.2810,1.1655
1990-10-29,,1.9530,0.7835,0.6130,128.40,1.2870,1.1642
1990-10-30,,1.9475,0.7821,0.6141,129.10,1.2895,1.1670
1990-10-31,,1.9440,0.7848,0.6145,129.95,1.2870,1.1678
1990-11-01,,1.9500,0.7837,0.6115,130.48,1.2762,1.1652
1990-11-02,,1.9515,0.7765,0.6071,128.60,1.2707,1.1655
1990-11-05,,1.9695,0.7820,0.6145,126.80,1.2505,1.1587
1990-11-06,,1.9730,0.7870,0.6145,127.30,1.2500,1.1611
1990-11-07,,1.9760,0.7785,0.6135,128.15,1.2440,1.1628
1990-11-08,,1.9670,0.7781,0.6120,129.90,1.2485,1.1690
1990-11-09,,1.9665,0.7794,0.6105,129.73,1.2500,1.1700
1990-11-12,,,,,,,
1990-11-13,,1.9642,0.7725,0.6125,129.60,1.2537,1.1658
1990-11-14,,1.9610,0.7707,0.6100,129.62,1.2460,1.1645
1990-11-15,,1.9595,0.7720,0.6095,129.27,1.2522,1.1621
1990-11-16,,1.9660,0.7695,0.6094,129.43,1.2440,1.1640
1990-11-19,,1.9707,0.7635,0.6095,129.00,1.2457,1.1631
1990-11-20,,1.9698,0.7653,0.6118,128.95,1.2473,1.1600
1990-11-21,,1.9685,0.7635,0.6125,127.65,1.2513,1.1592
1990-11-22,,,,,,,
1990-11-23,,1.9670,0.7658,0.6137,127.35,1.2585,1.1593
1990-11-26,,1.9658,0.7663,0.6119,128.75,1.2675,1.1600
1990-11-27,,1.9760,0.7684,0.6113,128.33,1.2600,1.1635
1990-11-28,,1.9720,0.7691,0.6100,129.85,1.2683,1.1652
1990-11-29,,1.9515,0.7722,0.6092,132.45,1.2770,1.1648
1990-11-30,,1.9392,0.7740,0.6090,133.10,1.2765,1.1658
1990-12-03,,1.9195,0.7768,0.6100,134.40,1.2920,1.1655
1990-12-04,,1.9260,0.7773,0.6093,134.05,1.2842,1.1638
1990-12-05,,1.9220,0.7692,0.6090,134.53,1.2835,1.1630
1990-12-06,,1.9380,0.7700,0.6008,132.35,1.2725,1.1623
1990-12-07,,1.9500,0.7735,0.6025,131.05,1.2630,1.1590
1990-12-10,,1.9425,0.7667,0.6043,131.90,1.2620,1.1570
1990-12-11,,1.9390,0.7677,0.6005,132.10,1.2675,1.1589
1990-12-12,,1.9440,0.7660,0.6011,131.82,1.2645,1.1602
1990-12-13,,1.9435,0.7581,0.5960,132.13,1.2655,1.1600
1990-12-14,,1.9391,0.7675,0.5985,132.95,1.2742,1.1599
1990-12-17,,1.9285,0.7660,0.5913,133.25,1.2750,1.1575
1990-12-18,,1.9350,0.7701,0.5872,133.23,1.2703,1.1566
1990-12-19,,1.9310,0.7710,0.5997,134.15,1.2700,1.1593
1990-12-20,,1.9060,0.7734,0.5900,134.85,1.2898,1.1590
1990-12-21,,1.8850,0.7730,0.5860,135.60,1.3090,1.1600
1990-12-24,,1.8670,0.7740,0.5855,136.05,1.3160,1.1604
1990-12-25,,,,,,,
1990-12-26,,1.8850,0.7740,0.5860,136.05,1.3070,1.1600
1990-12-27,,1.8870,0.7675,0.5850,136.45,1.3060,1.1612
1990-12-28,,1.9210,0.7700,0.5855,135.12,1.2795,1.1612
1990-12-31,,1.9285,0.7720,0.5865,135.75,1.2770,1.1605
1991-01-01,,,,,,,
1991-01-02,,1.9425,0.7735,0.5918,134.60,1.2622,1.1574
1991-01-03,,1.9465,0.7784,0.5935,133.05,1.2665,1.1530
1991-01-04,,1.9320,0.7793,0.5911,135.10,1.2755,1.1513
1991-01-07,,1.9050,0.7775,0.5920,136.70,1.2921,1.1533
1991-01-08,,1.9060,0.7785,0.5923,136.45,1.2880,1.1515
1991-01-09,,1.9258,0.7728,0.5906,134.05,1.2732,1.1559
1991-01-10,,1.9050,0.7733,0.5905,134.60,1.2885,1.1526
1991-01-11,,1.9070,0.7728,0.5937,134.25,1.2800,1.1530
1991-01-14,,1.9045,0.7765,0.5930,135.05,1.2831,1.1485
1991-01-15,,1.9040,0.7810,0.5940,135.90,1.2873,1.1485
1991-01-16,,1.9047,0.7889,0.5972,136.85,1.2890,1.1486
1991-01-17,,1.9228,0.7817,0.5943,132.88,1.2725,1.1554
1991-01-18,,1.9416,0.7778,0.5947,132.80,1.2620,1.1588
1991-01-21,,,,,,,
1991-01-22,,1.9477,0.7820,0.5960,131.70,1.2582,1.1615
1991-01-23,,1.9550,0.7841,0.5960,132.41,1.2532,1.1588
1991-01-24,,1.9600,0.7787,0.5968,132.23,1.2580,1.1589
1991-01-25,,1.9575,0.7760,0.5966,132.27,1.2600,1.1645
1991-01-28,,1.9642,0.7812,0.5975,132.20,1.2635,1.1621
1991-01-29,,1.9695,0.7836,0.6002,131.53,1.2605,1.1597
1991-01-30,,1.9610,0.7850,0.5995,131.60,1.2675,1.1605
1991-01-31,,1.9650,0.7826,0.5987,131.45,1.2580,1.1629
1991-02-01,,1.9763,0.7820,0.5997,131.45,1.2525,1.1608
1991-02-04,,1.9772,0.7817,0.6002,131.08,1.2512,1.1582
1991-02-05,,1.9830,0.7765,0.5995,129.73,1.2490,1.1595
1991-02-06,,1.9990,0.7787,0.6003,128.35,1.2347,1.1580
1991-02-07,,1.9965,0.7816,0.6030,127.95,1.2375,1.1597
1991-02-08,,1.9870,0.7796,0.6007,127.90,1.2445,1.1585
1991-02-11,,1.9970,0.7793,0.6010,127.72,1.2355,1.1568
1991-02-12,,1.9915,0.7809,0.6032,128.30,1.2450,1.1534
1991-02-13,,1.9918,0.7875,0.6071,129.08,1.2495,1.1533
1991-02-14,,1.9800,0.7869,0.6062,129.80,1.2570,1.1540
1991-02-15,,1.9705,0.7886,0.6058,130.45,1.2680,1.1545
1991-02-18,,,,,,,
1991-02-19,,1.9515,0.7880,0.6045,131.55,1.2815,1.1540
1991-02-20,,1.9470,0.7873,0.5993,131.80,1.2798,1.1534
1991-02-21,,1.9571,0.7880,0.5992,131.40,1.2743,1.1515
1991-02-22,,1.9437,0.7838,0.5972,132.20,1.2895,1.1520
1991-02-25,,1.9230,0.7833,0.5974,133.35,1.3040,1.1521
1991-02-26,,1.9205,0.7840,0.6002,132.85,1.3050,1.1516
1991-02-27,,1.9155,0.7836,0.5988,132.27,1.3160,1.1518
1991-02-28,,1.9100,0.7853,0.5995,132.95,1.3265,1.1499
1991-03-01,,1.8980,0.7848,0.6010,134.55,1.3320,1.1531
1991-03-04,,1.8965,0.7763,0.5977,135.55,1.3400,1.1557
1991-03-05,,1.9017,0.7727,0.5977,135.39,1.3355,1.1549
1991-03-06,,1.8890,0.7687,0.5930,136.25,1.3455,1.1599
1991-03-07,,1.8865,0.7682,0.5927,135.80,1.3500,1.1602
1991-03-08,,1.8718,0.7678,0.5967,136.25,1.3645,1.1619
1991-03-11,,1.8505,0.7669,0.5980,138.10,1.3705,1.1557
1991-03-12,,1.8580,0.7673,0.5979,136.30,1.3625,1.1551
1991-03-13,,1.8560,0.7651,0.5960,136.40,1.3695,1.1542
1991-03-14,,1.8555,0.7688,0.5968,135.95,1.3685,1.1538
1991-03-15,,1.8305,0.7713,0.5965,137.20,1.3873,1.1553
1991-03-18,,1.7910,0.7679,0.5930,138.15,1.4120,1.1533
1991-03-19,,1.7650,0.7696,0.5940,138.15,1.4285,1.1558
1991-03-20,,1.7765,0.7683,0.5953,138.60,1.4230,1.1584
1991-03-21,,1.7920,0.7712,0.5957,137.60,1.4105,1.1560
1991-03-22,,1.7895,0.7730,0.5945,137.20,1.4093,1.1576
1991-03-25,,1.7640,0.7710,0.5891,138.43,1.4290,1.1605
1991-03-26,,1.7533,0.7713,0.5865,138.35,1.4353,1.1598
1991-03-27,,1.7395,0.7742,0.5865,139.10,1.4545,1.1608
1991-03-28,,1.7365,0.7750,0.5865,141.20,1.4555,1.1588
1991-03-29,,1.7485,0.7730,0.5865,140.60,1.4450,1.1595
1991-04-01,,1.7585,0.7750,0.5873,140.20,1.4382,1.1585
1991-04-02,,1.7705,0.7750,0.5900,138.30,1.4243,1.1560
1991-04-03,,1.7770,0.7786,0.5928,137.40,1.4161,1.1557
1991-04-04,,1.7880,0.7842,0.5925,135.97,1.4015,1.1557
1991-04-05,,1.7705,0.7860,0.5943,136.90,1.4190,1.1538
1991-04-08,,1.7675,0.7846,0.5917,137.25,1.4322,1.1540
1991-04-09,,1.7910,0.7857,0.5905,135.10,1.4125,1.1527
1991-04-10,,1.7793,0.7871,0.5910,136.35,1.4240,1.1522
1991-04-11,,1.7900,0.7818,0.5898,135.95,1.4120,1.1498
1991-04-12,,1.7775,0.7844,0.5895,136.30,1.4265,1.1508
1991-04-15,,1.7875,0.7803,0.5896,134.48,1.4235,1.1498
1991-04-16,,1.7885,0.7799,0.5921,134.85,1.4180,1.1488
1991-04-17,,1.7830,0.7790,0.5908,136.35,1.4260,1.1509
1991-04-18,,1.7710,0.7776,0.5909,136.80,1.4430,1.1525
1991-04-19,,1.7190,0.7728,0.5885,138.58,1.4715,1.1550
1991-04-22,,1.6900,0.7703,0.5841,139.45,1.4810,1.1595
1991-04-23,,1.7120,0.7750,0.5885,137.94,1.4595,1.1563
1991-04-24,,1.6940,0.7741,0.5843,138.05,1.4698,1.1550
1991-04-25,,1.6935,0.7768,0.5843,138.05,1.4658,1.1530
1991-04-26,,1.6860,0.7795,0.5850,138.13,1.4795,1.1519
1991-04-29,,1.6765,0.7792,0.5847,137.70,1.4840,1.1534
1991-04-30,,1.7225,0.7814,0.5877,136.38,1.4490,1.1520
1991-05-01,,1.7265,0.7788,0.5880,137.60,1.4450,1.1520
1991-05-02,,1.7170,0.7780,0.5853,138.10,1.4590,1.1497
1991-05-03,,1.6950,0.7764,0.5848,138.55,1.4760,1.1515
1991-05-06,,1.7050,0.7795,0.5875,138.47,1.4702,1.1515
1991-05-07,,1.7215,0.7807,0.5876,137.95,1.4590,1.1508
1991-05-08,,1.7175,0.7838,0.5887,138.35,1.4650,1.1520
1991-05-09,,1.7040,0.7830,0.5899,139.30,1.4730,1.1530
1991-05-10,,1.7190,0.7838,0.5892,138.75,1.4590,1.1514
1991-05-13,,1.7315,0.7791,0.5875,139.42,1.4440,1.1503
1991-05-14,,1.7383,0.7788,0.5881,138.15,1.4322,1.1511
1991-05-15,,1.7478,0.7835,0.5896,137.99,1.4315,1.1501
1991-05-16,,1.7455,0.7834,0.5912,137.55,1.4410,1.1490
1991-05-17,,1.7135,0.7825,0.5902,138.50,1.4710,1.1507
1991-05-20,,1.7190,0.7824,0.5882,138.22,1.4587,1.1496
1991-05-21,,1.7365,0.7765,0.5888,137.50,1.4495,1.1488
1991-05-22,,1.7270,0.7715,0.5875,138.05,1.4600,1.1492
1991-05-23,,1.7345,0.7565,0.5785,137.73,1.4563,1.1509
1991-05-24,,1.7310,0.7590,0.5820,138.40,1.4546,1.1495
1991-05-27,,,,,,,
1991-05-28,,1.7453,0.7603,0.5825,137.80,1.4455,1.1464
1991-05-29,,1.7340,0.7605,0.5834,138.20,1.4630,1.1472
1991-05-30,,1.7155,0.7565,0.5828,137.85,1.4660,1.1468
1991-05-31,,1.6980,0.7594,0.5810,138.45,1.4822,1.1453
1991-06-03,,1.6969,0.7575,0.5811,139.08,1.4895,1.1451
1991-06-04,,1.7030,0.7600,0.5830,138.66,1.4850,1.1445
1991-06-05,,1.6937,0.7603,0.5824,139.13,1.4962,1.1455
1991-06-06,,1.6875,0.7507,0.5795,139.18,1.5025,1.1465
1991-06-07,,1.6710,0.7515,0.5797,140.31,1.5190,1.1475
1991-06-10,,1.6688,0.7520,0.5763,141.90,1.5118,1.1474
1991-06-11,,1.6615,0.7550,0.5740,141.20,1.5145,1.1452
1991-06-12,,1.6445,0.7548,0.5718,141.90,1.5325,1.1445
1991-06-13,,1.6377,0.7540,0.5712,141.33,1.5373,1.1445
1991-06-14,,1.6390,0.7545,0.5730,140.55,1.5335,1.1431
1991-06-17,,1.6252,0.7598,0.5760,140.97,1.5460,1.1430
1991-06-18,,1.6115,0.7630,0.5750,140.90,1.5621,1.1425
1991-06-19,,1.6325,0.7631,0.5753,140.08,1.5387,1.1424
1991-06-20,,1.6312,0.7641,0.5760,138.74,1.5417,1.1418
1991-06-21,,1.6310,0.7650,0.5752,139.00,1.5468,1.1427
1991-06-24,,1.6420,0.7645,0.5750,138.90,1.5335,1.1430
1991-06-25,,1.6281,0.7650,0.5755,138.82,1.5525,1.1419
1991-06-26,,1.6395,0.7670,0.5763,138.30,1.5440,1.1418
1991-06-27,,1.6320,0.7675,0.5773,138.10,1.5495,1.1426
1991-06-28,,1.6180,0.7670,0.5754,137.90,1.5582,1.1424
1991-07-01,,1.6140,0.7651,0.5723,138.40,1.5650,1.1430
1991-07-02,,1.6015,0.7643,0.5680,138.78,1.5805,1.1433
1991-07-03,,1.6057,0.7642,0.5685,139.50,1.5830,1.1428
1991-07-04,,,,,,,
1991-07-05,,1.6150,0.7651,0.5665,138.35,1.5755,1.1438
1991-07-08,,1.6280,0.7665,0.5686,138.73,1.5635,1.1445
1991-07-09,,1.6220,0.7650,0.5667,138.65,1.5735,1.1475
1991-07-10,,1.6210,0.7664,0.5632,138.53,1.5720,1.1480
1991-07-11,,1.6070,0.7664,0.5618,138.58,1.5898,1.1493
1991-07-12,,1.6505,0.7700,0.5624,136.75,1.5499,1.1483
1991-07-15,,1.6515,0.7738,0.5627,136.70,1.5478,1.1465
1991-07-16,,1.6440,0.7755,0.5645,137.15,1.5615,1.1463
1991-07-17,,1.6525,0.7760,0.5648,136.80,1.5535,1.1474
1991-07-18,,1.6660,0.7730,0.5630,136.80,1.5355,1.1545
1991-07-19,,1.6910,0.7785,0.5674,136.45,1.5150,1.1600
1991-07-22,,1.6810,0.7755,0.5667,137.45,1.5230,1.1567
1991-07-23,,1.6835,0.7738,0.5650,136.98,1.5255,1.1568
1991-07-24,,1.6938,0.7751,0.5664,137.38,1.5118,1.1525
1991-07-25,,1.6750,0.7710,0.5673,138.85,1.5305,1.1520
1991-07-26,,1.6875,0.7758,0.5710,137.90,1.5150,1.1498
1991-07-29,,1.6743,0.7761,0.5712,138.18,1.5325,1.1491
1991-07-30,,1.6798,0.7792,0.5711,137.93,1.5288,1.1513
1991-07-31,,1.6845,0.7780,0.5708,137.42,1.5260,1.1519
1991-08-01,,1.6735,0.7765,0.5714,137.67,1.5357,1.1503
1991-08-02,,1.6945,0.7790,0.5725,136.74,1.5080,1.1510
1991-08-05,,1.7095,0.7802,0.5757,136.68,1.4990,1.1498
1991-08-06,,1.7120,0.7822,0.5740,135.73,1.4952,1.1487
1991-08-07,,1.7128,0.7835,0.5741,135.85,1.4945,1.1475
1991-08-08,,1.7000,0.7825,0.5735,136.47,1.5075,1.1467
1991-08-09,,1.6950,0.7835,0.5711,136.90,1.5150,1.1468
1991-08-12,,1.6983,0.7839,0.5717,136.54,1.5100,1.1469
1991-08-13,,1.6935,0.7825,0.5738,136.52,1.5140,1.1460
1991-08-14,,1.6875,0.7821,0.5730,136.61,1.5185,1.1444
1991-08-15,,1.6880,0.7785,0.5731,136.47,1.5230,1.1434
1991-08-16,,1.6620,0.7776,0.5732,137.25,1.5405,1.1443
1991-08-19,,1.6300,0.7790,0.5705,138.30,1.5510,1.1443
1991-08-20,,1.6377,0.7815,0.5750,137.45,1.5485,1.1421
1991-08-21,,1.6765,0.7840,0.5753,136.80,1.5230,1.1438
1991-08-22,,1.6970,0.7871,0.5755,136.43,1.5050,1.1435
1991-08-23,,1.6715,0.7855,0.5742,137.10,1.5320,1.1440
1991-08-26,,1.6795,0.7845,0.5735,137.00,1.5275,1.1445
1991-08-27,,1.6800,0.7841,0.5730,137.00,1.5227,1.1417
1991-08-28,,1.6900,0.7845,0.5741,136.60,1.5173,1.1408
1991-08-29,,1.6805,0.7842,0.5750,137.00,1.5255,1.1406
1991-08-30,,1.6800,0.7852,0.5744,136.85,1.5285,1.1422
1991-09-02,,,,,,,
1991-09-03,,1.6910,0.7781,0.5723,136.02,1.5265,1.1407
1991-09-04,,1.6935,0.7848,0.5745,135.30,1.5238,1.1417
1991-09-05,,1.6920,0.7856,0.5798,135.87,1.5273,1.1410
1991-09-06,,1.6975,0.7867,0.5814,136.15,1.5225,1.1395
1991-09-09,,1.7300,0.7905,0.5825,134.95,1.4900,1.1391
1991-09-10,,1.7295,0.7878,0.5822,134.85,1.4805,1.1406
1991-09-11,,1.7252,0.7896,0.5820,134.95,1.4863,1.1378
1991-09-12,,1.7335,0.7958,0.5843,134.06,1.4775,1.1371
1991-09-13,,1.7325,0.7963,0.5863,133.98,1.4760,1.1361
1991-09-16,,1.7390,0.7991,0.5876,133.65,1.4635,1.1358
1991-09-17,,1.7420,0.7995,0.5870,133.82,1.4585,1.1365
1991-09-18,,1.7307,0.8000,0.5856,134.17,1.4678,1.1369
1991-09-19,,1.7275,0.7957,0.5839,134.50,1.4777,1.1365
1991-09-20,,1.7285,0.7974,0.5843,134.37,1.4725,1.1355
1991-09-23,,1.7440,0.8011,0.5845,133.05,1.4590,1.1345
1991-09-24,,1.7380,0.8002,0.5856,133.08,1.4575,1.1340
1991-09-25,,1.7333,0.7961,0.5737,133.30,1.4645,1.1345
1991-09-26,,1.7325,0.7935,0.5643,133.67,1.4657,1.1352
1991-09-27,,1.7370,0.7965,0.5693,133.40,1.4595,1.1343
1991-09-30,,1.7520,0.7995,0.5667,132.85,1.4490,1.1318
1991-10-01,,1.7485,0.7971,0.5678,133.20,1.4520,1.1315
1991-10-02,,1.7510,0.8004,0.5699,132.68,1.4538,1.1310
1991-10-03,,1.7500,0.7953,0.5680,130.77,1.4576,1.1313
1991-10-04,,1.7390,0.7940,0.5665,130.03,1.4685,1.1319
1991-10-07,,1.7352,0.7960,0.5671,129.30,1.4725,1.1295
1991-10-08,,1.7140,0.7934,0.5673,130.10,1.4860,1.1285
1991-10-09,,1.7165,0.7955,0.5680,130.25,1.4810,1.1290
1991-10-10,,1.7145,0.7943,0.5654,130.35,1.4820,1.1305
1991-10-11,,1.7190,0.7970,0.5635,129.73,1.4820,1.1294
1991-10-14,,,,,,,
1991-10-15,,1.7020,0.8000,0.5679,130.22,1.4945,1.1298
1991-10-16,,1.7105,0.7955,0.5661,130.02,1.4880,1.1307
1991-10-17,,1.7096,0.7970,0.5668,129.83,1.4885,1.1289
1991-10-18,,1.7250,0.7980,0.5658,129.77,1.4765,1.1280
1991-10-21,,1.7185,0.7968,0.5660,130.73,1.4810,1.1270
1991-10-22,,1.7145,0.7950,0.5628,131.20,1.4795,1.1267
1991-10-23,,1.7065,0.7840,0.5526,131.55,1.4890,1.1275
1991-10-24,,1.7110,0.7854,0.5565,131.18,1.4885,1.1254
1991-10-25,,1.7110,0.7855,0.5565,131.40,1.4895,1.1256
1991-10-28,,1.7047,0.7842,0.5548,132.25,1.5003,1.1235
1991-10-29,,1.7230,0.7871,0.5551,130.75,1.4785,1.1232
1991-10-30,,1.7425,0.7845,0.5563,131.08,1.4640,1.1228
1991-10-31,,1.7425,0.7791,0.5566,130.60,1.4650,1.1230
1991-11-01,,1.7498,0.7810,0.5613,130.30,1.4610,1.1203
1991-11-04,,1.7810,0.7845,0.5640,128.90,1.4348,1.1210
1991-11-05,,1.7697,0.7836,0.5633,129.80,1.4490,1.1208
1991-11-06,,1.7705,0.7840,0.5600,129.90,1.4510,1.1240
1991-11-07,,1.7797,0.7843,0.5588,129.70,1.4390,1.1212
1991-11-08,,1.7680,0.7854,0.5585,130.32,1.4510,1.1260
1991-11-11,,,,,,,
1991-11-12,,1.7725,0.7868,0.5626,129.65,1.4515,1.1316
1991-11-13,,1.7707,0.7860,0.5608,130.12,1.4530,1.1318
1991-11-14,,1.7750,0.7863,0.5618,129.87,1.4475,1.1321
1991-11-15,,1.7690,0.7851,0.5611,130.05,1.4530,1.1307
1991-11-18,,1.7910,0.7866,0.5654,129.30,1.4260,1.1280
1991-11-19,,1.7955,0.7883,0.5667,129.95,1.4190,1.1287
1991-11-20,,1.7960,0.7890,0.5660,129.77,1.4220,1.1359
1991-11-21,,1.7975,0.7911,0.5673,129.62,1.4188,1.1358
1991-11-22,,1.7975,0.7915,0.5690,129.53,1.4107,1.1378
1991-11-25,,1.7985,0.7918,0.5682,127.77,1.4085,1.1396
1991-11-26,,1.7978,0.7888,0.5670,128.10,1.4010,1.1360
1991-11-27,,1.7670,0.7868,0.5640,130.28,1.4275,1.1370
1991-11-28,,,,,,,
1991-11-29,,1.7655,0.7844,0.5610,130.08,1.4360,1.1350
1991-12-02,,1.7760,0.7840,0.5627,129.95,1.4235,1.1335
1991-12-03,,1.7715,0.7855,0.5619,129.55,1.4290,1.1342
1991-12-04,,1.7725,0.7851,0.5623,129.55,1.4290,1.1354
1991-12-05,,1.7915,0.7818,0.5618,128.77,1.4080,1.1370
1991-12-06,,1.8100,0.7784,0.5600,128.20,1.3897,1.1368
1991-12-09,,1.8060,0.7735,0.5566,128.40,1.3905,1.1361
1991-12-10,,1.8080,0.7728,0.5562,128.70,1.3955,1.1364
1991-12-11,,1.8085,0.7720,0.5552,129.15,1.3920,1.1407
1991-12-12,,1.8075,0.7711,0.5588,129.24,1.3970,1.1421
1991-12-13,,1.8185,0.7705,0.5576,128.80,1.3985,1.1424
1991-12-16,,1.8210,0.7730,0.5570,128.47,1.3950,1.1437
1991-12-17,,1.8220,0.7737,0.5540,128.60,1.3950,1.1455
1991-12-18,,1.8252,0.7731,0.5496,128.45,1.3945,1.1468
1991-12-19,,1.8325,0.7715,0.5507,128.33,1.3833,1.1573
1991-12-20,,1.8600,0.7670,0.5430,127.57,1.3620,1.1550
1991-12-23,,1.8765,0.7604,0.5435,126.55,1.3460,1.1601
1991-12-24,,1.8705,0.7601,0.5440,127.55,1.3550,1.1609
1991-12-25,,,,,,,
1991-12-26,,1.8840,0.7608,0.5445,126.78,1.3445,1.1613
1991-12-27,,1.8768,0.7624,0.5435,125.57,1.3510,1.1603
1991-12-30,,1.8665,0.7597,0.5405,125.75,1.3555,1.1584
1991-12-31,,1.8660,0.7593,0.5403,124.90,1.3615,1.1558
1992-01-01,,,,,,,
1992-01-02,,1.8680,0.7565,0.5375,124.50,1.3650,1.1515
1992-01-03,,1.8450,0.7572,0.5379,124.80,1.3762,1.1473
1992-01-06,,1.8770,0.7641,0.5495,124.10,1.3490,1.1433
1992-01-07,,1.8710,0.7551,0.5515,124.40,1.3492,1.1420
1992-01-08,,1.8710,0.7564,0.5494,124.90,1.3510,1.1428
1992-01-09,,1.8310,0.7465,0.5442,125.40,1.3830,1.1490
1992-01-10,,1.7920,0.7365,0.5417,127.05,1.4110,1.1543
1992-01-13,,1.8015,0.7420,0.5443,126.85,1.3982,1.1490
1992-01-14,,1.7890,0.7458,0.5435,126.80,1.4115,1.1488
1992-01-15,,1.7530,0.7415,0.5385,128.40,1.4437,1.1563
1992-01-16,,1.7605,0.7419,0.5397,128.28,1.4370,1.1533
1992-01-17,,1.7770,0.7430,0.5415,127.45,1.4225,1.1532
1992-01-20,,,,,,,
1992-01-21,,1.8070,0.7504,0.5422,123.20,1.4037,1.1538
1992-01-22,,1.8065,0.7513,0.5405,123.22,1.4060,1.1549
1992-01-23,,1.7951,0.7449,0.5403,123.90,1.4170,1.1583
1992-01-24,,1.8055,0.7398,0.5405,123.42,1.4095,1.1675
1992-01-27,,1.7760,0.7383,0.5365,125.40,1.4375,1.1731
1992-01-28,,1.7945,0.7443,0.5409,125.62,1.4210,1.1743
1992-01-29,,1.8060,0.7431,0.5406,125.45,1.4185,1.1723
1992-01-30,,1.7730,0.7480,0.5399,126.00,1.4420,1.1780
1992-01-31,,1.7890,0.7521,0.5402,125.55,1.4290,1.1752
1992-02-03,,1.7995,0.7524,0.5400,125.95,1.4245,1.1731
1992-02-04,,1.8015,0.7490,0.5415,126.15,1.4215,1.1808
1992-02-05,,1.8062,0.7457,0.5405,125.83,1.4175,1.1793
1992-02-06,,1.8205,0.7480,0.5416,125.65,1.4070,1.1790
1992-02-07,,1.8375,0.7510,0.5423,125.22,1.3900,1.1788
1992-02-10,,1.8255,0.7481,0.5412,126.70,1.4033,1.1767
1992-02-11,,1.8013,0.7510,0.5408,126.93,1.4245,1.1825
1992-02-12,,1.7870,0.7514,0.5397,127.68,1.4392,1.1822
1992-02-13,,1.7725,0.7535,0.5407,127.68,1.4595,1.1852
1992-02-14,,1.7685,0.7540,0.5415,127.93,1.4680,1.1870
1992-02-17,,,,,,,
1992-02-18,,1.7510,0.7541,0.5412,128.00,1.4895,1.1895
1992-02-19,,1.7520,0.7572,0.5412,128.40,1.4888,1.1879
1992-02-20,,1.7500,0.7558,0.5439,128.65,1.4895,1.1850
1992-02-21,,1.7465,0.7534,0.5422,128.72,1.4940,1.1842
1992-02-24,,1.7480,0.7510,0.5401,129.10,1.4907,1.1873
1992-02-25,,1.7560,0.7525,0.5414,129.45,1.4855,1.1859
1992-02-26,,1.7455,0.7487,0.5410,129.68,1.4990,1.1808
1992-02-27,,1.7540,0.7533,0.5463,129.41,1.4890,1.1795
1992-02-28,,1.7560,0.7538,0.5466,129.15,1.4845,1.1820
1992-03-02,,1.7543,0.7545,0.5471,129.63,1.4878,1.1847
1992-03-03,,1.7390,0.7527,0.5482,130.84,1.5070,1.1907
1992-03-04,,1.7230,0.7521,0.5453,132.11,1.5240,1.1923
1992-03-05,,1.7160,0.7542,0.5470,131.85,1.5242,1.1905
1992-03-06,,1.7180,0.7552,0.5477,131.76,1.5170,1.1885
1992-03-09,,1.7225,0.7567,0.5473,131.92,1.5080,1.1928
1992-03-10,,1.7140,0.7571,0.5483,132.88,1.5185,1.1954
1992-03-11,,1.7253,0.7547,0.5481,133.45,1.5085,1.1943
1992-03-12,,1.7070,0.7536,0.5479,134.25,1.5130,1.1948
1992-03-13,,1.7115,0.7547,0.5472,133.60,1.5075,1.1990
1992-03-16,,1.7150,0.7549,0.5456,133.98,1.5105,1.2002
1992-03-17,,1.7310,0.7573,0.5463,133.45,1.4965,1.1970
1992-03-18,,1.7330,0.7602,0.5480,132.05,1.4928,1.1933
1992-03-19,,1.7110,0.7599,0.5497,133.27,1.5150,1.1968
1992-03-20,,1.7060,0.7593,0.5492,134.15,1.5255,1.1985
1992-03-23,,1.7150,0.7605,0.5489,133.70,1.5175,1.1930
1992-03-24,,1.7200,0.7614,0.5484,133.69,1.5145,1.1920
1992-03-25,,1.7320,0.7638,0.5495,133.35,1.5000,1.1891
1992-03-26,,1.7220,0.7645,0.5504,133.95,1.5165,1.1898
1992-03-27,,1.7395,0.7659,0.5490,133.12,1.4965,1.1888
1992-03-30,,1.7330,0.7670,0.5483,133.06,1.5042,1.1907
1992-03-31,,1.7363,0.7700,0.5463,132.92,1.5020,1.1902
1992-04-01,,1.7265,0.7666,0.5450,134.50,1.5090,1.1915
1992-04-02,,1.7295,0.7663,0.5446,133.83,1.5027,1.1930
1992-04-03,,1.7430,0.7665,0.5470,133.25,1.4890,1.1893
1992-04-06,,1.7500,0.7632,0.5439,132.72,1.4887,1.1878
1992-04-07,,1.7495,0.7628,0.5423,133.28,1.4920,1.1880
1992-04-08,,1.7485,0.7595,0.5421,132.60,1.4923,1.1893
1992-04-09,,1.7640,0.7628,0.5437,132.23,1.4870,1.1884
1992-04-10,,1.7652,0.7637,0.5435,132.90,1.5080,1.1867
1992-04-13,,1.7620,0.7638,0.5447,133.28,1.5250,1.1863
1992-04-14,,1.7710,0.7661,0.5453,132.79,1.5135,1.1818
1992-04-15,,1.7560,0.7650,0.5445,133.39,1.5335,1.1799
1992-04-16,,1.7477,0.7667,0.5438,133.90,1.5430,1.1823
1992-04-17,,1.7450,0.7670,0.5430,134.00,1.5450,1.1820
1992-04-20,,1.7425,0.7681,0.5428,134.50,1.5485,1.1800
1992-04-21,,1.7470,0.7645,0.5413,134.23,1.5474,1.1800
1992-04-22,,1.7625,0.7625,0.5377,134.15,1.5415,1.1863
1992-04-23,,1.7640,0.7570,0.5330,134.53,1.5420,1.1858
1992-04-24,,1.7720,0.7540,0.5340,134.53,1.5330,1.1856
1992-04-27,,1.7800,0.7562,0.5348,133.13,1.5300,1.1940
1992-04-28,,1.7750,0.7552,0.5376,133.33,1.5173,1.1954
1992-04-29,,1.7698,0.7589,0.5386,133.50,1.5220,1.1941
1992-04-30,,1.7750,0.7565,0.5372,133.30,1.5170,1.1960
1992-05-01,,1.7860,0.7555,0.5380,132.75,1.5010,1.1888
1992-05-04,,1.7830,0.7538,0.5370,132.70,1.5045,1.1905
1992-05-05,,1.7815,0.7582,0.5382,133.07,1.5083,1.1915
1992-05-06,,1.7945,0.7552,0.5374,132.50,1.5020,1.1967
1992-05-07,,1.7965,0.7513,0.5368,132.70,1.5117,1.1988
1992-05-08,,1.7875,0.7541,0.5371,133.40,1.5290,1.2000
1992-05-11,,1.7927,0.7503,0.5337,133.17,1.5280,1.2063
1992-05-12,,1.8130,0.7523,0.5320,130.50,1.5045,1.2045
1992-05-13,,1.8130,0.7525,0.5330,130.40,1.4945,1.2052
1992-05-14,,1.8220,0.7574,0.5347,130.20,1.4760,1.2025
1992-05-15,,1.8185,0.7574,0.5340,130.25,1.4885,1.2028
1992-05-18,,1.8355,0.7583,0.5340,128.80,1.4650,1.1978
1992-05-19,,1.8395,0.7575,0.5333,129.10,1.4595,1.1959
1992-05-20,,1.8308,0.7566,0.5326,129.58,1.4705,1.1960
1992-05-21,,1.8170,0.7582,0.5336,130.25,1.4825,1.1960
1992-05-22,,1.8142,0.7573,0.5348,129.40,1.4890,1.1955
1992-05-25,,,,,,,
1992-05-26,,1.8280,0.7585,0.5355,129.33,1.4792,1.2019
1992-05-27,,1.8010,0.7580,0.5358,129.95,1.4865,1.2020
1992-05-28,,1.8065,0.7582,0.5360,129.62,1.4768,1.2040
1992-05-29,,1.8290,0.7568,0.5352,127.75,1.4562,1.2048
1992-06-01,,1.8227,0.7574,0.5351,127.45,1.4617,1.2048
1992-06-02,,1.8245,0.7575,0.5356,127.53,1.4610,1.2035
1992-06-03,,1.8178,0.7630,0.5373,127.80,1.4703,1.2003
1992-06-04,,1.8250,0.7629,0.5369,127.57,1.4615,1.1975
1992-06-05,,1.8360,0.7630,0.5385,126.80,1.4500,1.1926
1992-06-08,,1.8340,0.7640,0.5407,127.20,1.4523,1.1940
1992-06-09,,1.8325,0.7631,0.5442,127.55,1.4560,1.1935
1992-06-10,,1.8330,0.7617,0.5434,127.65,1.4520,1.1950
1992-06-11,,1.8460,0.7616,0.5433,126.75,1.4315,1.1933
1992-06-12,,1.8515,0.7586,0.5436,126.65,1.4270,1.1916
1992-06-15,,1.8560,0.7535,0.5417,126.80,1.4150,1.1925
1992-06-16,,1.8600,0.7534,0.5423,126.70,1.4070,1.1960
1992-06-17,,1.8530,0.7525,0.5420,127.05,1.4200,1.1963
1992-06-18,,1.8655,0.7545,0.5435,126.65,1.4125,1.1975
1992-06-19,,1.8595,0.7522,0.5460,126.93,1.4165,1.1981
1992-06-22,,1.8615,0.7495,0.5445,127.10,1.4150,1.1948
1992-06-23,,1.8635,0.7518,0.5443,127.23,1.4170,1.1970
1992-06-24,,1.8770,0.7518,0.5450,126.68,1.4045,1.1967
1992-06-25,,1.8910,0.7500,0.5447,125.45,1.3920,1.1943
1992-06-26,,1.8910,0.7465,0.5435,125.72,1.3845,1.1930
1992-06-29,,1.9070,0.7471,0.5438,125.25,1.3680,1.1935
1992-06-30,,1.9035,0.7477,0.5442,125.87,1.3747,1.1972
1992-07-01,,1.9110,0.7469,0.5440,124.92,1.3665,1.2011
1992-07-02,,1.9180,0.7421,0.5440,124.60,1.3580,1.2025
1992-07-03,,1.9085,0.7444,0.5448,124.80,1.3575,1.2025
1992-07-06,,1.9102,0.7447,0.5441,124.55,1.3538,1.1998
1992-07-07,,1.9248,0.7436,0.5438,124.42,1.3485,1.1965
1992-07-08,,1.9195,0.7466,0.5448,124.85,1.3480,1.1915
1992-07-09,,1.8960,0.7441,0.5455,125.80,1.3720,1.1940
1992-07-10,,1.9210,0.7463,0.5458,125.40,1.3560,1.1922
1992-07-13,,1.9290,0.7456,0.5467,124.95,1.3360,1.1928
1992-07-14,,1.9130,0.7469,0.5474,126.00,1.3481,1.1936
1992-07-15,,1.9257,0.7441,0.5460,125.00,1.3362,1.1928
1992-07-16,,1.9355,0.7432,0.5460,125.45,1.3280,1.1909
1992-07-17,,1.9495,0.7443,0.5482,124.55,1.3070,1.1900
1992-07-20,,1.9180,0.7455,0.5483,125.25,1.3130,1.1893
1992-07-21,,1.9095,0.7465,0.5475,125.30,1.3225,1.1928
1992-07-22,,1.9035,0.7480,0.5481,126.90,1.3220,1.1905
1992-07-23,,1.9130,0.7481,0.5488,126.63,1.3160,1.1885
1992-07-24,,1.8985,0.7460,0.5482,127.67,1.3300,1.1915
1992-07-27,,1.9160,0.7437,0.5461,127.73,1.3128,1.1890
1992-07-28,,1.9290,0.7438,0.5457,127.58,1.3039,1.1884
1992-07-29,,1.9175,0.7437,0.5453,127.93,1.3207,1.1875
1992-07-30,,1.9195,0.7441,0.5457,127.65,1.3210,1.1831
1992-07-31,,1.9200,0.7443,0.5453,127.35,1.3195,1.1845
1992-08-03,,1.9237,0.7439,0.5446,127.28,1.3198,1.1842
1992-08-04,,1.9215,0.7414,0.5443,127.25,1.3200,1.1854
1992-08-05,,1.9130,0.7363,0.5440,127.40,1.3235,1.1830
1992-08-06,,1.9070,0.7372,0.5434,127.75,1.3310,1.1865
1992-08-07,,1.9290,0.7372,0.5435,127.50,1.3128,1.1830
1992-08-10,,1.9270,0.7375,0.5427,128.05,1.3172,1.1883
1992-08-11,,1.9215,0.7287,0.5426,128.05,1.3252,1.1859
1992-08-12,,1.9280,0.7182,0.5343,127.72,1.3215,1.1912
1992-08-13,,1.9310,0.7187,0.5371,127.27,1.3140,1.1919
1992-08-14,,1.9160,0.7211,0.5380,126.25,1.3242,1.1933
1992-08-17,,1.9257,0.7229,0.5387,125.75,1.3150,1.1950
1992-08-18,,1.9295,0.7203,0.5381,126.25,1.3112,1.1973
1992-08-19,,1.9350,0.7255,0.5398,126.30,1.3024,1.1978
1992-08-20,,1.9390,0.7220,0.5401,126.32,1.2915,1.1927
1992-08-21,,1.9475,0.7207,0.5384,126.07,1.2790,1.1923
1992-08-24,,1.9945,0.7137,0.5383,124.68,1.2425,1.1904
1992-08-25,,1.9880,0.7112,0.5408,124.90,1.2480,1.1899
1992-08-26,,1.9865,0.7149,0.5415,124.95,1.2600,1.1909
1992-08-27,,1.9762,0.7165,0.5417,124.90,1.2650,1.1950
1992-08-28,,1.9825,0.7170,0.5408,123.26,1.2590,1.1965
1992-08-31,,1.9893,0.7156,0.5392,122.95,1.2465,1.1952
1992-09-01,,1.9960,0.7174,0.5398,122.95,1.2405,1.1943
1992-09-02,,2.0035,0.7181,0.5401,123.00,1.2395,1.1970
1992-09-03,,1.9830,0.7200,0.5402,124.00,1.2630,1.1985
1992-09-04,,1.9945,0.7200,0.5420,123.22,1.2515,1.1990
1992-09-07,,,,,,,
1992-09-08,,2.0030,0.7128,0.5383,122.68,1.2327,1.2043
1992-09-09,,1.9750,0.7183,0.5405,123.23,1.2520,1.2160
1992-09-10,,1.9760,0.7225,0.5436,122.98,1.2495,1.2200
1992-09-11,,1.9235,0.7254,0.5472,124.23,1.2890,1.2218
1992-09-14,,1.8915,0.7331,0.5537,124.25,1.3155,1.2118
1992-09-15,,1.8715,0.7311,0.5450,124.38,1.3145,1.2190
1992-09-16,,1.8110,0.7302,0.5465,124.95,1.3205,1.2220
1992-09-17,,1.7815,0.7317,0.5465,124.43,1.2950,1.2176
1992-09-18,,1.7370,0.7325,0.5431,124.63,1.3050,1.2165
1992-09-21,,1.7125,0.7257,0.5352,123.72,1.3005,1.2310
1992-09-22,,1.7082,0.7235,0.5380,121.20,1.3020,1.2312
1992-09-23,,1.7085,0.7220,0.5385,120.15,1.3105,1.2424
1992-09-24,,1.7090,0.7233,0.5379,120.70,1.3055,1.2415
1992-09-25,,1.7140,0.7225,0.5380,120.50,1.2970,1.2396
1992-09-28,,1.7295,0.7165,0.5365,119.58,1.2715,1.2465
1992-09-29,,1.7690,0.7130,0.5358,119.75,1.2465,1.2540
1992-09-30,,1.7790,0.7139,0.5372,120.00,1.2372,1.2480
1992-10-01,,1.7340,0.7141,0.5404,120.00,1.2450,1.2436
1992-10-02,,1.7060,0.7165,0.5433,119.35,1.2352,1.2550
1992-10-05,,1.7010,0.7205,0.5450,119.65,1.2260,1.2469
1992-10-06,,1.7125,0.7212,0.5450,119.92,1.2490,1.2474
1992-10-07,,1.7175,0.7194,0.5425,120.02,1.2645,1.2487
1992-10-08,,1.6895,0.7208,0.5432,120.97,1.3012,1.2466
1992-10-09,,1.6975,0.7176,0.5412,122.00,1.3145,1.2505
1992-10-12,,,,,,,
1992-10-13,,1.7140,0.7222,0.5430,121.50,1.3138,1.2455
1992-10-14,,1.7098,0.7223,0.5431,121.02,1.3040,1.2485
1992-10-15,,1.7000,0.7224,0.5425,120.40,1.2942,1.2495
1992-10-16,,1.6555,0.7196,0.5420,119.85,1.3185,1.2474
1992-10-19,,1.6300,0.7187,0.5405,119.85,1.3230,1.2467
1992-10-20,,1.6235,0.7150,0.5389,121.95,1.3610,1.2380
1992-10-21,,1.6135,0.7184,0.5391,121.80,1.3480,1.2380
1992-10-22,,1.6195,0.7201,0.5400,120.75,1.3510,1.2425
1992-10-23,,1.6130,0.7184,0.5412,121.77,1.3630,1.2469
1992-10-26,,1.5865,0.7143,0.5399,122.03,1.3685,1.2495
1992-10-27,,1.5775,0.7045,0.5340,122.48,1.3660,1.2372
1992-10-28,,1.5780,0.6963,0.5310,122.50,1.3700,1.2400
1992-10-29,,1.5700,0.6935,0.5272,123.36,1.3760,1.2425
1992-10-30,,1.5625,0.6952,0.5250,123.30,1.3770,1.2405
1992-11-02,,1.5330,0.6910,0.5218,123.95,1.3985,1.2415
1992-11-03,,1.5479,0.6950,0.5250,122.25,1.3925,1.2418
1992-11-04,,1.5535,0.6909,0.5245,122.80,1.3980,1.2460
1992-11-05,,1.5380,0.6968,0.5252,122.67,1.4170,1.2480
1992-11-06,,1.5365,0.7003,0.5295,123.20,1.4315,1.2523
1992-11-09,,1.5200,0.6990,0.5257,123.90,1.4265,1.2595
1992-11-10,,1.5130,0.6890,0.5237,124.40,1.4375,1.2643
1992-11-11,,,,,,,
1992-11-12,,1.5230,0.6935,0.5230,124.12,1.4350,1.2635
1992-11-13,,1.5490,0.6936,0.5248,123.85,1.4130,1.2640
1992-11-16,,1.5180,0.6881,0.5205,124.85,1.4390,1.2700
1992-11-17,,1.5190,0.6842,0.5150,124.55,1.4550,1.2750
1992-11-18,,1.5205,0.6881,0.5170,124.38,1.4560,1.2755
1992-11-19,,1.5320,0.6839,0.5165,123.55,1.4340,1.2730
1992-11-20,,1.5210,0.6843,0.5148,124.22,1.4320,1.2785
1992-11-23,,1.5175,0.6833,0.5145,124.18,1.4400,1.2850
1992-11-24,,1.5190,0.6848,0.5155,124.10,1.4373,1.2885
1992-11-25,,1.5250,0.6896,0.5163,123.93,1.4310,1.2832
1992-11-26,,,,,,,
1992-11-27,,1.5095,0.6893,0.5150,124.40,1.4420,1.2855
1992-11-30,,1.5135,0.6822,0.5109,124.42,1.4375,1.2861
1992-12-01,,1.5350,0.6843,0.5120,124.40,1.4150,1.2857
1992-12-02,,1.5480,0.6829,0.5127,124.41,1.3915,1.2815
1992-12-03,,1.5650,0.6887,0.5160,124.67,1.4115,1.2770
1992-12-04,,1.5570,0.6916,0.5171,124.90,1.4342,1.2782
1992-12-07,,1.5860,0.6924,0.5186,124.44,1.4000,1.2760
1992-12-08,,1.5975,0.6934,0.5175,124.00,1.3935,1.2749
1992-12-09,,1.5695,0.6942,0.5183,124.10,1.4070,1.2735
1992-12-10,,1.5570,0.6893,0.5151,123.73,1.4125,1.2718
1992-12-11,,1.5578,0.6902,0.5167,123.89,1.4055,1.2765
1992-12-14,,1.5650,0.6873,0.5155,123.85,1.4085,1.2746
1992-12-15,,1.5665,0.6881,0.5144,124.10,1.4100,1.2772
1992-12-16,,1.5772,0.6888,0.5180,122.90,1.3970,1.2787
1992-12-17,,1.5740,0.6894,0.5188,123.10,1.4015,1.2748
1992-12-18,,1.5660,0.6916,0.5171,123.28,1.4115,1.2756
1992-12-21,,1.5640,0.6930,0.5175,122.97,1.4140,1.2675
1992-12-22,,1.5385,0.6910,0.5154,123.52,1.4350,1.2613
1992-12-23,,1.5260,0.6904,0.5139,123.85,1.4420,1.2605
1992-12-24,,1.5230,0.6912,0.5152,123.90,1.4485,1.2612
1992-12-25,,,,,,,
1992-12-28,,1.5115,0.6885,0.5148,124.75,1.4550,1.2617
1992-12-29,,1.5125,0.6895,0.5138,124.70,1.4630,1.2660
1992-12-30,,1.5120,0.6894,0.5134,124.59,1.4595,1.2687
1992-12-31,,1.5130,0.6890,0.5135,124.85,1.4660,1.2714
1993-01-01,,,,,,,
1993-01-04,,1.5010,0.6818,0.5121,125.40,1.4790,1.2782
1993-01-05,,1.5450,0.6735,0.5053,125.11,1.4702,1.2768
1993-01-06,,1.5413,0.6700,0.5055,125.10,1.4870,1.2782
1993-01-07,,1.5360,0.6690,0.5080,125.25,1.4925,1.2798
1993-01-08,,1.5400,0.6720,0.5101,125.27,1.4950,1.2825
1993-01-11,,1.5535,0.6736,0.5129,125.05,1.4885,1.2755
1993-01-12,,1.5400,0.6736,0.5127,125.30,1.4975,1.2783
1993-01-13,,1.5400,0.6694,0.5118,126.03,1.4925,1.2821
1993-01-14,,1.5390,0.6698,0.5123,125.75,1.4815,1.2785
1993-01-15,,1.5300,0.6740,0.5135,126.10,1.4970,1.2822
1993-01-18,,,,,,,
1993-01-19,,1.5480,0.6723,0.5135,125.55,1.4745,1.2769
1993-01-20,,1.5416,0.6690,0.5125,124.90,1.4705,1.2805
1993-01-21,,1.5175,0.6655,0.5117,125.00,1.4810,1.2875
1993-01-22,,1.5320,0.6720,0.5147,124.85,1.4595,1.2822
1993-01-25,,1.5585,0.6720,0.5168,123.28,1.4432,1.2789
1993-01-26,,1.5385,0.6750,0.5180,123.63,1.4525,1.2712
1993-01-27,,1.5145,0.6735,0.5156,124.10,1.4605,1.2701
1993-01-28,,1.5165,0.6812,0.5180,124.23,1.4610,1.2709
1993-01-29,,1.4855,0.6793,0.5162,124.97,1.4880,1.2700
1993-02-01,,1.4540,0.6755,0.5140,124.95,1.5185,1.2640
1993-02-02,,1.4460,0.6782,0.5145,124.86,1.5240,1.2627
1993-02-03,,1.4345,0.6798,0.5147,124.33,1.5252,1.2663
1993-02-04,,1.4452,0.6786,0.5140,124.58,1.5305,1.2630
1993-02-05,,1.4475,0.6762,0.5133,124.43,1.5280,1.2611
1993-02-08,,1.4395,0.6694,0.5091,124.02,1.5321,1.2641
1993-02-09,,1.4310,0.6700,0.5095,121.38,1.5285,1.2682
1993-02-10,,1.4255,0.6705,0.5115,120.97,1.5345,1.2659
1993-02-11,,1.4180,0.6764,0.5130,120.50,1.5349,1.2563
1993-02-12,,1.4175,0.6774,0.5120,120.90,1.5404,1.2554
1993-02-15,,,,,,,
1993-02-16,,1.4475,0.6871,0.5158,119.80,1.5075,1.2564
1993-02-17,,1.4439,0.6864,0.5157,119.40,1.5050,1.2617
1993-02-18,,1.4460,0.6878,0.5160,119.60,1.5095,1.2600
1993-02-19,,1.4525,0.6900,0.5168,119.11,1.5070,1.2570
1993-02-22,,1.4544,0.6909,0.5184,116.45,1.4905,1.2620
1993-02-23,,1.4585,0.6960,0.5252,116.65,1.4840,1.2550
1993-02-24,,1.4375,0.6961,0.5252,116.90,1.4975,1.2619
1993-02-25,,1.4300,0.6940,0.5225,117.50,1.5155,1.2535
1993-02-26,,1.4215,0.6955,0.5233,118.10,1.5260,1.2498
1993-03-01,,1.4363,0.7052,0.5269,118.75,1.5265,1.2498
1993-03-02,,1.4475,0.7070,0.5280,117.77,1.5215,1.2480
1993-03-03,,1.4490,0.7053,0.5268,117.25,1.5270,1.2469
1993-03-04,,1.4535,0.7125,0.5300,116.80,1.5185,1.2428
1993-03-05,,1.4470,0.7077,0.5275,117.65,1.5467,1.2475
1993-03-08,,1.4455,0.7062,0.5265,116.62,1.5385,1.2435
1993-03-09,,1.4345,0.7010,0.5280,117.40,1.5433,1.2462
1993-03-10,,1.4320,0.7044,0.5271,118.12,1.5362,1.2458
1993-03-11,,1.4349,0.7067,0.5271,117.57,1.5245,1.2446
1993-03-12,,1.4330,0.7108,0.5278,117.80,1.5223,1.2435
1993-03-15,,1.4340,0.7031,0.5266,118.45,1.5220,1.2465
1993-03-16,,1.4445,0.7051,0.5275,116.90,1.5230,1.2505
1993-03-17,,1.4510,0.7096,0.5335,117.25,1.5335,1.2518
1993-03-18,,1.4755,0.7137,0.5347,116.88,1.5215,1.2472
1993-03-19,,1.4892,0.7157,0.5336,115.95,1.5095,1.2455
1993-03-22,,1.4876,0.7147,0.5365,115.67,1.5146,1.2453
1993-03-23,,1.4832,0.7035,0.5292,115.70,1.5097,1.2483
1993-03-24,,1.4820,0.7052,0.5321,116.88,1.5080,1.2446
1993-03-25,,1.4743,0.7089,0.5323,117.30,1.5217,1.2440
1993-03-26,,1.4905,0.7090,0.5340,116.40,1.5088,1.2449
1993-03-29,,1.4904,0.7078,0.5341,116.77,1.5090,1.2468
1993-03-30,,1.4950,0.7108,0.5345,116.62,1.4960,1.2514
1993-03-31,,1.5090,0.7044,0.5316,114.90,1.4915,1.2573
1993-04-01,,1.5260,0.6970,0.5276,114.10,1.4824,1.2585
1993-04-02,,1.5130,0.6970,0.5288,114.20,1.4910,1.2605
1993-04-05,,1.5200,0.7019,0.5325,113.60,1.4770,1.2620
1993-04-06,,1.5127,0.7037,0.5324,114.00,1.4895,1.2595
1993-04-07,,1.5138,0.7055,0.5352,113.70,1.4885,1.2614
1993-04-08,,1.5253,0.7092,0.5380,113.45,1.4797,1.2580
1993-04-09,,1.5282,0.7085,0.5380,113.20,1.4765,1.2597
1993-04-12,,1.5478,0.7115,0.5400,112.75,1.4630,1.2607
1993-04-13,,1.5585,0.7175,0.5415,113.40,1.4455,1.2613
1993-04-14,,1.5520,0.7213,0.5423,113.90,1.4575,1.2634
1993-04-15,,1.5430,0.7209,0.5407,113.40,1.4655,1.2610
1993-04-16,,1.5255,0.7164,0.5382,112.63,1.4770,1.2590
1993-04-19,,1.5379,0.7192,0.5413,111.03,1.4698,1.2562
1993-04-20,,1.5424,0.7157,0.5402,110.80,1.4637,1.2567
1993-04-21,,1.5363,0.7150,0.5399,111.10,1.4620,1.2580
1993-04-22,,1.5480,0.7117,0.5400,110.05,1.4580,1.2620
1993-04-23,,1.5755,0.7132,0.5433,110.62,1.4300,1.2615
1993-04-26,,1.5900,0.7210,0.5463,110.45,1.4180,1.2585
1993-04-27,,1.5775,0.7170,0.5450,111.25,1.4262,1.2715
1993-04-28,,1.5710,0.7130,0.5433,112.40,1.4330,1.2732
1993-04-29,,1.5705,0.7133,0.5433,111.75,1.4290,1.2724
1993-04-30,,1.5695,0.7045,0.5410,111.27,1.4350,1.2702
1993-05-03,,1.5610,0.7061,0.5409,110.90,1.4325,1.2675
1993-05-04,,1.5703,0.6982,0.5398,110.30,1.4170,1.2727
1993-05-05,,1.5660,0.6992,0.5410,110.25,1.4175,1.2763
1993-05-06,,1.5700,0.7038,0.5451,110.30,1.4205,1.2707
1993-05-07,,1.5715,0.7083,0.5470,110.35,1.4290,1.2711
1993-05-10,,1.5350,0.7026,0.5438,111.75,1.4545,1.2685
1993-05-11,,1.5420,0.6993,0.5415,111.05,1.4585,1.2749
1993-05-12,,1.5340,0.7005,0.5425,111.50,1.4610,1.2747
1993-05-13,,1.5255,0.7055,0.5438,111.70,1.4583,1.2727
1993-05-14,,1.5385,0.7021,0.5430,110.85,1.4510,1.2743
1993-05-17,,1.5322,0.7021,0.5432,111.40,1.4690,1.2757
1993-05-18,,1.5314,0.6912,0.5370,111.59,1.4787,1.2730
1993-05-19,,1.5408,0.6925,0.5392,110.52,1.4745,1.2675
1993-05-20,,1.5563,0.6934,0.5411,110.50,1.4640,1.2683
1993-05-21,,1.5415,0.6948,0.5442,110.43,1.4730,1.2665
1993-05-24,,1.5350,0.6941,0.5438,110.35,1.4717,1.2622
1993-05-25,,1.5420,0.7001,0.5473,109.50,1.4590,1.2606
1993-05-26,,1.5460,0.6984,0.5469,108.65,1.4625,1.2645
1993-05-27,,1.5545,0.6933,0.5449,107.80,1.4380,1.2637
1993-05-28,,1.5605,0.6862,0.5420,107.17,1.4185,1.2707
1993-05-31,,,,,,,
1993-06-01,,1.5510,0.6770,0.5411,107.23,1.4250,1.2722
1993-06-02,,1.5410,0.6780,0.5422,107.68,1.4250,1.2714
1993-06-03,,1.5393,0.6812,0.5426,107.40,1.4287,1.2746
1993-06-04,,1.5170,0.6750,0.5376,107.75,1.4590,1.2775
1993-06-07,,1.5225,0.6733,0.5363,107.36,1.4555,1.2785
1993-06-08,,1.5175,0.6683,0.5339,106.30,1.4575,1.2830
1993-06-09,,1.5150,0.6745,0.5356,106.55,1.4742,1.2806
1993-06-10,,1.5190,0.6763,0.5371,106.16,1.4682,1.2791
1993-06-11,,1.5245,0.6795,0.5420,106.10,1.4500,1.2800
1993-06-14,,1.5270,0.6750,0.5422,105.15,1.4500,1.2815
1993-06-15,,1.5220,0.6765,0.5438,105.60,1.4633,1.2796
1993-06-16,,1.5035,0.6765,0.5445,106.60,1.4860,1.2804
1993-06-17,,1.5145,0.6743,0.5423,106.75,1.4785,1.2771
1993-06-18,,1.4960,0.6775,0.5412,109.50,1.5005,1.2749
1993-06-21,,1.4880,0.6850,0.5425,111.05,1.5015,1.2738
1993-06-22,,1.4772,0.6838,0.5400,111.35,1.5134,1.2785
1993-06-23,,1.4717,0.6738,0.5383,109.15,1.5075,1.2807
1993-06-24,,1.4675,0.6698,0.5366,109.25,1.5180,1.2825
1993-06-25,,1.4778,0.6694,0.5372,106.15,1.5128,1.2830
1993-06-28,,1.4930,0.6677,0.5373,106.05,1.5048,1.2836
1993-06-29,,1.5030,0.6695,0.5378,107.13,1.5010,1.2815
1993-06-30,,1.4930,0.6663,0.5366,106.80,1.5105,1.2823
1993-07-01,,1.5065,0.6663,0.5412,107.85,1.5065,1.2886
1993-07-02,,1.5075,0.6692,0.5428,108.70,1.5090,1.2887
1993-07-05,,,,,,,
1993-07-06,,1.5097,0.6766,0.5443,108.28,1.5110,1.2857
1993-07-07,,1.4935,0.6792,0.5465,107.70,1.5170,1.2847
1993-07-08,,1.4948,0.6848,0.5510,108.75,1.5145,1.2804
1993-07-09,,1.4779,0.6824,0.5500,109.67,1.5315,1.2765
1993-07-12,,1.4780,0.6795,0.5495,109.65,1.5290,1.2790
1993-07-13,,1.4929,0.6775,0.5483,108.34,1.5185,1.2783
1993-07-14,,1.5012,0.6775,0.5503,107.50,1.5115,1.2834
1993-07-15,,1.4883,0.6800,0.5492,108.25,1.5170,1.2819
1993-07-16,,1.4795,0.6787,0.5492,107.80,1.5150,1.2798
1993-07-19,,1.4985,0.6770,0.5470,108.50,1.4985,1.2784
1993-07-20,,1.5010,0.6770,0.5470,108.40,1.5055,1.2784
1993-07-21,,1.5155,0.6775,0.5495,108.50,1.5008,1.2772
1993-07-22,,1.5085,0.6770,0.5505,106.90,1.5022,1.2795
1993-07-23,,1.4964,0.6780,0.5510,106.80,1.5185,1.2799
1993-07-26,,1.5015,0.6790,0.5525,106.90,1.5210,1.2814
1993-07-27,,1.4890,0.6773,0.5524,106.35,1.5210,1.2840
1993-07-28,,1.4945,0.6758,0.5512,105.33,1.5140,1.2836
1993-07-29,,1.4861,0.6771,0.5515,106.30,1.5240,1.2875
1993-07-30,,1.4850,0.6880,0.5540,105.05,1.5230,1.2844
1993-08-02,,1.4897,0.6895,0.5521,104.35,1.5025,1.2873
1993-08-03,,1.5045,0.6900,0.5521,104.43,1.5013,1.2910
1993-08-04,,1.5005,0.6880,0.5515,104.80,1.5065,1.2879
1993-08-05,,1.4910,0.6866,0.5535,104.25,1.5111,1.2895
1993-08-06,,1.4985,0.6795,0.5500,104.45,1.5010,1.2908
1993-08-09,,1.4927,0.6805,0.5572,104.93,1.5035,1.2914
1993-08-10,,1.4802,0.6860,0.5489,104.67,1.5177,1.2918
1993-08-11,,1.4737,0.6823,0.5493,103.68,1.5282,1.3008
1993-08-12,,1.4630,0.6780,0.5510,103.17,1.5265,1.3099
1993-08-13,,1.4595,0.6780,0.5515,102.18,1.5265,1.3150
1993-08-16,,1.4840,0.6795,0.5530,101.10,1.4975,1.3152
1993-08-17,,1.4885,0.6732,0.5540,101.55,1.5065,1.3143
1993-08-18,,1.5112,0.6747,0.5550,101.60,1.4895,1.3200
1993-08-19,,1.5050,0.6747,0.5550,103.95,1.4850,1.3185
1993-08-20,,1.5120,0.6771,0.5535,104.85,1.4770,1.3200
1993-08-23,,1.5013,0.6665,0.5505,103.12,1.4855,1.3200
1993-08-24,,1.4962,0.6690,0.5528,103.73,1.4795,1.3194
1993-08-25,,1.4818,0.6710,0.5565,104.95,1.4855,1.3145
1993-08-26,,1.4990,0.6702,0.5550,104.40,1.4685,1.3160
1993-08-27,,1.5005,0.6660,0.5520,104.00,1.4710,1.3218
1993-08-30,,1.4905,0.6707,0.5510,103.94,1.4738,1.3204
1993-08-31,,1.4868,0.6710,0.5520,104.73,1.4805,1.3208
1993-09-01,,1.5075,0.6680,0.5535,105.70,1.4590,1.3227
1993-09-02,,1.5012,0.6560,0.5478,106.00,1.4517,1.3270
1993-09-03,,1.5262,0.6483,0.5425,105.05,1.4290,1.3284
1993-09-06,,,,,,,
1993-09-07,,1.5425,0.6498,0.5483,104.05,1.4169,1.3243
1993-09-08,,1.5395,0.6580,0.5525,105.64,1.4230,1.3190
1993-09-09,,1.5500,0.6555,0.5522,105.20,1.4007,1.3163
1993-09-10,,1.5495,0.6494,0.5510,106.20,1.3945,1.3145
1993-09-13,,1.5420,0.6510,0.5512,106.30,1.4080,1.3162
1993-09-14,,1.5463,0.6460,0.5528,105.85,1.3975,1.3218
1993-09-15,,1.5512,0.6497,0.5527,106.30,1.3905,1.3130
1993-09-16,,1.5330,0.6508,0.5515,104.45,1.4017,1.3147
1993-09-17,,1.5345,0.6512,0.5515,104.50,1.4010,1.3140
1993-09-20,,1.5317,0.6496,0.5525,104.31,1.4035,1.3220
1993-09-21,,1.5030,0.6540,0.5537,106.50,1.4300,1.3232
1993-09-22,,1.5198,0.6550,0.5541,106.50,1.4190,1.3190
1993-09-23,,1.5055,0.6510,0.5536,106.07,1.4340,1.3225
1993-09-24,,1.5013,0.6542,0.5547,106.05,1.4385,1.3195
1993-09-27,,1.5123,0.6500,0.5545,105.90,1.4260,1.3243
1993-09-28,,1.5152,0.6475,0.5520,105.25,1.4130,1.3237
1993-09-29,,1.5120,0.6450,0.5500,105.20,1.4130,1.3289
1993-09-30,,1.4960,0.6450,0.5504,106.05,1.4310,1.3360
1993-10-01,,1.5048,0.6475,0.5505,106.05,1.4247,1.3390
1993-10-04,,1.5140,0.6460,0.5503,105.80,1.4187,1.3390
1993-10-05,,1.5165,0.6465,0.5480,105.57,1.4215,1.3386
1993-10-06,,1.5257,0.6545,0.5476,105.60,1.4220,1.3355
1993-10-07,,1.5220,0.6550,0.5495,105.15,1.4260,1.3330
1993-10-08,,1.5352,0.6580,0.5515,105.57,1.4055,1.3317
1993-10-11,,,,,,,
1993-10-12,,1.5320,0.6590,0.5521,105.95,1.3995,1.3312
1993-10-13,,1.5223,0.6613,0.5518,106.02,1.4058,1.3293
1993-10-14,,1.5127,0.6630,0.5516,107.43,1.4227,1.3267
1993-10-15,,1.5120,0.6620,0.5500,107.08,1.4270,1.3317
1993-10-18,,1.4980,0.6610,0.5515,107.47,1.4345,1.3275
1993-10-19,,1.4924,0.6642,0.5550,107.07,1.4450,1.3253
1993-10-20,,1.4893,0.6680,0.5557,107.31,1.4552,1.3220
1993-10-21,,1.4863,0.6700,0.5560,108.35,1.4685,1.3170
1993-10-22,,1.4725,0.6690,0.5568,108.16,1.4758,1.3050
1993-10-25,,1.4863,0.6693,0.5560,108.36,1.4720,1.3095
1993-10-26,,1.4770,0.6671,0.5556,108.14,1.4830,1.3207
1993-10-27,,1.4783,0.6661,0.5545,108.47,1.4820,1.3184
1993-10-28,,1.4800,0.6670,0.5540,108.50,1.4920,1.3227
1993-10-29,,1.4882,0.6655,0.5540,108.35,1.4830,1.3220
1993-11-01,,1.4807,0.6740,0.5545,108.28,1.5015,1.3160
1993-11-02,,1.4825,0.6730,0.5547,107.57,1.5015,1.3058
1993-11-03,,1.4805,0.6760,0.5545,107.30,1.5020,1.3092
1993-11-04,,1.4788,0.6727,0.5545,108.27,1.5035,1.3048
1993-11-05,,1.4865,0.6737,0.5572,108.20,1.4925,1.2935
1993-11-08,,1.4808,0.6700,0.5531,108.07,1.4852,1.2963
1993-11-09,,1.4682,0.6675,0.5455,108.26,1.4960,1.3073
1993-11-10,,1.4753,0.6625,0.5393,107.28,1.4940,1.3086
1993-11-11,,,,,,,
1993-11-12,,1.4818,0.6583,0.5385,106.30,1.4978,1.3135
1993-11-15,,1.4907,0.6537,0.5382,106.90,1.4915,1.3207
1993-11-16,,1.4830,0.6568,0.5387,106.73,1.5005,1.3190
1993-11-17,,1.4765,0.6630,0.5500,107.00,1.4975,1.3163
1993-11-18,,1.4775,0.6618,0.5500,107.10,1.5030,1.3227
1993-11-19,,1.4712,0.6615,0.5480,108.30,1.5070,1.3278
1993-11-22,,1.4745,0.6608,0.5472,108.27,1.4935,1.3300
1993-11-23,,1.4870,0.6630,0.5475,108.45,1.4892,1.3270
1993-11-24,,1.4880,0.6645,0.5486,108.15,1.4927,1.3293
1993-11-25,,,,,,,
1993-11-26,,1.4795,0.6620,0.5468,108.75,1.4980,1.3288
1993-11-29,,1.4880,0.6598,0.5450,109.27,1.4910,1.3349
1993-11-30,,1.4852,0.6584,0.5455,109.08,1.5002,1.3372
1993-12-01,,1.4805,0.6580,0.5463,108.70,1.4965,1.3333
1993-12-02,,1.4823,0.6660,0.5477,108.74,1.4978,1.3309
1993-12-03,,1.4900,0.6690,0.5495,108.46,1.4897,1.3290
1993-12-06,,1.4985,0.6710,0.5502,108.23,1.4665,1.3267
1993-12-07,,1.4915,0.6665,0.5505,107.60,1.4662,1.3227
1993-12-08,,1.4950,0.6720,0.5555,108.62,1.4665,1.3230
1993-12-09,,1.4945,0.6710,0.5550,108.75,1.4675,1.3248
1993-12-10,,1.4945,0.6712,0.5557,109.18,1.4567,1.3293
1993-12-13,,1.4903,0.6715,0.5540,108.98,1.4650,1.3292
1993-12-14,,1.4882,0.6728,0.5561,109.38,1.4657,1.3340
1993-12-15,,1.4831,0.6727,0.5590,109.66,1.4665,1.3332
1993-12-16,,1.4885,0.6740,0.5610,109.72,1.4600,1.3317
1993-12-17,,1.4910,0.6790,0.5613,110.10,1.4550,1.3387
1993-12-20,,1.4855,0.6785,0.5610,110.55,1.4630,1.3443
1993-12-21,,1.4887,0.6792,0.5613,111.08,1.4515,1.3442
1993-12-22,,1.4945,0.6800,0.5610,110.57,1.4377,1.3345
1993-12-23,,1.5043,0.6771,0.5593,110.55,1.4340,1.3265
1993-12-24,,1.5030,0.6783,0.5580,110.95,1.4390,1.3265
1993-12-27,,1.5035,0.6785,0.5585,111.53,1.4450,1.3280
1993-12-28,,1.5072,0.6788,0.5595,111.35,1.4385,1.3290
1993-12-29,,1.4910,0.6740,0.5583,111.60,1.4570,1.3335
1993-12-30,,1.4763,0.6762,0.5575,112.00,1.4840,1.3290
1993-12-31,,1.4775,0.6783,0.5590,111.70,1.4880,1.3255
1994-01-03,,1.4760,0.6840,0.5620,112.50,1.4910,1.3155
1994-01-04,,1.4840,0.6845,0.5620,112.75,1.4875,1.3173
1994-01-05,,1.4870,0.6860,0.5613,113.10,1.4807,1.3180
1994-01-06,,1.4855,0.6840,0.5557,112.75,1.4807,1.3215
1994-01-07,,1.4900,0.6865,0.5568,111.97,1.4700,1.3235
1994-01-10,,1.4923,0.6865,0.5584,112.38,1.4730,1.3181
1994-01-11,,1.4905,0.6905,0.5595,112.35,1.4775,1.3219
1994-01-12,,1.5018,0.6902,0.5587,112.40,1.4660,1.3208
1994-01-13,,1.4957,0.6908,0.5573,111.92,1.4775,1.3209
1994-01-14,,1.4913,0.6900,0.5580,111.24,1.4810,1.3205
1994-01-17,,,,,,,
1994-01-18,,1.4965,0.6960,0.5630,110.75,1.4642,1.3157
1994-01-19,,1.4910,0.7010,0.5650,110.85,1.4610,1.3110
1994-01-20,,1.5000,0.7034,0.5648,111.60,1.4540,1.3103
1994-01-21,,1.4948,0.7025,0.5657,111.25,1.4645,1.3115
1994-01-24,,1.4905,0.7030,0.5658,111.80,1.4650,1.3110
1994-01-25,,1.4930,0.7080,0.5670,111.15,1.4710,1.3117
1994-01-26,,1.4940,0.7085,0.5685,110.28,1.4705,1.3133
1994-01-27,,1.4930,0.7090,0.5683,109.62,1.4718,1.3115
1994-01-28,,1.4995,0.7086,0.5675,109.45,1.4625,1.3240
1994-01-31,,1.5005,0.7085,0.5673,108.72,1.4627,1.3270
1994-02-01,,1.5030,0.7165,0.5725,108.05,1.4500,1.3308
1994-02-02,,1.4953,0.7150,0.5723,108.03,1.4525,1.3277
1994-02-03,,1.4930,0.7150,0.5715,108.18,1.4505,1.3278
1994-02-04,,1.4790,0.7145,0.5710,108.98,1.4568,1.3343
1994-02-07,,1.4825,0.7150,0.5720,108.56,1.4707,1.3418
1994-02-08,,1.4718,0.7180,0.5755,108.66,1.4800,1.3423
1994-02-09,,1.4615,0.7175,0.5755,107.89,1.4760,1.3447
1994-02-10,,1.4622,0.7180,0.5750,108.45,1.4780,1.3416
1994-02-11,,1.4648,0.7148,0.5728,107.67,1.4765,1.3430
1994-02-14,,1.4708,0.7115,0.5725,104.08,1.4705,1.3536
1994-02-15,,1.4750,0.7085,0.5720,103.95,1.4535,1.3546
1994-02-16,,1.4755,0.7115,0.5740,103.80,1.4545,1.3508
1994-02-17,,1.4770,0.7150,0.5750,104.20,1.4565,1.3406
1994-02-18,,1.4791,0.7135,0.5735,104.15,1.4510,1.3387
1994-02-21,,,,,,,
1994-02-22,,1.4784,0.7195,0.5780,105.27,1.4493,1.3425
1994-02-23,,1.4755,0.7245,0.5785,105.80,1.4540,1.3400
1994-02-24,,1.4847,0.7245,0.5785,105.15,1.4393,1.3475
1994-02-25,,1.4875,0.7212,0.5777,104.63,1.4285,1.3516
1994-02-28,,1.4875,0.7120,0.5750,104.22,1.4250,1.3522
1994-03-01,,1.4854,0.7147,0.5765,104.80,1.4400,1.3498
1994-03-02,,1.4944,0.7058,0.5701,103.70,1.4275,1.3534
1994-03-03,,1.4964,0.7060,0.5697,103.73,1.4325,1.3561
1994-03-04,,1.4895,0.7140,0.5735,105.60,1.4405,1.3575
1994-03-07,,1.4920,0.7190,0.5770,105.73,1.4385,1.3569
1994-03-08,,1.4877,0.7170,0.5760,105.30,1.4395,1.3573
1994-03-09,,1.4915,0.7142,0.5743,105.88,1.4355,1.3522
1994-03-10,,1.5008,0.7090,0.5720,105.70,1.4205,1.3577
1994-03-11,,1.5010,0.7102,0.5725,105.05,1.4165,1.3617
1994-03-14,,1.4943,0.7183,0.5755,106.00,1.4370,1.3600
1994-03-15,,1.4925,0.7180,0.5760,105.97,1.4385,1.3640
1994-03-16,,1.4927,0.7130,0.5750,105.85,1.4335,1.3623
1994-03-17,,1.4947,0.7125,0.5735,105.82,1.4335,1.3656
1994-03-18,,1.4925,0.7127,0.5728,106.05,1.4345,1.3695
1994-03-21,,1.4838,0.7088,0.5693,106.25,1.4370,1.3642
1994-03-22,,1.4865,0.7095,0.5690,106.00,1.4295,1.3665
1994-03-23,,1.4937,0.7103,0.5702,106.40,1.4285,1.3640
1994-03-24,,1.4948,0.7095,0.5665,105.52,1.4190,1.3726
1994-03-25,,1.4975,0.7110,0.5663,104.85,1.4165,1.3753
1994-03-28,,1.4965,0.7113,0.5688,104.12,1.4218,1.3748
1994-03-29,,1.4850,0.7047,0.5663,103.45,1.4255,1.3775
1994-03-30,,1.4823,0.6990,0.5593,103.07,1.4165,1.3794
1994-03-31,,1.4880,0.7015,0.5613,102.40,1.4097,1.3838
1994-04-01,,1.4735,0.7063,0.5647,103.75,1.4265,1.3890
1994-04-04,,1.4680,0.7050,0.5633,103.30,1.4275,1.3954
1994-04-05,,1.4621,0.7033,0.5637,103.85,1.4426,1.3841
1994-04-06,,1.4686,0.7045,0.5660,104.45,1.4489,1.3840
1994-04-07,,1.4684,0.7125,0.5682,104.85,1.4512,1.3865
1994-04-08,,1.4763,0.7240,0.5713,105.02,1.4435,1.3817
1994-04-11,,1.4715,0.7227,0.5703,103.45,1.4417,1.3880
1994-04-12,,1.4745,0.7235,0.5690,103.62,1.4498,1.3795
1994-04-13,,1.4770,0.7215,0.5657,103.57,1.4417,1.3763
1994-04-14,,1.4765,0.7230,0.5680,104.15,1.4453,1.3797
1994-04-15,,1.4729,0.7230,0.5685,103.60,1.4528,1.3851
1994-04-18,,1.4725,0.7175,0.5665,103.40,1.4575,1.3887
1994-04-19,,1.4775,0.7150,0.5653,103.23,1.4425,1.3865
1994-04-20,,1.4858,0.7162,0.5672,103.30,1.4400,1.3858
1994-04-21,,1.4948,0.7135,0.5682,103.65,1.4343,1.3812
1994-04-22,,1.4880,0.7185,0.5725,103.60,1.4376,1.3785
1994-04-25,,1.4915,0.7168,0.5730,103.26,1.4328,1.3815
1994-04-26,,1.5037,0.7203,0.5743,102.95,1.4333,1.3733
1994-04-27,,1.5055,0.7160,0.5740,102.35,1.4240,1.3753
1994-04-28,,1.5075,0.7120,0.5740,101.77,1.4195,1.3805
1994-04-29,,1.5118,0.7135,0.5770,102.05,1.4110,1.3818
1994-05-02,,1.5187,0.7115,0.5767,101.79,1.4000,1.3830
1994-05-03,,1.5130,0.7060,0.5755,101.20,1.3995,1.3840
1994-05-04,,1.4995,0.7117,0.5765,102.00,1.4105,1.3863
1994-05-05,,1.4980,0.7148,0.5776,102.70,1.4166,1.3847
1994-05-06,,1.4935,0.7155,0.5765,102.72,1.4147,1.3836
1994-05-09,,1.4975,0.7190,0.5790,102.70,1.4125,1.3797
1994-05-10,,1.4905,0.7242,0.5815,104.00,1.4302,1.3784
1994-05-11,,1.4911,0.7221,0.5805,104.42,1.4280,1.3781
1994-05-12,,1.4995,0.7175,0.5817,104.23,1.4270,1.3808
1994-05-13,,1.4985,0.7224,0.5835,104.90,1.4255,1.3785
1994-05-16,,1.5025,0.7260,0.5863,104.80,1.4262,1.3756
1994-05-17,,1.5065,0.7275,0.5855,104.37,1.4157,1.3790
1994-05-18,,1.5085,0.7280,0.5855,103.55,1.4075,1.3778
1994-05-19,,1.5080,0.7288,0.5855,104.25,1.4098,1.3738
1994-05-20,,1.5098,0.7288,0.5868,103.97,1.4057,1.3768
1994-05-23,,1.5055,0.7340,0.5885,104.33,1.4070,1.3790
1994-05-24,,1.5058,0.7352,0.5877,104.90,1.4140,1.3786
1994-05-25,,1.5095,0.7345,0.5882,104.50,1.4017,1.3825
1994-05-26,,1.5108,0.7323,0.5877,104.45,1.4038,1.3865
1994-05-27,,1.5095,0.7327,0.5877,104.30,1.4025,1.3864
1994-05-30,,,,,,,
1994-05-31,,1.5120,0.7385,0.5945,104.74,1.4033,1.3845
1994-06-01,,1.5172,0.7401,0.5942,104.70,1.4005,1.3860
1994-06-02,,1.5082,0.7377,0.5933,104.98,1.4050,1.3855
1994-06-03,,1.5055,0.7378,0.5943,105.38,1.4170,1.3831
1994-06-06,,1.5083,0.7345,0.5930,105.25,1.4150,1.3745
1994-06-07,,1.5080,0.7335,0.5910,104.90,1.4126,1.3710
1994-06-08,,1.5063,0.7338,0.5905,104.05,1.4130,1.3756
1994-06-09,,1.5067,0.7345,0.5887,104.45,1.4155,1.3740
1994-06-10,,1.5084,0.7340,0.5886,103.70,1.4060,1.3745
1994-06-13,,1.5202,0.7355,0.5887,103.00,1.3884,1.3812
1994-06-14,,1.5192,0.7288,0.5864,102.50,1.3835,1.3860
1994-06-15,,1.5194,0.7312,0.5870,102.78,1.3735,1.3882
1994-06-16,,1.5200,0.7305,0.5876,103.28,1.3720,1.3928
1994-06-17,,1.5307,0.7320,0.5910,102.75,1.3592,1.3925
1994-06-20,,1.5385,0.7380,0.5950,101.90,1.3500,1.3940
1994-06-21,,1.5405,0.7438,0.5953,101.78,1.3445,1.3805
1994-06-22,,1.5315,0.7390,0.5936,101.17,1.3520,1.3850
1994-06-23,,1.5415,0.7328,0.5910,101.10,1.3475,1.3853
1994-06-24,,1.5519,0.7278,0.5880,100.50,1.3320,1.3898
1994-06-27,,1.5495,0.7210,0.5897,100.05,1.3210,1.3875
1994-06-28,,1.5512,0.7220,0.5918,100.03,1.3280,1.3864
1994-06-29,,1.5462,0.7247,0.5928,98.82,1.3315,1.3840
1994-06-30,,1.5483,0.7310,0.5950,98.51,1.3325,1.3825
1994-07-01,,1.5390,0.7288,0.5975,98.51,1.3355,1.3822
1994-07-04,,,,,,,
1994-07-05,,1.5415,0.7260,0.5931,98.87,1.3288,1.3891
1994-07-06,,1.5505,0.7263,0.5960,98.23,1.3210,1.3849
1994-07-07,,1.5421,0.7278,0.5973,98.86,1.3250,1.3885
1994-07-08,,1.5445,0.7290,0.6020,98.10,1.3220,1.3903
1994-07-11,,1.5645,0.7315,0.6030,97.37,1.2960,1.3910
1994-07-12,,1.5725,0.7348,0.6055,96.81,1.2845,1.3837
1994-07-13,,1.5675,0.7370,0.6051,97.90,1.2955,1.3814
1994-07-14,,1.5615,0.7343,0.5972,98.40,1.3075,1.3820
1994-07-15,,1.5574,0.7332,0.5983,98.10,1.3125,1.3790
1994-07-18,,1.5622,0.7308,0.5970,98.51,1.3055,1.3780
1994-07-19,,1.5513,0.7325,0.5993,99.20,1.3220,1.3800
1994-07-20,,1.5493,0.7350,0.6007,98.55,1.3200,1.3815
1994-07-21,,1.5395,0.7350,0.6038,98.55,1.3315,1.3785
1994-07-22,,1.5310,0.7395,0.6050,98.55,1.3500,1.3780
1994-07-25,,1.5320,0.7432,0.6045,98.95,1.3500,1.3787
1994-07-26,,1.5244,0.7433,0.6045,98.03,1.3490,1.3807
1994-07-27,,1.5306,0.7388,0.6012,98.18,1.3357,1.3797
1994-07-28,,1.5317,0.7360,0.6000,99.18,1.3410,1.3808
1994-07-29,,1.5415,0.7389,0.6015,100.05,1.3445,1.3835
1994-08-01,,1.5368,0.7375,0.6025,99.35,1.3315,1.3885
1994-08-02,,1.5378,0.7345,0.6025,100.37,1.3340,1.3896
1994-08-03,,1.5395,0.7325,0.6003,100.42,1.3350,1.3883
1994-08-04,,1.5387,0.7355,0.6025,100.20,1.3355,1.3869
1994-08-05,,1.5425,0.7415,0.6040,100.37,1.3345,1.3882
1994-08-08,,1.5422,0.7403,0.6043,101.33,1.3315,1.3800
1994-08-09,,1.5385,0.7410,0.6002,101.20,1.3341,1.3747
1994-08-10,,1.5393,0.7430,0.5987,101.20,1.3270,1.3753
1994-08-11,,1.5395,0.7455,0.6000,100.85,1.3280,1.3780
1994-08-12,,1.5450,0.7415,0.5992,100.27,1.3095,1.3819
1994-08-15,,1.5422,0.7405,0.6032,100.10,1.3027,1.3802
1994-08-16,,1.5427,0.7402,0.6002,100.31,1.3012,1.3796
1994-08-17,,1.5400,0.7415,0.5978,100.31,1.3080,1.3768
1994-08-18,,1.5450,0.7398,0.6007,98.85,1.2990,1.3792
1994-08-19,,1.5490,0.7382,0.5990,98.57,1.2925,1.3757
1994-08-22,,1.5510,0.7352,0.5990,98.01,1.2890,1.3755
1994-08-23,,1.5535,0.7355,0.6000,98.40,1.2980,1.3775
1994-08-24,,1.5535,0.7405,0.6025,98.62,1.3020,1.3746
1994-08-25,,1.5535,0.7442,0.6030,99.71,1.3065,1.3730
1994-08-26,,1.5355,0.7445,0.6035,100.40,1.3237,1.3700
1994-08-29,,1.5340,0.7420,0.6010,100.05,1.3370,1.3693
1994-08-30,,1.5350,0.7430,0.6015,99.63,1.3325,1.3673
1994-08-31,,1.5362,0.7444,0.6018,100.11,1.3315,1.3712
1994-09-01,,1.5445,0.7430,0.6040,99.63,1.3240,1.3682
1994-09-02,,1.5475,0.7420,0.6047,99.20,1.3085,1.3665
1994-09-05,,,,,,,
1994-09-06,,1.5487,0.7404,0.6041,98.77,1.2950,1.3680
1994-09-07,,1.5462,0.7435,0.6067,99.25,1.2955,1.3685
1994-09-08,,1.5436,0.7450,0.6046,99.48,1.3055,1.3710
1994-09-09,,1.5503,0.7450,0.6040,99.20,1.2830,1.3674
1994-09-12,,1.5696,0.7436,0.6021,99.00,1.2820,1.3662
1994-09-13,,1.5623,0.7442,0.6022,98.96,1.2915,1.3537
1994-09-14,,1.5673,0.7415,0.6027,99.05,1.2780,1.3516
1994-09-15,,1.5630,0.7435,0.6037,99.45,1.2845,1.3540
1994-09-16,,1.5840,0.7442,0.6040,98.72,1.2735,1.3515
1994-09-19,,1.5660,0.7427,0.6032,98.58,1.2880,1.3517
1994-09-20,,1.5745,0.7426,0.6030,97.79,1.2870,1.3443
1994-09-21,,1.5780,0.7467,0.6002,97.92,1.2825,1.3430
1994-09-22,,1.5760,0.7357,0.5992,98.05,1.2845,1.3433
1994-09-23,,1.5813,0.7393,0.6022,97.70,1.2835,1.3458
1994-09-26,,1.5745,0.7397,0.6023,98.65,1.2875,1.3473
1994-09-27,,1.5775,0.7391,0.6022,98.37,1.2835,1.3478
1994-09-28,,1.5760,0.7403,0.6017,98.77,1.2845,1.3410
1994-09-29,,1.5800,0.7400,0.6030,98.67,1.2850,1.3425
1994-09-30,,1.5770,0.7400,0.6025,99.05,1.2865,1.3410
1994-10-03,,1.5785,0.7406,0.6027,99.50,1.2930,1.3457
1994-10-04,,1.5783,0.7382,0.6030,99.65,1.2890,1.3450
1994-10-05,,1.5860,0.7392,0.6029,99.47,1.2780,1.3472
1994-10-06,,1.5875,0.7395,0.6047,99.65,1.2805,1.3477
1994-10-07,,1.5865,0.7377,0.6045,100.37,1.2817,1.3485
1994-10-10,,,,,,,
1994-10-11,,1.5780,0.7355,0.6050,100.50,1.2905,1.3438
1994-10-12,,1.5810,0.7358,0.6054,99.95,1.2870,1.3477
1994-10-13,,1.5815,0.7375,0.6055,99.75,1.2840,1.3488
1994-10-14,,1.5910,0.7350,0.6061,98.43,1.2630,1.3540
1994-10-17,,1.6100,0.7350,0.6107,97.68,1.2490,1.3565
1994-10-18,,1.6135,0.7373,0.6113,97.79,1.2490,1.3550
1994-10-19,,1.6180,0.7355,0.6113,97.30,1.2460,1.3548
1994-10-20,,1.6215,0.7366,0.6125,97.20,1.2470,1.3550
1994-10-21,,1.6255,0.7315,0.6120,97.37,1.2483,1.3543
1994-10-24,,1.6275,0.7363,0.6125,97.20,1.2470,1.3525
1994-10-25,,1.6365,0.7363,0.6123,96.95,1.2450,1.3495
1994-10-26,,1.6320,0.7420,0.6130,97.05,1.2505,1.3475
1994-10-27,,1.6368,0.7433,0.6140,96.95,1.2515,1.3490
1994-10-28,,1.6230,0.7427,0.6152,97.40,1.2610,1.3502
1994-10-31,,1.6350,0.7420,0.6150,96.90,1.2550,1.3527
1994-11-01,,1.6320,0.7410,0.6152,96.77,1.2480,1.3545
1994-11-02,,1.6345,0.7423,0.6165,97.00,1.2540,1.3555
1994-11-03,,1.6125,0.7424,0.6147,98.20,1.2740,1.3573
1994-11-04,,1.6105,0.7490,0.6185,97.65,1.2720,1.3576
1994-11-07,,1.6160,0.7545,0.6203,97.24,1.2670,1.3556
1994-11-08,,1.6210,0.7525,0.6215,96.93,1.2590,1.3575
1994-11-09,,1.6050,0.7565,0.6225,97.78,1.2800,1.3535
1994-11-10,,1.5992,0.7550,0.6215,97.92,1.2865,1.3588
1994-11-11,,,,,,,
1994-11-14,,1.5880,0.7515,0.6200,98.07,1.2940,1.3578
1994-11-15,,1.5840,0.7530,0.6200,98.28,1.2995,1.3632
1994-11-16,,1.5715,0.7510,0.6195,98.37,1.3056,1.3650
1994-11-17,,1.5770,0.7535,0.6223,98.10,1.2980,1.3654
1994-11-18,,1.5680,0.7575,0.6240,98.50,1.3190,1.3675
1994-11-21,,1.5660,0.7618,0.6220,98.41,1.3220,1.3669
1994-11-22,,1.5695,0.7630,0.6230,98.19,1.3195,1.3762
1994-11-23,,1.5725,0.7600,0.6225,98.27,1.3140,1.3735
1994-11-24,,,,,,,
1994-11-25,,1.5630,0.7596,0.6207,98.75,1.3225,1.3761
1994-11-28,,1.5630,0.7620,0.6227,98.59,1.3275,1.3785
1994-11-29,,1.5643,0.7634,0.6233,98.95,1.3255,1.3777
1994-11-30,,1.5670,0.7689,0.6278,98.91,1.3250,1.3752
1994-12-01,,1.5652,0.7679,0.6299,99.40,1.3305,1.3754
1994-12-02,,1.5602,0.7693,0.6300,100.39,1.3310,1.3720
1994-12-05,,1.5590,0.7700,0.6300,100.32,1.3270,1.3732
1994-12-06,,1.5610,0.7690,0.6325,100.35,1.3300,1.3732
1994-12-07,,1.5641,0.7697,0.6343,100.13,1.3283,1.3799
1994-12-08,,1.5632,0.7695,0.6328,100.41,1.3370,1.3835
1994-12-09,,1.5602,0.7742,0.6346,100.22,1.3385,1.3848
1994-12-12,,1.5637,0.7740,0.6352,100.04,1.3335,1.3860
1994-12-13,,1.5605,0.7750,0.6370,100.32,1.3305,1.3872
1994-12-14,,1.5612,0.7755,0.6385,100.30,1.3301,1.3875
1994-12-15,,1.5630,0.7778,0.6410,100.26,1.3262,1.3875
1994-12-16,,1.5630,0.7750,0.6390,100.28,1.3312,1.3885
1994-12-19,,1.5622,0.7765,0.6400,100.15,1.3308,1.3941
1994-12-20,,1.5600,0.7753,0.6384,100.32,1.3299,1.3946
1994-12-21,,1.5595,0.7750,0.6382,100.23,1.3260,1.3945
1994-12-22,,1.5462,0.7755,0.6405,100.45,1.3329,1.3985
1994-12-23,,1.5445,0.7770,0.6425,100.22,1.3343,1.3991
1994-12-26,,,,,,,
1994-12-27,,1.5450,0.7765,0.6425,100.46,1.3305,1.4005
1994-12-28,,1.5435,0.7775,0.6428,100.33,1.3286,1.4035
1994-12-29,,1.5602,0.7761,0.6425,99.65,1.3097,1.4078
1994-12-30,,1.5665,0.7753,0.6402,99.60,1.3100,1.4030
1995-01-02,,,,,,,
1995-01-03,,1.5624,0.7703,0.6396,100.52,1.3130,1.4035
1995-01-04,,1.5605,0.7688,0.6381,101.40,1.3130,1.4030
1995-01-05,,1.5635,0.7675,0.6370,100.97,1.3035,1.4005
1995-01-06,,1.5518,0.7660,0.6368,101.37,1.3100,1.4008
1995-01-09,,1.5573,0.7620,0.6365,100.33,1.2945,1.4060
1995-01-10,,1.5585,0.7670,0.6405,100.40,1.2890,1.4123
1995-01-11,,1.5592,0.7703,0.6413,99.90,1.2865,1.4140
1995-01-12,,1.5715,0.7665,0.6410,98.80,1.2805,1.4165
1995-01-13,,1.5670,0.7570,0.6380,98.77,1.2910,1.4112
1995-01-16,,,,,,,
1995-01-17,,1.5680,0.7585,0.6392,99.00,1.2870,1.4215
1995-01-18,,1.5707,0.7603,0.6395,99.55,1.2885,1.4217
1995-01-19,,1.5750,0.7655,0.6417,99.43,1.2815,1.4220
1995-01-20,,1.5877,0.7685,0.6415,99.40,1.2715,1.4238
1995-01-23,,1.5955,0.7673,0.6433,99.75,1.2695,1.4195
1995-01-24,,1.5960,0.7700,0.6453,99.64,1.2710,1.4148
1995-01-25,,1.5932,0.7643,0.6443,99.60,1.2755,1.4149
1995-01-26,,1.5908,0.7655,0.6420,99.31,1.2735,1.4148
1995-01-27,,1.5885,0.7620,0.6401,99.35,1.2745,1.4152
1995-01-30,,1.5935,0.7590,0.6390,98.40,1.2680,1.4193
1995-01-31,,1.5815,0.7575,0.6388,99.43,1.2845,1.4092
1995-02-01,,1.5805,0.7590,0.6390,99.40,1.2890,1.4109
1995-02-02,,1.5830,0.7585,0.6405,99.50,1.2842,1.4065
1995-02-03,,1.5643,0.7525,0.6370,99.75,1.2910,1.4029
1995-02-06,,1.5600,0.7511,0.6315,99.30,1.2948,1.3985
1995-02-07,,1.5570,0.7464,0.6311,99.42,1.3015,1.3955
1995-02-08,,1.5523,0.7441,0.6302,98.98,1.2968,1.3950
1995-02-09,,1.5565,0.7440,0.6327,98.85,1.2930,1.3988
1995-02-10,,1.5627,0.7452,0.6342,98.86,1.2847,1.4020
1995-02-13,,1.5635,0.7442,0.6335,98.66,1.2838,1.4028
1995-02-14,,1.5575,0.7440,0.6328,98.65,1.2782,1.3995
1995-02-15,,1.5605,0.7470,0.6343,98.52,1.2787,1.4047
1995-02-16,,1.5775,0.7455,0.6347,97.55,1.2590,1.4100
1995-02-17,,1.5765,0.7375,0.6395,97.48,1.2590,1.4055
1995-02-20,,,,,,,
1995-02-21,,1.5815,0.7415,0.6355,97.30,1.2480,1.3995
1995-02-22,,1.5860,0.7380,0.6350,97.03,1.2490,1.3987
1995-02-23,,1.5930,0.7365,0.6323,96.80,1.2500,1.3943
1995-02-24,,1.5885,0.7373,0.6321,97.10,1.2483,1.3940
1995-02-27,,1.5835,0.7395,0.6358,96.75,1.2358,1.3965
1995-02-28,,1.5840,0.7380,0.6335,96.60,1.2332,1.3937
1995-03-01,,1.5843,0.7348,0.6333,96.75,1.2405,1.3965
1995-03-02,,1.5910,0.7370,0.6345,95.81,1.2370,1.4040
1995-03-03,,1.6210,0.7381,0.6383,94.40,1.2160,1.4015
1995-03-06,,1.6330,0.7393,0.6432,92.60,1.1695,1.4179
1995-03-07,,1.6440,0.7385,0.6452,90.85,1.1445,1.4215
1995-03-08,,1.6190,0.7391,0.6442,91.27,1.1640,1.4088
1995-03-09,,1.6152,0.7410,0.6460,90.57,1.1612,1.4132
1995-03-10,,1.5802,0.7445,0.6465,91.23,1.1785,1.4091
1995-03-13,,1.5968,0.7462,0.6507,90.50,1.1740,1.4121
1995-03-14,,1.5855,0.7440,0.6504,90.97,1.1770,1.4170
1995-03-15,,1.6030,0.7455,0.6505,89.40,1.1485,1.4158
1995-03-16,,1.5860,0.7460,0.6415,90.30,1.1642,1.4142
1995-03-17,,1.5820,0.7340,0.6463,89.19,1.1505,1.4178
1995-03-20,,1.5805,0.7238,0.6447,89.42,1.1640,1.4085
1995-03-21,,1.5855,0.7264,0.6465,89.38,1.1767,1.4020
1995-03-22,,1.5860,0.7250,0.6470,88.92,1.1675,1.4026
1995-03-23,,1.5923,0.7253,0.6482,88.31,1.1665,1.4065
1995-03-24,,1.5880,0.7285,0.6505,89.10,1.1760,1.4015
1995-03-27,,1.5955,0.7252,0.6481,89.07,1.1595,1.4015
1995-03-28,,1.6100,0.7273,0.6482,89.22,1.1495,1.4033
1995-03-29,,1.6080,0.7239,0.6491,88.31,1.1412,1.4037
1995-03-30,,1.5985,0.7280,0.6497,89.53,1.1710,1.3987
1995-03-31,,1.6190,0.7325,0.6549,86.85,1.1330,1.3993
1995-04-03,,1.6160,0.7327,0.6548,86.25,1.1242,1.3990
1995-04-04,,1.6015,0.7327,0.6550,86.36,1.1370,1.3943
1995-04-05,,1.6065,0.7393,0.6570,86.25,1.1322,1.3923
1995-04-06,,1.6058,0.7402,0.6580,85.47,1.1280,1.3998
1995-04-07,,1.6015,0.7410,0.6630,84.32,1.1350,1.3918
1995-04-10,,1.5940,0.7410,0.6645,83.10,1.1605,1.3841
1995-04-11,,1.5945,0.7405,0.6628,83.80,1.1525,1.3796
1995-04-12,,1.5900,0.7427,0.6670,84.00,1.1562,1.3777
1995-04-13,,1.6068,0.7397,0.6728,83.59,1.1495,1.3737
1995-04-14,,1.6020,0.7400,0.6720,83.35,1.1522,1.3690
1995-04-17,,1.6195,0.7418,0.6751,82.10,1.1292,1.3663
1995-04-18,,1.6140,0.7411,0.6718,81.40,1.1260,1.3697
1995-04-19,,1.6160,0.7351,0.6695,81.12,1.1172,1.3711
1995-04-20,,1.6127,0.7345,0.6716,82.95,1.1430,1.3708
1995-04-21,,1.6100,0.7325,0.6720,82.92,1.1360,1.3683
1995-04-24,,1.6055,0.7298,0.6721,83.26,1.1375,1.3655
1995-04-25,,1.6135,0.7270,0.6737,81.95,1.1320,1.3650
1995-04-26,,1.6105,0.7262,0.6663,83.98,1.1395,1.3630
1995-04-27,,1.6162,0.7278,0.6737,83.58,1.1350,1.3633
1995-04-28,,1.6091,0.7272,0.6718,84.04,1.1455,1.3597
1995-05-01,,1.6180,0.7285,0.6744,83.53,1.1460,1.3555
1995-05-02,,1.6125,0.7292,0.6750,83.69,1.1350,1.3576
1995-05-03,,1.6172,0.7330,0.6762,83.45,1.1330,1.3645
1995-05-04,,1.6185,0.7405,0.6785,83.62,1.1290,1.3645
1995-05-05,,1.5990,0.7417,0.6753,84.03,1.1320,1.3540
1995-05-08,,1.6080,0.7385,0.6755,83.00,1.1245,1.3581
1995-05-09,,1.5885,0.7292,0.6752,82.95,1.1320,1.3578
1995-05-10,,1.5815,0.7286,0.6713,83.87,1.1540,1.3568
1995-05-11,,1.5576,0.7328,0.6695,85.80,1.1900,1.3520
1995-05-12,,1.5710,0.7407,0.6620,87.00,1.2050,1.3535
1995-05-15,,1.5652,0.7333,0.6616,86.86,1.2085,1.3592
1995-05-16,,1.5690,0.7273,0.6628,86.20,1.1985,1.3562
1995-05-17,,1.5685,0.7305,0.6666,86.73,1.2005,1.3572
1995-05-18,,1.5625,0.7175,0.6610,87.43,1.2180,1.3570
1995-05-19,,1.5735,0.7150,0.6560,86.77,1.2010,1.3570
1995-05-22,,1.5750,0.7181,0.6576,87.47,1.1990,1.3650
1995-05-23,,1.5660,0.7187,0.6604,87.38,1.2045,1.3650
1995-05-24,,1.5755,0.7170,0.6588,87.15,1.2000,1.3653
1995-05-25,,1.6037,0.7192,0.6640,85.05,1.1650,1.3695
1995-05-26,,1.6040,0.7190,0.6690,82.85,1.1380,1.3730
1995-05-29,,,,,,,
1995-05-30,,1.6010,0.7203,0.6673,83.00,1.1440,1.3707
1995-05-31,,1.5865,0.7190,0.6647,84.65,1.1675,1.3698
1995-06-01,,1.5945,0.7154,0.6613,84.95,1.1710,1.3730
1995-06-02,,1.5860,0.7165,0.6678,84.90,1.1690,1.3757
1995-06-05,,1.5955,0.7143,0.6680,84.63,1.1555,1.3772
1995-06-06,,1.5900,0.7165,0.6703,85.10,1.1700,1.3810
1995-06-07,,1.5942,0.7205,0.6720,84.24,1.1580,1.3805
1995-06-08,,1.5920,0.7227,0.6703,84.90,1.1685,1.3738
1995-06-09,,1.5945,0.7200,0.6680,84.40,1.1585,1.3769
1995-06-12,,1.5950,0.7175,0.6675,83.92,1.1545,1.3798
1995-06-13,,1.5955,0.7193,0.6693,84.33,1.1603,1.3843
1995-06-14,,1.6085,0.7215,0.6712,84.40,1.1560,1.3815
1995-06-15,,1.5955,0.7275,0.6687,84.82,1.1705,1.3770
1995-06-16,,1.6070,0.7281,0.6691,84.66,1.1622,1.3825
1995-06-19,,1.5995,0.7267,0.6712,84.95,1.1645,1.3813
1995-06-20,,1.6030,0.7243,0.6722,84.65,1.1570,1.3798
1995-06-21,,1.6049,0.7255,0.6725,84.38,1.1520,1.3760
1995-06-22,,1.5998,0.7207,0.6705,84.65,1.1580,1.3763
1995-06-23,,1.6045,0.7208,0.6700,84.50,1.1475,1.3743
1995-06-26,,1.5855,0.7185,0.6720,84.34,1.1515,1.3725
1995-06-27,,1.5845,0.7142,0.6713,84.08,1.1450,1.3760
1995-06-28,,1.5740,0.7142,0.6682,85.70,1.1625,1.3755
1995-06-29,,1.5915,0.7155,0.6685,84.70,1.1500,1.3765
1995-06-30,,1.5905,0.7108,0.6685,84.78,1.1515,1.3738
1995-07-03,,1.5972,0.7100,0.6705,84.80,1.1460,1.3723
1995-07-04,,,,,,,
1995-07-05,,1.5950,0.7100,0.6714,84.94,1.1468,1.3703
1995-07-06,,1.5985,0.7115,0.6757,85.18,1.1488,1.3693
1995-07-07,,1.5945,0.7157,0.6774,86.77,1.1580,1.3640
1995-07-10,,1.5905,0.7146,0.6727,87.09,1.1613,1.3518
1995-07-11,,1.5880,0.7200,0.6735,87.45,1.1660,1.3541
1995-07-12,,1.5915,0.7215,0.6728,87.51,1.1660,1.3555
1995-07-13,,1.6005,0.7327,0.6756,87.40,1.1605,1.3592
1995-07-14,,1.5945,0.7303,0.6763,87.89,1.1635,1.3593
1995-07-17,,1.5945,0.7323,0.6745,88.65,1.1663,1.3561
1995-07-18,,1.5962,0.7324,0.6753,88.35,1.1585,1.3605
1995-07-19,,1.5955,0.7320,0.6755,87.75,1.1575,1.3602
1995-07-20,,1.5970,0.7348,0.6763,87.76,1.1503,1.3635
1995-07-21,,1.5940,0.7350,0.6746,88.55,1.1565,1.3598
1995-07-24,,1.5976,0.7375,0.6760,87.55,1.1503,1.3590
1995-07-25,,1.5879,0.7385,0.6762,87.88,1.1600,1.3558
1995-07-26,,1.5956,0.7381,0.6745,87.95,1.1525,1.3580
1995-07-27,,1.5964,0.7365,0.6697,87.95,1.1468,1.3608
1995-07-28,,1.6003,0.7363,0.6710,88.18,1.1460,1.3644
1995-07-31,,1.5980,0.7387,0.6738,88.34,1.1505,1.3695
1995-08-01,,1.5992,0.7403,0.6732,88.43,1.1460,1.3667
1995-08-02,,1.5995,0.7405,0.6706,90.82,1.1588,1.3570
1995-08-03,,1.6068,0.7402,0.6705,90.45,1.1493,1.3589
1995-08-04,,1.6073,0.7425,0.6695,91.25,1.1495,1.3562
1995-08-07,,1.6018,0.7414,0.6687,91.30,1.1655,1.3574
1995-08-08,,1.6010,0.7436,0.6655,91.77,1.1690,1.3565
1995-08-09,,1.6002,0.7420,0.6620,91.57,1.1640,1.3605
1995-08-10,,1.5888,0.7398,0.6573,92.83,1.1780,1.3580
1995-08-11,,1.5776,0.7420,0.6613,93.77,1.1910,1.3590
1995-08-14,,1.5740,0.7415,0.6638,93.61,1.1940,1.3632
1995-08-15,,1.5553,0.7363,0.6555,96.68,1.2240,1.3607
1995-08-16,,1.5515,0.7320,0.6503,97.80,1.2273,1.3590
1995-08-17,,1.5345,0.7315,0.6460,97.85,1.2265,1.3590
1995-08-18,,1.5430,0.7355,0.6480,96.95,1.2210,1.3593
1995-08-21,,1.5405,0.7368,0.6505,96.55,1.2210,1.3592
1995-08-22,,1.5355,0.7400,0.6486,96.73,1.2310,1.3578
1995-08-23,,1.5415,0.7405,0.6475,96.50,1.2255,1.3585
1995-08-24,,1.5432,0.7408,0.6435,96.55,1.2210,1.3565
1995-08-25,,1.5418,0.7435,0.6505,96.64,1.2184,1.3461
1995-08-28,,1.5525,0.7434,0.6526,96.60,1.2040,1.3405
1995-08-29,,1.5453,0.7510,0.6525,97.63,1.2110,1.3395
1995-08-30,,1.5440,0.7546,0.6500,98.95,1.2110,1.3373
1995-08-31,,1.5515,0.7517,0.6502,97.75,1.2060,1.3432
1995-09-01,,1.5533,0.7494,0.6531,97.49,1.2010,1.3435
1995-09-04,,,,,,,
1995-09-05,,1.5565,0.7510,0.6525,97.77,1.2015,1.3430
1995-09-06,,1.5501,0.7505,0.6507,98.79,1.2140,1.3393
1995-09-07,,1.5500,0.7510,0.6515,98.58,1.2140,1.3390
1995-09-08,,1.5482,0.7515,0.6505,99.75,1.2170,1.3446
1995-09-11,,1.5483,0.7525,0.6510,99.78,1.2065,1.3433
1995-09-12,,1.5545,0.7600,0.6535,100.87,1.2018,1.3455
1995-09-13,,1.5480,0.7628,0.6558,102.50,1.2205,1.3545
1995-09-14,,1.5505,0.7620,0.6578,102.55,1.2105,1.3693
1995-09-15,,1.5520,0.7594,0.6576,103.52,1.2095,1.3660
1995-09-18,,1.5460,0.7550,0.6560,103.55,1.2105,1.3635
1995-09-19,,1.5460,0.7601,0.6578,104.20,1.2025,1.3588
1995-09-20,,1.5525,0.7565,0.6605,103.25,1.1785,1.3610
1995-09-21,,1.5695,0.7538,0.6634,100.10,1.1453,1.3575
1995-09-22,,1.5795,0.7455,0.6630,98.50,1.1355,1.3525
1995-09-25,,1.5715,0.7493,0.6603,99.88,1.1495,1.3464
1995-09-26,,1.5708,0.7474,0.6574,100.83,1.1620,1.3460
1995-09-27,,1.5722,0.7485,0.6559,100.17,1.1520,1.3495
1995-09-28,,1.5805,0.7525,0.6550,99.73,1.1470,1.3510
1995-09-29,,1.5795,0.7555,0.6580,99.10,1.1560,1.3445
1995-10-02,,1.5909,0.7620,0.6579,100.72,1.1507,1.3394
1995-10-03,,1.5808,0.7658,0.6560,101.65,1.1610,1.3285
1995-10-04,,1.5837,0.7631,0.6583,100.73,1.1517,1.3312
1995-10-05,,1.5840,0.7598,0.6600,100.25,1.1467,1.3355
1995-10-06,,1.5812,0.7612,0.6618,100.85,1.1480,1.3318
1995-10-09,,,,,,,
1995-10-10,,1.5778,0.7582,0.6591,100.64,1.1480,1.3358
1995-10-11,,1.5730,0.7628,0.6605,100.90,1.1555,1.3375
1995-10-12,,1.5735,0.7603,0.6614,100.28,1.1532,1.3388
1995-10-13,,1.5725,0.7590,0.6608,100.80,1.1585,1.3374
1995-10-16,,1.5750,0.7560,0.6605,100.45,1.1495,1.3375
1995-10-17,,1.5740,0.7570,0.6580,100.33,1.1485,1.3387
1995-10-18,,1.5695,0.7545,0.6575,100.62,1.1543,1.3391
1995-10-19,,1.5725,0.7520,0.6580,100.59,1.1505,1.3370
1995-10-20,,1.5759,0.7497,0.6603,100.25,1.1415,1.3500
1995-10-23,,1.5800,0.7480,0.6610,99.70,1.1260,1.3685
1995-10-24,,1.5810,0.7471,0.6590,100.17,1.1307,1.3705
1995-10-25,,1.5795,0.7485,0.6555,101.27,1.1350,1.3665
1995-10-26,,1.5740,0.7553,0.6566,101.80,1.1390,1.3660
1995-10-27,,1.5795,0.7540,0.6565,101.71,1.1325,1.3704
1995-10-30,,1.5775,0.7610,0.6600,101.65,1.1340,1.3620
1995-10-31,,1.5807,0.7615,0.6600,102.26,1.1360,1.3401
1995-11-01,,1.5778,0.7603,0.6550,103.07,1.1395,1.3478
1995-11-02,,1.5813,0.7585,0.6560,103.59,1.1415,1.3428
1995-11-03,,1.5805,0.7580,0.6545,103.88,1.1375,1.3477
1995-11-06,,1.5793,0.7530,0.6550,103.20,1.1392,1.3515
1995-11-07,,1.5778,0.7528,0.6540,103.18,1.1395,1.3590
1995-11-08,,1.5805,0.7503,0.6530,102.50,1.1435,1.3575
1995-11-09,,1.5794,0.7358,0.6515,100.75,1.1387,1.3560
1995-11-10,,1.5753,0.7378,0.6530,100.95,1.1355,1.3523
1995-11-13,,1.5555,0.7380,0.6508,101.70,1.1430,1.3510
1995-11-14,,1.5605,0.7402,0.6502,101.68,1.1400,1.3537
1995-11-15,,1.5580,0.7350,0.6469,100.90,1.1347,1.3557
1995-11-16,,1.5558,0.7405,0.6472,102.15,1.1420,1.3560
1995-11-17,,1.5505,0.7405,0.6475,102.03,1.1353,1.3521
1995-11-20,,1.5495,0.7434,0.6511,101.35,1.1390,1.3515
1995-11-21,,1.5583,0.7456,0.6532,101.63,1.1389,1.3530
1995-11-22,,1.5650,0.7411,0.6525,100.50,1.1345,1.3530
1995-11-23,,,,,,,
1995-11-24,,1.5600,0.7400,0.6513,101.50,1.1435,1.3542
1995-11-27,,1.5505,0.7405,0.6509,101.80,1.1590,1.3523
1995-11-28,,1.5480,0.7500,0.6555,101.12,1.1545,1.3565
1995-11-29,,1.5383,0.7485,0.6553,101.46,1.1629,1.3585
1995-11-30,,1.5302,0.7424,0.6527,101.80,1.1755,1.3587
1995-12-01,,1.5360,0.7372,0.6485,101.20,1.1740,1.3660
1995-12-04,,1.5360,0.7396,0.6480,101.05,1.1686,1.3662
1995-12-05,,1.5410,0.7384,0.6465,101.42,1.1680,1.3672
1995-12-06,,1.5422,0.7395,0.6468,101.37,1.1690,1.3658
1995-12-07,,1.5353,0.7390,0.6470,101.40,1.1685,1.3685
1995-12-08,,1.5329,0.7377,0.6460,100.95,1.1687,1.3756
1995-12-11,,1.5348,0.7360,0.6463,101.07,1.1693,1.3802
1995-12-12,,1.5313,0.7405,0.6451,101.85,1.1751,1.3774
1995-12-13,,1.5325,0.7444,0.6465,101.75,1.1780,1.3764
1995-12-14,,1.5410,0.7379,0.6530,101.50,1.1637,1.3745
1995-12-15,,1.5395,0.7410,0.6518,102.14,1.1650,1.3745
1995-12-18,,1.5390,0.7405,0.6525,101.70,1.1485,1.3761
1995-12-19,,1.5420,0.7408,0.6525,101.85,1.1535,1.3770
1995-12-20,,1.5373,0.7410,0.6523,102.00,1.1567,1.3675
1995-12-21,,1.5388,0.7415,0.6523,101.81,1.1575,1.3620
1995-12-22,,1.5425,0.7395,0.6508,102.60,1.1592,1.3637
1995-12-25,,,,,,,
1995-12-26,,1.5555,0.7400,0.6515,102.38,1.1560,1.3613
1995-12-27,,1.5600,0.7478,0.6544,102.80,1.1530,1.3601
1995-12-28,,1.5390,0.7450,0.6536,102.87,1.1565,1.3605
1995-12-29,,1.5535,0.7432,0.6537,103.28,1.1540,1.3655
1996-01-01,,,,,,,
1996-01-02,,1.5565,0.7433,0.6535,103.92,1.1573,1.3577
1996-01-03,,1.5517,0.7485,0.6544,104.35,1.1605,1.3530
1996-01-04,,1.5463,0.7453,0.6544,106.41,1.1737,1.3541
1996-01-05,,1.5520,0.7475,0.6575,105.13,1.1605,1.3573
1996-01-08,,1.5495,0.7473,0.6594,105.80,1.1631,1.3609
1996-01-09,,1.5475,0.7447,0.6585,104.90,1.1658,1.3616
1996-01-10,,1.5456,0.7469,0.6580,105.28,1.1635,1.3649
1996-01-11,,1.5445,0.7465,0.6585,104.80,1.1617,1.3645
1996-01-12,,1.5487,0.7445,0.6622,105.07,1.1605,1.3625
1996-01-15,,,,,,,
1996-01-16,,1.5380,0.7431,0.6630,105.88,1.1755,1.3667
1996-01-17,,1.5255,0.7400,0.6622,105.38,1.1847,1.3690
1996-01-18,,1.5228,0.7389,0.6622,105.44,1.1866,1.3640
1996-01-19,,1.5093,0.7355,0.6652,105.40,1.1942,1.3652
1996-01-22,,1.5135,0.7318,0.6645,105.76,1.1886,1.3690
1996-01-23,,1.5135,0.7350,0.6620,105.80,1.1920,1.3710
1996-01-24,,1.5092,0.7359,0.6654,106.92,1.1936,1.3705
1996-01-25,,1.5075,0.7370,0.6668,106.90,1.1953,1.3768
1996-01-26,,1.5030,0.7382,0.6668,106.60,1.2079,1.3822
1996-01-29,,1.5063,0.7400,0.6672,106.80,1.2080,1.3815
1996-01-30,,1.5037,0.7417,0.6670,107.29,1.2133,1.3775
1996-01-31,,1.5096,0.7443,0.6722,106.95,1.2123,1.3743
1996-02-01,,1.5132,0.7474,0.6750,107.08,1.2195,1.3738
1996-02-02,,1.5190,0.7557,0.6764,106.70,1.2180,1.3749
1996-02-05,,1.5352,0.7549,0.6763,105.02,1.1970,1.3780
1996-02-06,,1.5402,0.7547,0.6763,105.54,1.2022,1.3735
1996-02-07,,1.5365,0.7535,0.6727,106.20,1.2088,1.3667
1996-02-08,,1.5374,0.7575,0.6740,106.90,1.2055,1.3697
1996-02-09,,1.5318,0.7545,0.6745,107.10,1.2085,1.3725
1996-02-12,,1.5308,0.7543,0.6733,106.67,1.2015,1.3728
1996-02-13,,1.5340,0.7532,0.6730,106.93,1.2070,1.3722
1996-02-14,,1.5371,0.7559,0.6747,106.77,1.1981,1.3789
1996-02-15,,1.5385,0.7555,0.6760,106.18,1.1995,1.3792
1996-02-16,,1.5487,0.7550,0.6783,105.35,1.1879,1.3820
1996-02-19,,,,,,,
1996-02-20,,1.5445,0.7553,0.6782,106.10,1.1845,1.3815
1996-02-21,,1.5425,0.7510,0.6762,105.25,1.1867,1.3788
1996-02-22,,1.5435,0.7545,0.6745,104.95,1.1815,1.3757
1996-02-23,,1.5410,0.7560,0.6765,104.73,1.1728,1.3772
1996-02-26,,1.5400,0.7564,0.6763,104.33,1.1785,1.3752
1996-02-27,,1.5398,0.7581,0.6739,104.37,1.1820,1.3745
1996-02-28,,1.5335,0.7637,0.6697,104.47,1.1953,1.3745
1996-02-29,,1.5320,0.7643,0.6731,105.12,1.1990,1.3728
1996-03-01,,1.5273,0.7618,0.6736,105.70,1.2053,1.3710
1996-03-04,,1.5284,0.7602,0.6729,105.05,1.2022,1.3716
1996-03-05,,1.5290,0.7600,0.6750,105.10,1.1998,1.3721
1996-03-06,,1.5290,0.7622,0.6750,105.37,1.2009,1.3717
1996-03-07,,1.5300,0.7625,0.6726,105.25,1.2018,1.3708
1996-03-08,,1.5240,0.7678,0.6755,105.94,1.2062,1.3668
1996-03-11,,1.5238,0.7680,0.6792,105.35,1.2016,1.3670
1996-03-12,,1.5213,0.7700,0.6835,105.54,1.1970,1.3679
1996-03-13,,1.5225,0.7737,0.6835,105.29,1.1915,1.3680
1996-03-14,,1.5231,0.7740,0.6890,105.48,1.1900,1.3678
1996-03-15,,1.5250,0.7734,0.6830,105.87,1.1892,1.3640
1996-03-18,,1.5300,0.7734,0.6810,106.02,1.1913,1.3596
1996-03-19,,1.5327,0.7742,0.6821,106.26,1.1914,1.3591
1996-03-20,,1.5376,0.7750,0.6857,106.44,1.1910,1.3599
1996-03-21,,1.5360,0.7780,0.6869,106.72,1.1953,1.3613
1996-03-22,,1.5334,0.7769,0.6869,106.80,1.1945,1.3622
1996-03-25,,1.5230,0.7735,0.6868,106.19,1.1928,1.3627
1996-03-26,,1.5240,0.7725,0.6825,106.39,1.1923,1.3636
1996-03-27,,1.5181,0.7779,0.6828,106.64,1.1993,1.3635
1996-03-28,,1.5239,0.7821,0.6783,106.34,1.1905,1.3635
1996-03-29,,1.5262,0.7815,0.6807,107.00,1.1897,1.3635
1996-04-01,,1.5244,0.7840,0.6850,107.53,1.1948,1.3548
1996-04-02,,1.5248,0.7822,0.6842,107.48,1.1930,1.3559
1996-04-03,,1.5260,0.7810,0.6813,106.94,1.1946,1.3570
1996-04-04,,1.5295,0.7810,0.6813,107.09,1.1937,1.3579
1996-04-05,,1.5287,0.7838,0.6825,107.67,1.1970,1.3569
1996-04-08,,1.5310,0.7830,0.6833,107.42,1.1920,1.3582
1996-04-09,,1.5243,0.7861,0.6820,108.18,1.2058,1.3588
1996-04-10,,1.5115,0.7883,0.6810,108.56,1.2178,1.3573
1996-04-11,,1.5125,0.7897,0.6763,108.52,1.2115,1.3566
1996-04-12,,1.5123,0.7900,0.6770,108.67,1.2262,1.3565
1996-04-15,,1.5085,0.7902,0.6783,108.36,1.2306,1.3563
1996-04-16,,1.5071,0.7875,0.6785,108.28,1.2315,1.3575
1996-04-17,,1.5070,0.7852,0.6819,108.27,1.2260,1.3565
1996-04-18,,1.5100,0.7815,0.6842,107.10,1.2225,1.3615
1996-04-19,,1.5168,0.7815,0.6855,107.10,1.2225,1.3619
1996-04-22,,1.5112,0.7865,0.6865,106.70,1.2275,1.3624
1996-04-23,,1.5161,0.7894,0.6828,106.59,1.2295,1.3623
1996-04-24,,1.5138,0.7845,0.6818,106.77,1.2326,1.3620
1996-04-25,,1.5127,0.7885,0.6825,106.47,1.2359,1.3645
1996-04-26,,1.5103,0.7883,0.6840,105.54,1.2360,1.3630
1996-04-29,,1.5094,0.7870,0.6865,104.52,1.2332,1.3628
1996-04-30,,1.5050,0.7854,0.6869,104.63,1.2415,1.3615
1996-05-01,,1.4948,0.7896,0.6849,105.08,1.2497,1.3626
1996-05-02,,1.5030,0.7951,0.6890,104.49,1.2445,1.3625
1996-05-03,,1.5042,0.7955,0.6855,104.83,1.2420,1.3631
1996-05-06,,1.5072,0.7958,0.6866,104.93,1.2455,1.3658
1996-05-07,,1.5125,0.7984,0.6886,104.97,1.2402,1.3665
1996-05-08,,1.5215,0.8005,0.6880,105.15,1.2334,1.3682
1996-05-09,,1.5220,0.7983,0.6875,104.80,1.2355,1.3680
1996-05-10,,1.5223,0.8026,0.6905,105.50,1.2476,1.3666
1996-05-13,,1.5145,0.8012,0.6875,104.96,1.2492,1.3686
1996-05-14,,1.5149,0.8017,0.6887,105.80,1.2511,1.3692
1996-05-15,,1.5130,0.8007,0.6872,106.85,1.2533,1.3685
1996-05-16,,1.5133,0.8015,0.6872,106.67,1.2580,1.3680
1996-05-17,,1.5150,0.8000,0.6860,106.53,1.2546,1.3700
1996-05-20,,1.5130,0.7945,0.6823,107.14,1.2625,1.3737
1996-05-21,,1.5115,0.7928,0.6825,107.00,1.2673,1.3725
1996-05-22,,1.5103,0.7943,0.6832,107.04,1.2660,1.3726
1996-05-23,,1.5134,0.7935,0.6842,106.78,1.2637,1.3753
1996-05-24,,1.5110,0.7914,0.6833,107.90,1.2670,1.3746
1996-05-27,,,,,,,
1996-05-28,,1.5127,0.7945,0.6854,108.70,1.2740,1.3765
1996-05-29,,1.5211,0.7983,0.6848,108.77,1.2710,1.3718
1996-05-30,,1.5345,0.7957,0.6831,107.65,1.2586,1.3685
1996-05-31,,1.5495,0.7980,0.6795,107.99,1.2510,1.3704
1996-06-03,,1.5515,0.8010,0.6805,108.37,1.2515,1.3692
1996-06-04,,1.5485,0.7990,0.6780,109.20,1.2582,1.3691
1996-06-05,,1.5474,0.7930,0.6767,108.84,1.2574,1.3660
1996-06-06,,1.5405,0.7855,0.6678,109.26,1.2610,1.3646
1996-06-07,,1.5410,0.7914,0.6693,109.23,1.2668,1.3669
1996-06-10,,1.5322,0.7935,0.6728,109.07,1.2663,1.3640
1996-06-11,,1.5355,0.7919,0.6731,109.50,1.2679,1.3656
1996-06-12,,1.5345,0.7905,0.6727,109.47,1.2644,1.3668
1996-06-13,,1.5320,0.7920,0.6724,108.85,1.2590,1.3690
1996-06-14,,1.5358,0.7921,0.6742,108.87,1.2530,1.3665
1996-06-17,,1.5450,0.7920,0.6748,108.85,1.2485,1.3664
1996-06-18,,1.5435,0.7892,0.6749,108.04,1.2491,1.3690
1996-06-19,,1.5433,0.7876,0.6773,108.05,1.2535,1.3682
1996-06-20,,1.5418,0.7885,0.6786,108.10,1.2541,1.3676
1996-06-21,,1.5383,0.7905,0.6787,109.10,1.2637,1.3655
1996-06-24,,1.5400,0.7903,0.6770,108.94,1.2618,1.3618
1996-06-25,,1.5405,0.7906,0.6798,109.03,1.2615,1.3600
1996-06-26,,1.5414,0.7911,0.6823,109.50,1.2590,1.3613
1996-06-27,,1.5462,0.7890,0.6830,109.45,1.2515,1.3628
1996-06-28,,1.5529,0.7856,0.6860,109.48,1.2505,1.3657
1996-07-01,,1.5545,0.7872,0.6846,109.56,1.2495,1.3635
1996-07-02,,1.5583,0.7827,0.6843,110.10,1.2513,1.3637
1996-07-03,,1.5587,0.7813,0.6823,110.31,1.2530,1.3610
1996-07-04,,,,,,,
1996-07-05,,1.5522,0.7960,0.6880,110.95,1.2660,1.3683
1996-07-08,,1.5530,0.7934,0.6888,110.94,1.2635,1.3711
1996-07-09,,1.5495,0.7922,0.6875,110.28,1.2612,1.3695
1996-07-10,,1.5504,0.7975,0.6880,110.18,1.2645,1.3690
1996-07-11,,1.5555,0.7982,0.6885,110.18,1.2570,1.3704
1996-07-12,,1.5525,0.7973,0.6875,110.69,1.2580,1.3695
1996-07-15,,1.5500,0.7948,0.6854,110.45,1.2559,1.3695
1996-07-16,,1.5585,0.7912,0.6884,109.15,1.2207,1.3717
1996-07-17,,1.5432,0.7875,0.6885,108.62,1.2115,1.3726
1996-07-18,,1.5479,0.7920,0.6889,107.93,1.2145,1.3678
1996-07-19,,1.5466,0.7906,0.6930,108.22,1.2165,1.3674
1996-07-22,,1.5512,0.7917,0.6952,107.50,1.2075,1.3676
1996-07-23,,1.5515,0.7911,0.6930,108.09,1.2130,1.3715
1996-07-24,,1.5525,0.7912,0.6960,108.29,1.2138,1.3720
1996-07-25,,1.5572,0.7880,0.6970,108.38,1.2080,1.3726
1996-07-26,,1.5545,0.7873,0.6970,108.33,1.2110,1.3746
1996-07-29,,1.5570,0.7871,0.6949,109.20,1.2073,1.3724
1996-07-30,,1.5558,0.7825,0.6942,108.08,1.2035,1.3737
1996-07-31,,1.5556,0.7735,0.6892,106.77,1.1978,1.3747
1996-08-01,,1.5572,0.7721,0.6832,106.75,1.2008,1.3715
1996-08-02,,1.5418,0.7730,0.6833,107.05,1.2040,1.3755
1996-08-05,,1.5442,0.7729,0.6836,106.64,1.2030,1.3757
1996-08-06,,1.5375,0.7758,0.6875,106.92,1.2049,1.3745
1996-08-07,,1.5418,0.7772,0.6872,107.95,1.2095,1.3722
1996-08-08,,1.5497,0.7782,0.6873,108.14,1.2103,1.3723
1996-08-09,,1.5490,0.7785,0.6882,108.12,1.2050,1.3723
1996-08-12,,1.5505,0.7776,0.6857,107.72,1.2010,1.3715
1996-08-13,,1.5499,0.7792,0.6842,107.59,1.1993,1.3748
1996-08-14,,1.5483,0.7790,0.6855,107.94,1.2080,1.3745
1996-08-15,,1.5504,0.7827,0.6871,108.01,1.2057,1.3775
1996-08-16,,1.5468,0.7837,0.6890,107.96,1.2112,1.3741
1996-08-19,,1.5444,0.7900,0.6890,107.87,1.2066,1.3735
1996-08-20,,1.5473,0.7862,0.6899,108.30,1.2077,1.3735
1996-08-21,,1.5497,0.7898,0.6920,108.34,1.2004,1.3740
1996-08-22,,1.5508,0.7910,0.6913,108.23,1.2071,1.3718
1996-08-23,,1.5530,0.7903,0.6940,108.40,1.2000,1.3700
1996-08-26,,1.5553,0.7905,0.6943,107.70,1.1935,1.3709
1996-08-27,,1.5530,0.7868,0.6920,107.78,1.1937,1.3676
1996-08-28,,1.5593,0.7905,0.6920,108.44,1.1928,1.3665
1996-08-29,,1.5563,0.7910,0.6928,108.50,1.1985,1.3666
1996-08-30,,1.5612,0.7910,0.6900,108.70,1.2009,1.3685
1996-09-02,,,,,,,
1996-09-03,,1.5671,0.7920,0.6918,109.28,1.2080,1.3698
1996-09-04,,1.5670,0.7921,0.6922,108.85,1.2060,1.3699
1996-09-05,,1.5667,0.7942,0.6939,109.09,1.2072,1.3703
1996-09-06,,1.5607,0.7975,0.6941,109.37,1.2165,1.3737
1996-09-09,,1.5582,0.8012,0.6953,109.19,1.2185,1.3730
1996-09-10,,1.5569,0.7991,0.6944,109.84,1.2331,1.3710
1996-09-11,,1.5550,0.8004,0.6970,110.25,1.2326,1.3718
1996-09-12,,1.5538,0.7960,0.6947,110.30,1.2395,1.3710
1996-09-13,,1.5544,0.7927,0.6955,110.44,1.2413,1.3703
1996-09-16,,1.5566,0.7870,0.6945,110.15,1.2394,1.3705
1996-09-17,,1.5545,0.7900,0.6988,110.39,1.2450,1.3711
1996-09-18,,1.5602,0.7886,0.7021,109.21,1.2423,1.3716
1996-09-19,,1.5515,0.7895,0.6995,109.38,1.2440,1.3713
1996-09-20,,1.5555,0.7903,0.6916,109.87,1.2395,1.3680
1996-09-23,,1.5568,0.7918,0.6981,109.86,1.2341,1.3665
1996-09-24,,1.5580,0.7875,0.6978,109.82,1.2378,1.3679
1996-09-25,,1.5633,0.7906,0.6986,110.38,1.2359,1.3670
1996-09-26,,1.5613,0.7930,0.6995,110.45,1.2535,1.3678
1996-09-27,,1.5630,0.7911,0.6996,110.85,1.2565,1.3632
1996-09-30,,1.5653,0.7912,0.6990,111.65,1.2555,1.3620
1996-10-01,,1.5640,0.7915,0.6995,111.37,1.2545,1.3624
1996-10-02,,1.5685,0.7950,0.6992,111.66,1.2545,1.3620
1996-10-03,,1.5661,0.7900,0.6987,111.48,1.2538,1.3609
1996-10-04,,1.5623,0.7895,0.6994,111.63,1.2566,1.3553
1996-10-07,,1.5635,0.7867,0.6922,111.27,1.2562,1.3538
1996-10-08,,1.5631,0.7890,0.6915,111.31,1.2508,1.3549
1996-10-09,,1.5642,0.7894,0.6894,111.47,1.2537,1.3548
1996-10-10,,1.5651,0.7900,0.6922,111.28,1.2520,1.3516
1996-10-11,,1.5755,0.7905,0.6932,111.66,1.2547,1.3526
1996-10-14,,,,,,,
1996-10-15,,1.5823,0.7907,0.6965,112.28,1.2680,1.3539
1996-10-16,,1.5835,0.7914,0.6965,112.14,1.2658,1.3555
1996-10-17,,1.5863,0.7920,0.7002,112.22,1.2695,1.3522
1996-10-18,,1.5903,0.7962,0.7065,112.54,1.2717,1.3493
1996-10-21,,1.5916,0.7967,0.7131,112.76,1.2640,1.3475
1996-10-22,,1.5953,0.7957,0.7098,112.86,1.2648,1.3448
1996-10-23,,1.5968,0.7945,0.7102,112.97,1.2546,1.3439
1996-10-24,,1.5918,0.7927,0.7008,112.85,1.2565,1.3457
1996-10-25,,1.6062,0.7918,0.7030,113.33,1.2600,1.3445
1996-10-28,,1.6122,0.7904,0.7054,114.12,1.2585,1.3448
1996-10-29,,1.6099,0.7909,0.7055,114.11,1.2545,1.3454
1996-10-30,,1.6326,0.7918,0.7058,113.97,1.2530,1.3417
1996-10-31,,1.6278,0.7930,0.7070,113.79,1.2623,1.3409
1996-11-01,,1.6358,0.7892,0.7083,113.28,1.2700,1.3348
1996-11-04,,1.6435,0.7868,0.7085,113.97,1.2718,1.3359
1996-11-05,,1.6450,0.7870,0.7105,114.22,1.2778,1.3330
1996-11-06,,1.6400,0.7921,0.7113,113.98,1.2784,1.3310
1996-11-07,,1.6475,0.7830,0.7062,111.54,1.2670,1.3322
1996-11-08,,1.6470,0.7885,0.7091,111.63,1.2660,1.3320
1996-11-11,,,,,,,
1996-11-12,,1.6470,0.7894,0.7068,111.50,1.2635,1.3352
1996-11-13,,1.6550,0.7876,0.7100,111.41,1.2684,1.3337
1996-11-14,,1.6653,0.7905,0.7120,111.29,1.2745,1.3343
1996-11-15,,1.6646,0.7900,0.7058,111.30,1.2792,1.3368
1996-11-18,,1.6700,0.7916,0.7088,111.31,1.2673,1.3419
1996-11-19,,1.6760,0.7940,0.7113,111.55,1.2705,1.3426
1996-11-20,,1.6780,0.7995,0.7098,111.25,1.2653,1.3420
1996-11-21,,1.6887,0.8110,0.7120,111.42,1.2667,1.3393
1996-11-22,,1.6800,0.8120,0.7148,111.41,1.2695,1.3393
1996-11-25,,1.6695,0.8116,0.7123,112.69,1.2865,1.3413
1996-11-26,,1.6730,0.8113,0.7088,112.66,1.2905,1.3423
1996-11-27,,1.6760,0.8111,0.7082,113.33,1.2924,1.3466
1996-11-28,,,,,,,
1996-11-29,,1.6820,0.8137,0.7108,113.88,1.3033,1.3489
1996-12-02,,1.6840,0.8180,0.7113,113.80,1.3140,1.3515
1996-12-03,,1.6420,0.7970,0.7065,113.59,1.3285,1.3486
1996-12-04,,1.6387,0.7980,0.7120,113.13,1.3230,1.3525
1996-12-05,,1.6268,0.7980,0.7030,112.35,1.3138,1.3585
1996-12-06,,1.6415,0.7961,0.7032,112.84,1.3155,1.3595
1996-12-09,,1.6475,0.8031,0.7070,113.27,1.3268,1.3555
1996-12-10,,1.6505,0.8018,0.6985,113.28,1.3275,1.3569
1996-12-11,,1.6580,0.7920,0.6955,112.90,1.3105,1.3625
1996-12-12,,1.6570,0.7925,0.7006,113.55,1.3140,1.3569
1996-12-13,,1.6603,0.7915,0.7015,113.80,1.3167,1.3625
1996-12-16,,1.6622,0.7930,0.6980,114.24,1.3270,1.3662
1996-12-17,,1.6720,0.7959,0.7077,113.63,1.3210,1.3665
1996-12-18,,1.6722,0.7905,0.7055,113.65,1.3322,1.3671
1996-12-19,,1.6525,0.7940,0.7073,114.00,1.3370,1.3685
1996-12-20,,1.6670,0.7943,0.7083,114.25,1.3325,1.3675
1996-12-23,,1.6715,0.7970,0.7075,114.12,1.3375,1.3675
1996-12-24,,1.6715,0.7960,0.7072,114.50,1.3450,1.3657
1996-12-25,,,,,,,
1996-12-26,,1.6726,0.7950,0.7060,114.92,1.3453,1.3637
1996-12-27,,1.6917,0.7950,0.7065,116.13,1.3503,1.3697
1996-12-30,,1.6908,0.7957,0.7055,115.88,1.3515,1.3683
1996-12-31,,1.7123,0.7944,0.7065,115.77,1.3390,1.3697
1997-01-01,,,,,,,
1997-01-02,,1.6870,0.7895,0.7072,115.49,1.3430,1.3736
1997-01-03,,1.6900,0.7914,0.7075,116.33,1.3587,1.3742
1997-01-06,,1.6850,0.7882,0.7081,115.80,1.3581,1.3686
1997-01-07,,1.6950,0.7891,0.7097,115.34,1.3540,1.3570
1997-01-08,,1.6871,0.7796,0.7067,115.86,1.3650,1.3533
1997-01-09,,1.6945,0.7780,0.7065,116.19,1.3683,1.3522
1997-01-10,,1.6814,0.7818,0.7050,116.10,1.3768,1.3480
1997-01-13,,1.6713,0.7783,0.7035,116.41,1.3790,1.3490
1997-01-14,,1.6695,0.7810,0.7030,116.90,1.3765,1.3505
1997-01-15,,1.6785,0.7767,0.7037,117.24,1.3738,1.3421
1997-01-16,,1.6762,0.7791,0.7064,116.54,1.3772,1.3392
1997-01-17,,1.6602,0.7800,0.7085,117.11,1.3945,1.3399
1997-01-20,,,,,,,
1997-01-21,,1.6632,0.7774,0.7041,117.80,1.4145,1.3385
1997-01-22,,1.6534,0.7756,0.7042,118.92,1.4273,1.3357
1997-01-23,,1.6285,0.7716,0.6967,119.65,1.4230,1.3417
1997-01-24,,1.6283,0.7720,0.6935,119.06,1.4081,1.3486
1997-01-27,,1.6240,0.7722,0.6900,119.45,1.4226,1.3443
1997-01-28,,1.6155,0.7690,0.6874,121.19,1.4291,1.3407
1997-01-29,,1.6207,0.7700,0.6883,121.98,1.4255,1.3455
1997-01-30,,1.6183,0.7657,0.6900,121.55,1.4226,1.3482
1997-01-31,,1.6012,0.7625,0.6885,121.25,1.4190,1.3474
1997-02-03,,1.6135,0.7670,0.6882,121.68,1.4205,1.3434
1997-02-04,,1.6207,0.7630,0.6898,122.34,1.4260,1.3431
1997-02-05,,1.6380,0.7613,0.6909,123.59,1.4285,1.3430
1997-02-06,,1.6355,0.7648,0.6885,123.82,1.4255,1.3484
1997-02-07,,1.6228,0.7611,0.6835,124.54,1.4448,1.3493
1997-02-10,,1.6390,0.7572,0.6842,122.74,1.4265,1.3518
1997-02-11,,1.6440,0.7583,0.6876,123.17,1.4345,1.3558
1997-02-12,,1.6338,0.7590,0.6870,124.02,1.4483,1.3557
1997-02-13,,1.6230,0.7676,0.6946,124.35,1.4531,1.3531
1997-02-14,,1.6207,0.7655,0.6935,124.06,1.4632,1.3502
1997-02-17,,,,,,,
1997-02-18,,1.6022,0.7653,0.6894,123.92,1.4705,1.3575
1997-02-19,,1.6138,0.7663,0.6900,124.30,1.4887,1.3590
1997-02-20,,1.6107,0.7702,0.6938,122.83,1.4767,1.3597
1997-02-21,,1.6155,0.7770,0.6940,123.28,1.4725,1.3625
1997-02-24,,1.6333,0.7770,0.6970,122.18,1.4556,1.3623
1997-02-25,,1.6323,0.7768,0.6965,121.93,1.4642,1.3612
1997-02-26,,1.6330,0.7742,0.6942,121.90,1.4773,1.3660
1997-02-27,,1.6265,0.7778,0.6908,120.80,1.4780,1.3671
1997-02-28,,1.6287,0.7765,0.6924,120.83,1.4735,1.3670
1997-03-03,,1.6175,0.7863,0.7007,121.15,1.4770,1.3675
1997-03-04,,1.6155,0.7894,0.7040,121.95,1.4872,1.3700
1997-03-05,,1.6117,0.7841,0.7025,121.50,1.4812,1.3683
1997-03-06,,1.6131,0.7873,0.7031,121.28,1.4860,1.3649
1997-03-07,,1.6032,0.7880,0.7040,121.88,1.4852,1.3680
1997-03-10,,1.6005,0.7875,0.7026,121.70,1.4732,1.3710
1997-03-11,,1.6058,0.7927,0.7045,121.77,1.4726,1.3667
1997-03-12,,1.5932,0.7940,0.7040,122.68,1.4656,1.3640
1997-03-13,,1.5965,0.7923,0.6995,123.24,1.4642,1.3633
1997-03-14,,1.6022,0.7978,0.6987,123.46,1.4582,1.3636
1997-03-17,,1.5900,0.7935,0.6948,123.65,1.4585,1.3694
1997-03-18,,1.5890,0.7860,0.6937,122.45,1.4395,1.3746
1997-03-19,,1.5968,0.7860,0.6903,122.80,1.4469,1.3790
1997-03-20,,1.5948,0.7871,0.6914,123.59,1.4494,1.3795
1997-03-21,,1.6015,0.7841,0.6921,122.82,1.4595,1.3802
1997-03-24,,1.6171,0.7870,0.6974,122.93,1.4564,1.3780
1997-03-25,,1.6172,0.7817,0.6955,123.90,1.4675,1.3779
1997-03-26,,1.6276,0.7830,0.6934,124.23,1.4651,1.3746
1997-03-27,,1.6312,0.7816,0.6943,123.65,1.4490,1.3770
1997-03-28,,1.6315,0.7835,0.6945,123.90,1.4505,1.3810
1997-03-31,,1.6448,0.7840,0.6947,123.72,1.4383,1.3835
1997-04-01,,1.6485,0.7876,0.6973,122.70,1.4427,1.3865
1997-04-02,,1.6425,0.7845,0.6963,122.72,1.4445,1.3877
1997-04-03,,1.6460,0.7790,0.6927,122.80,1.4335,1.3887
1997-04-04,,1.6389,0.7755,0.6905,124.27,1.4422,1.3923
1997-04-07,,1.6277,0.7762,0.6892,125.67,1.4648,1.3894
1997-04-08,,1.6233,0.7810,0.6886,126.08,1.4692,1.3880
1997-04-09,,1.6220,0.7838,0.6935,126.86,1.4770,1.3882
1997-04-10,,1.6230,0.7814,0.6916,125.95,1.4704,1.3916
1997-04-11,,1.6245,0.7860,0.6938,126.04,1.4660,1.3976
1997-04-14,,1.6225,0.7790,0.6920,126.48,1.4689,1.3985
1997-04-15,,1.6255,0.7755,0.6873,126.35,1.4693,1.3967
1997-04-16,,1.6225,0.7716,0.6870,125.75,1.4715,1.3978
1997-04-17,,1.6310,0.7735,0.6893,126.05,1.4690,1.3975
1997-04-18,,1.6315,0.7740,0.6915,125.88,1.4589,1.3994
1997-04-21,,1.6353,0.7760,0.6938,125.66,1.4496,1.3978
1997-04-22,,1.6362,0.7780,0.6938,126.25,1.4596,1.3957
1997-04-23,,1.6213,0.7765,0.6928,126.16,1.4624,1.3942
1997-04-24,,1.6250,0.7755,0.6920,125.96,1.4615,1.3928
1997-04-25,,1.6235,0.7768,0.6935,125.88,1.4690,1.3966
1997-04-28,,1.6232,0.7797,0.6949,126.68,1.4690,1.3995
1997-04-29,,1.6312,0.7804,0.6940,126.81,1.4668,1.3979
1997-04-30,,1.6200,0.7795,0.6930,127.03,1.4745,1.3971
1997-05-01,,1.6238,0.7845,0.6890,126.64,1.4685,1.3895
1997-05-02,,1.6215,0.7840,0.6905,126.57,1.4700,1.3833
1997-05-05,,1.6200,0.7800,0.6885,126.70,1.4741,1.3813
1997-05-06,,1.6375,0.7772,0.6870,125.45,1.4615,1.3781
1997-05-07,,1.6364,0.7764,0.6847,125.09,1.4621,1.3817
1997-05-08,,1.6200,0.7800,0.6858,123.85,1.4440,1.3835
1997-05-09,,1.6210,0.7784,0.6877,120.73,1.4230,1.3910
1997-05-12,,1.6235,0.7787,0.6950,118.95,1.4385,1.3900
1997-05-13,,1.6319,0.7767,0.6945,118.75,1.4376,1.3862
1997-05-14,,1.6400,0.7780,0.6956,118.33,1.4395,1.3856
1997-05-15,,1.6385,0.7765,0.6962,116.28,1.4355,1.3791
1997-05-16,,1.6335,0.7748,0.6930,115.43,1.4205,1.3705
1997-05-19,,1.6380,0.7743,0.6917,116.05,1.4288,1.3720
1997-05-20,,1.6438,0.7742,0.6920,113.80,1.4075,1.3750
1997-05-21,,1.6465,0.7840,0.6953,114.08,1.4060,1.3667
1997-05-22,,1.6235,0.7795,0.6935,115.96,1.4145,1.3717
1997-05-23,,1.6324,0.7650,0.6902,115.80,1.4048,1.3751
1997-05-26,,,,,,,
1997-05-27,,1.6290,0.7640,0.6908,116.45,1.4165,1.3823
1997-05-28,,1.6382,0.7635,0.6896,115.52,1.4162,1.3843
1997-05-29,,1.6405,0.7644,0.6902,116.21,1.4120,1.3817
1997-05-30,,1.6360,0.7630,0.6895,116.40,1.4145,1.3798
1997-06-02,,1.6343,0.7580,0.6879,116.74,1.4285,1.3781
1997-06-03,,1.6342,0.7603,0.6885,116.15,1.4383,1.3740
1997-06-04,,1.6272,0.7587,0.6887,116.30,1.4481,1.3760
1997-06-05,,1.6328,0.7610,0.6865,115.67,1.4482,1.3764
1997-06-06,,1.6280,0.7608,0.6885,115.40,1.4540,1.3840
1997-06-09,,1.6355,0.7614,0.6902,112.63,1.4377,1.3865
1997-06-10,,1.6382,0.7616,0.6915,112.60,1.4445,1.3862
1997-06-11,,1.6370,0.7579,0.6905,111.42,1.4375,1.3870
1997-06-12,,1.6352,0.7524,0.6907,113.98,1.4413,1.3825
1997-06-13,,1.6370,0.7513,0.6895,113.50,1.4405,1.3804
1997-06-16,,1.6357,0.7485,0.6900,113.49,1.4416,1.3845
1997-06-17,,1.6385,0.7500,0.6894,113.35,1.4465,1.3860
1997-06-18,,1.6384,0.7505,0.6895,113.50,1.4478,1.3873
1997-06-19,,1.6480,0.7497,0.6867,114.09,1.4363,1.3882
1997-06-20,,1.6537,0.7525,0.6850,114.62,1.4399,1.3925
1997-06-23,,1.6688,0.7520,0.6827,115.30,1.4328,1.3895
1997-06-24,,1.6643,0.7508,0.6840,114.80,1.4393,1.3916
1997-06-25,,1.6625,0.7513,0.6848,113.95,1.4383,1.3948
1997-06-26,,1.6660,0.7495,0.6872,113.23,1.4382,1.3817
1997-06-27,,1.6620,0.7455,0.6789,114.67,1.4496,1.3815
1997-06-30,,1.6650,0.7550,0.6790,114.61,1.4606,1.3810
1997-07-01,,1.6574,0.7529,0.6780,114.93,1.4590,1.3803
1997-07-02,,1.6670,0.7525,0.6780,114.52,1.4719,1.3770
1997-07-03,,1.6885,0.7537,0.6775,113.46,1.4660,1.3736
1997-07-04,,,,,,,
1997-07-07,,1.6870,0.7435,0.6745,112.60,1.4590,1.3762
1997-07-08,,1.6885,0.7470,0.6757,112.76,1.4655,1.3745
1997-07-09,,1.6840,0.7450,0.6730,112.97,1.4602,1.3730
1997-07-10,,1.6881,0.7430,0.6724,113.08,1.4498,1.3736
1997-07-11,,1.6935,0.7404,0.6697,113.88,1.4601,1.3705
1997-07-14,,1.6882,0.7360,0.6655,113.76,1.4720,1.3690
1997-07-15,,1.6765,0.7343,0.6630,115.87,1.4803,1.3708
1997-07-16,,1.6745,0.7355,0.6592,116.28,1.4832,1.3736
1997-07-17,,1.6750,0.7357,0.6557,116.13,1.4815,1.3781
1997-07-18,,1.6761,0.7430,0.6523,115.46,1.4730,1.3746
1997-07-21,,1.6776,0.7410,0.6534,115.88,1.4755,1.3746
1997-07-22,,1.6744,0.7396,0.6478,115.68,1.4900,1.3818
1997-07-23,,1.6779,0.7366,0.6497,115.85,1.4840,1.3812
1997-07-24,,1.6729,0.7375,0.6530,115.95,1.4995,1.3832
1997-07-25,,1.6628,0.7372,0.6525,116.75,1.5150,1.3848
1997-07-28,,1.6292,0.7345,0.6410,117.76,1.5200,1.3865
1997-07-29,,1.6275,0.7450,0.6495,118.00,1.5170,1.3855
1997-07-30,,1.6210,0.7447,0.6502,118.33,1.5150,1.3813
1997-07-31,,1.6388,0.7451,0.6498,118.37,1.5145,1.3820
1997-08-01,,1.6348,0.7393,0.6433,118.47,1.5260,1.3891
1997-08-04,,1.6283,0.7385,0.6430,118.34,1.5255,1.3798
1997-08-05,,1.6250,0.7392,0.6448,119.26,1.5360,1.3815
1997-08-06,,1.6008,0.7360,0.6393,118.65,1.5317,1.3871
1997-08-07,,1.5875,0.7333,0.6385,118.40,1.5295,1.3875
1997-08-08,,1.5850,0.7337,0.6373,115.30,1.5070,1.3928
1997-08-11,,1.5902,0.7368,0.6418,115.85,1.5230,1.3933
1997-08-12,,1.5775,0.7381,0.6380,116.21,1.5285,1.3932
1997-08-13,,1.5825,0.7445,0.6414,115.78,1.5101,1.3926
1997-08-14,,1.5865,0.7427,0.6415,117.75,1.5195,1.3907
1997-08-15,,1.6090,0.7428,0.6421,117.80,1.5055,1.3903
1997-08-18,,1.6088,0.7387,0.6435,117.81,1.5120,1.3887
1997-08-19,,1.6035,0.7415,0.6443,118.45,1.5165,1.3951
1997-08-20,,1.5923,0.7422,0.6403,118.08,1.5270,1.3939
1997-08-21,,1.5905,0.7483,0.6403,117.78,1.5165,1.3955
1997-08-22,,1.6081,0.7482,0.6470,117.26,1.4978,1.3948
1997-08-25,,1.6052,0.7463,0.6465,118.73,1.4996,1.3917
1997-08-26,,1.6121,0.7465,0.6460,118.32,1.4875,1.3951
1997-08-27,,1.6103,0.7400,0.6435,118.88,1.4965,1.3917
1997-08-28,,1.6158,0.7365,0.6433,118.75,1.4833,1.3878
1997-08-29,,1.6203,0.7345,0.6385,120.65,1.4889,1.3890
1997-09-01,,,,,,,
1997-09-02,,1.5897,0.7265,0.6335,121.55,1.5060,1.3845
1997-09-03,,1.5846,0.7258,0.6342,121.03,1.4986,1.3837
1997-09-04,,1.5855,0.7321,0.6378,120.72,1.4970,1.3858
1997-09-05,,1.5920,0.7308,0.6361,121.09,1.4753,1.3824
1997-09-08,,1.5827,0.7300,0.6374,121.02,1.4875,1.3830
1997-09-09,,1.5882,0.7300,0.6360,119.05,1.4885,1.3845
1997-09-10,,1.5890,0.7270,0.6358,119.26,1.4774,1.3852
1997-09-11,,1.5968,0.7200,0.6330,119.58,1.4710,1.3920
1997-09-12,,1.6085,0.7215,0.6340,120.93,1.4662,1.3935
1997-09-15,,1.6042,0.7199,0.6360,120.40,1.4494,1.3922
1997-09-16,,1.5941,0.7165,0.6337,121.10,1.4480,1.3914
1997-09-17,,1.5985,0.7163,0.6363,120.99,1.4593,1.3888
1997-09-18,,1.6137,0.7165,0.6305,121.98,1.4665,1.3911
1997-09-19,,1.6112,0.7203,0.6335,121.93,1.4588,1.3902
1997-09-22,,1.6025,0.7195,0.6347,122.25,1.4726,1.3890
1997-09-23,,1.6115,0.7195,0.6360,121.53,1.4745,1.3903
1997-09-24,,1.6103,0.7206,0.6385,120.40,1.4601,1.3875
1997-09-25,,1.6279,0.7255,0.6413,121.30,1.4578,1.3842
1997-09-26,,1.6100,0.7227,0.6412,120.87,1.4530,1.3839
1997-09-29,,1.6142,0.7190,0.6375,121.00,1.4510,1.3848
1997-09-30,,1.6117,0.7250,0.6398,120.71,1.4548,1.3824
1997-10-01,,1.6145,0.7280,0.6425,120.80,1.4609,1.3791
1997-10-02,,1.6135,0.7283,0.6427,121.80,1.4560,1.3747
1997-10-03,,1.6130,0.7275,0.6415,121.93,1.4491,1.3713
1997-10-06,,1.6130,0.7235,0.6370,121.93,1.4521,1.3718
1997-10-07,,1.6195,0.7250,0.6410,122.01,1.4450,1.3730
1997-10-08,,1.6208,0.7285,0.6415,121.09,1.4455,1.3727
1997-10-09,,1.6245,0.7356,0.6443,121.18,1.4561,1.3747
1997-10-10,,1.6207,0.7360,0.6460,120.13,1.4572,1.3795
1997-10-13,,,,,,,
1997-10-14,,1.6197,0.7364,0.6459,121.75,1.4615,1.3826
1997-10-15,,1.6235,0.7325,0.6445,121.31,1.4580,1.3865
1997-10-16,,1.6187,0.7386,0.6450,119.87,1.4558,1.3870
1997-10-17,,1.6145,0.7325,0.6412,120.19,1.4755,1.3860
1997-10-20,,1.6297,0.7295,0.6410,121.40,1.4732,1.3850
1997-10-21,,1.6338,0.7230,0.6365,120.66,1.4885,1.3890
1997-10-22,,1.6338,0.7060,0.6255,120.71,1.4793,1.3915
1997-10-23,,1.6317,0.7015,0.6225,121.67,1.4685,1.3895
1997-10-24,,1.6347,0.7000,0.6210,121.73,1.4636,1.3920
1997-10-27,,1.6548,0.6910,0.6233,121.87,1.4552,1.3981
1997-10-28,,1.6756,0.7025,0.6270,119.70,1.4115,1.4090
1997-10-29,,1.6721,0.7040,0.6265,120.53,1.4178,1.4015
1997-10-30,,1.6655,0.7008,0.6235,120.68,1.4059,1.4075
1997-10-31,,1.6786,0.7030,0.6225,120.39,1.3995,1.4099
1997-11-03,,1.6763,0.7120,0.6328,121.04,1.4134,1.4065
1997-11-04,,1.6832,0.7045,0.6268,121.83,1.4070,1.4039
1997-11-05,,1.6775,0.7030,0.6250,122.56,1.4073,1.4005
1997-11-06,,1.6920,0.6978,0.6245,123.16,1.4050,1.4025
1997-11-07,,1.6905,0.6940,0.6240,123.97,1.3958,1.4095
1997-11-10,,1.6893,0.6970,0.6275,124.15,1.3912,1.4071
1997-11-11,,,,,,,
1997-11-12,,1.7035,0.6935,0.6245,126.10,1.3998,1.4090
1997-11-13,,1.7010,0.6962,0.6255,125.93,1.3975,1.4082
1997-11-14,,1.6931,0.6960,0.6245,126.78,1.4065,1.4127
1997-11-17,,1.6931,0.6989,0.6274,125.85,1.4096,1.4149
1997-11-18,,1.6955,0.6990,0.6280,125.85,1.4035,1.4145
1997-11-19,,1.6911,0.6892,0.6220,127.22,1.4043,1.4155
1997-11-20,,1.6925,0.6882,0.6207,126.81,1.4083,1.4210
1997-11-21,,1.6892,0.6990,0.6255,125.85,1.4182,1.4170
1997-11-24,,1.6900,0.6938,0.6233,127.07,1.4055,1.4210
1997-11-25,,1.6805,0.6865,0.6190,127.45,1.4073,1.4180
1997-11-26,,1.6735,0.6835,0.6182,127.51,1.4180,1.4245
1997-11-27,,,,,,,
1997-11-28,,1.6885,0.6825,0.6164,127.74,1.4255,1.4245
1997-12-01,,1.6825,0.6770,0.6092,129.15,1.4330,1.4245
1997-12-02,,1.6817,0.6770,0.6067,128.77,1.4331,1.4218
1997-12-03,,1.6840,0.6760,0.6050,128.72,1.4285,1.4180
1997-12-04,,1.6705,0.6732,0.6027,129.40,1.4308,1.4227
1997-12-05,,1.6585,0.6712,0.6000,130.20,1.4390,1.4230
1997-12-08,,1.6472,0.6705,0.5986,130.50,1.4525,1.4223
1997-12-09,,1.6528,0.6675,0.5970,129.80,1.4570,1.4224
1997-12-10,,1.6495,0.6665,0.6000,129.09,1.4460,1.4242
1997-12-11,,1.6552,0.6660,0.5955,129.92,1.4335,1.4241
1997-12-12,,1.6501,0.6630,0.5960,130.73,1.4333,1.4208
1997-12-15,,1.6333,0.6566,0.5910,131.08,1.4305,1.4212
1997-12-16,,1.6326,0.6490,0.5790,130.87,1.4415,1.4237
1997-12-17,,1.6507,0.6605,0.5870,127.00,1.4343,1.4229
1997-12-18,,1.6635,0.6565,0.5843,128.53,1.4394,1.4245
1997-12-19,,1.6684,0.6530,0.5810,129.10,1.4278,1.4328
1997-12-22,,1.6617,0.6523,0.5788,130.38,1.4380,1.4345
1997-12-23,,1.6680,0.6565,0.5835,130.00,1.4338,1.4364
1997-12-24,,1.6675,0.6558,0.5848,130.06,1.4346,1.4355
1997-12-25,,,,,,,
1997-12-26,,1.6695,0.6559,0.5840,130.30,1.4342,1.4356
1997-12-29,,1.6683,0.6540,0.5835,130.05,1.4474,1.4398
1997-12-30,,1.6552,0.6517,0.5823,130.05,1.4558,1.4365
1997-12-31,,1.6427,0.6515,0.5803,130.45,1.4610,1.4288
1998-01-01,,,,,,,
1998-01-02,,1.6417,0.6500,0.5770,132.40,1.4670,1.4255
1998-01-05,,1.6330,0.6418,0.5690,133.99,1.4803,1.4264
1998-01-06,,1.6335,0.6347,0.5655,133.88,1.4790,1.4310
1998-01-07,,1.6253,0.6415,0.5692,131.70,1.4765,1.4297
1998-01-08,,1.6114,0.6353,0.5668,132.49,1.4732,1.4317
1998-01-09,,1.6165,0.6470,0.5725,131.52,1.4763,1.4255
1998-01-12,,1.6221,0.6430,0.5705,132.83,1.4744,1.4345
1998-01-13,,1.6345,0.6465,0.5730,131.72,1.4765,1.4362
1998-01-14,,1.6301,0.6470,0.5770,131.43,1.4828,1.4348
1998-01-15,,1.6300,0.6503,0.5787,130.41,1.4933,1.4369
1998-01-16,,1.6337,0.6614,0.5883,128.88,1.4975,1.4366
1998-01-19,,,,,,,
1998-01-20,,1.6271,0.6657,0.5850,128.80,1.4983,1.4390
1998-01-21,,1.6264,0.6595,0.5815,127.50,1.4861,1.4437
1998-01-22,,1.6498,0.6596,0.5822,127.22,1.4701,1.4508
1998-01-23,,1.6687,0.6630,0.5810,125.78,1.4449,1.4556
1998-01-26,,1.6525,0.6694,0.5860,126.64,1.4585,1.4498
1998-01-27,,1.6474,0.6748,0.5933,126.02,1.4498,1.4545
1998-01-28,,1.6430,0.6810,0.5940,125.26,1.4623,1.4568
1998-01-29,,1.6400,0.6750,0.5880,125.38,1.4673,1.4637
1998-01-30,,1.6325,0.6852,0.5865,127.10,1.4820,1.4562
1998-02-02,,1.6380,0.6868,0.5915,126.65,1.4730,1.4529
1998-02-03,,1.6423,0.6825,0.5863,126.02,1.4689,1.4512
1998-02-04,,1.6580,0.6812,0.5875,123.78,1.4590,1.4471
1998-02-05,,1.6545,0.6765,0.5863,123.31,1.4473,1.4388
1998-02-06,,1.6475,0.6700,0.5823,124.26,1.4556,1.4285
1998-02-09,,1.6338,0.6725,0.5837,124.28,1.4653,1.4354
1998-02-10,,1.6230,0.6814,0.5910,123.47,1.4650,1.4295
1998-02-11,,1.6324,0.6780,0.5870,123.53,1.4633,1.4363
1998-02-12,,1.6379,0.6770,0.5842,123.78,1.4510,1.4383
1998-02-13,,1.6345,0.6725,0.5824,125.37,1.4655,1.4431
1998-02-16,,,,,,,
1998-02-17,,1.6312,0.6685,0.5795,126.87,1.4731,1.4405
1998-02-18,,1.6395,0.6702,0.5793,126.35,1.4690,1.4355
1998-02-19,,1.6355,0.6760,0.5852,126.25,1.4715,1.4235
1998-02-20,,1.6363,0.6716,0.5786,127.73,1.4705,1.4205
1998-02-23,,1.6470,0.6670,0.5760,128.92,1.4506,1.4246
1998-02-24,,1.6455,0.6659,0.5762,128.15,1.4539,1.4218
1998-02-25,,1.6484,0.6655,0.5761,128.62,1.4653,1.4232
1998-02-26,,1.6448,0.6713,0.5772,127.72,1.4655,1.4205
1998-02-27,,1.6453,0.6785,0.5840,126.12,1.4662,1.4236
1998-03-02,,1.6472,0.6825,0.5875,125.38,1.4660,1.4250
1998-03-03,,1.6525,0.6796,0.5870,126.05,1.4694,1.4187
1998-03-04,,1.6460,0.6745,0.5830,126.79,1.4770,1.4222
1998-03-05,,1.6450,0.6680,0.5790,127.61,1.4841,1.4185
1998-03-06,,1.6325,0.6675,0.5780,128.42,1.4939,1.4185
1998-03-09,,1.6364,0.6672,0.5796,127.78,1.4950,1.4143
1998-03-10,,1.6381,0.6680,0.5832,127.63,1.4915,1.4140
1998-03-11,,1.6467,0.6670,0.5785,129.30,1.4930,1.4075
1998-03-12,,1.6561,0.6695,0.5807,129.25,1.4853,1.4113
1998-03-13,,1.6658,0.6760,0.5862,128.23,1.4765,1.4100
1998-03-16,,1.6682,0.6700,0.5825,129.40,1.4825,1.4138
1998-03-17,,1.6743,0.6715,0.5823,129.41,1.4788,1.4165
1998-03-18,,1.6711,0.6637,0.5660,130.17,1.4905,1.4189
1998-03-19,,1.6678,0.6626,0.5633,130.43,1.4939,1.4180
1998-03-20,,1.6643,0.6645,0.5630,130.34,1.4993,1.4182
1998-03-23,,1.6790,0.6655,0.5610,130.28,1.4902,1.4220
1998-03-24,,1.6751,0.6716,0.5622,130.25,1.4900,1.4198
1998-03-25,,1.6739,0.6700,0.5626,128.76,1.4940,1.4103
1998-03-26,,1.6860,0.6742,0.5637,128.71,1.4895,1.4120
1998-03-27,,1.6825,0.6740,0.5620,130.17,1.4972,1.4147
1998-03-30,,1.6775,0.6631,0.5536,132.16,1.5210,1.4225
1998-03-31,,1.6765,0.6613,0.5524,133.29,1.5245,1.4180
1998-04-01,,1.6740,0.6590,0.5490,133.76,1.5335,1.4175
1998-04-02,,1.6665,0.6553,0.5493,133.50,1.5317,1.4195
1998-04-03,,1.6575,0.6568,0.5512,135.05,1.5302,1.4210
1998-04-06,,1.6635,0.6595,0.5502,134.71,1.5285,1.4185
1998-04-07,,1.6658,0.6597,0.5485,133.68,1.5297,1.4223
1998-04-08,,1.6683,0.6570,0.5480,132.64,1.5104,1.4246
1998-04-09,,1.6725,0.6550,0.5525,130.21,1.5127,1.4251
1998-04-10,,1.6718,0.6565,0.5536,128.96,1.5156,1.4266
1998-04-13,,1.6668,0.6553,0.5520,129.52,1.5123,1.4320
1998-04-14,,1.6840,0.6470,0.5490,129.35,1.4925,1.4345
1998-04-15,,1.6830,0.6490,0.5518,129.45,1.4930,1.4395
1998-04-16,,1.6910,0.6500,0.5533,131.78,1.5041,1.4369
1998-04-17,,1.6840,0.6490,0.5580,131.85,1.5005,1.4295
1998-04-20,,1.6757,0.6455,0.5545,132.23,1.4937,1.4280
1998-04-21,,1.6762,0.6487,0.5597,131.33,1.4825,1.4310
1998-04-22,,1.6718,0.6515,0.5593,130.77,1.4840,1.4327
1998-04-23,,1.6665,0.6535,0.5615,130.19,1.4910,1.4345
1998-04-24,,1.6678,0.6507,0.5595,130.90,1.4903,1.4360
1998-04-27,,1.6733,0.6473,0.5539,132.09,1.4860,1.4385
1998-04-28,,1.6673,0.6440,0.5513,132.19,1.4930,1.4390
1998-04-29,,1.6702,0.6485,0.5530,132.05,1.4955,1.4376
1998-04-30,,1.6727,0.6520,0.5555,132.37,1.5005,1.4302
1998-05-01,,1.6675,0.6520,0.5552,133.01,1.4883,1.4340
1998-05-04,,1.6660,0.6450,0.5535,132.98,1.4895,1.4350
1998-05-05,,1.6605,0.6412,0.5515,131.74,1.4835,1.4390
1998-05-06,,1.6610,0.6370,0.5450,132.73,1.4735,1.4391
1998-05-07,,1.6485,0.6373,0.5437,133.09,1.4703,1.4400
1998-05-08,,1.6380,0.6355,0.5448,132.88,1.4795,1.4367
1998-05-11,,1.6300,0.6371,0.5410,132.84,1.4860,1.4335
1998-05-12,,1.6347,0.6330,0.5365,134.00,1.4805,1.4323
1998-05-13,,1.6308,0.6276,0.5345,134.18,1.4809,1.4448
1998-05-14,,1.6306,0.6270,0.5330,134.23,1.4840,1.4480
1998-05-15,,1.6278,0.6270,0.5352,134.39,1.4879,1.4508
1998-05-18,,1.6235,0.6221,0.5324,135.95,1.4880,1.4497
1998-05-19,,1.6232,0.6236,0.5312,136.34,1.4825,1.4502
1998-05-20,,1.6332,0.6255,0.5323,135.99,1.4758,1.4498
1998-05-21,,1.6305,0.6304,0.5350,135.65,1.4645,1.4475
1998-05-22,,1.6318,0.6315,0.5355,135.77,1.4650,1.4496
1998-05-25,,,,,,,
1998-05-26,,1.6365,0.6225,0.5335,137.38,1.4700,1.4549
1998-05-27,,1.6322,0.6215,0.5330,137.36,1.4722,1.4568
1998-05-28,,1.6277,0.6219,0.5325,138.91,1.4755,1.4556
1998-05-29,,1.6308,0.6260,0.5358,138.50,1.4820,1.4571
1998-06-01,,1.6392,0.6150,0.5280,139.57,1.4765,1.4568
1998-06-02,,1.6388,0.6145,0.5235,138.97,1.4800,1.4543
1998-06-03,,1.6385,0.6115,0.5245,138.34,1.4778,1.4530
1998-06-04,,1.6395,0.6110,0.5245,138.40,1.4675,1.4558
1998-06-05,,1.6351,0.6005,0.5130,139.66,1.4770,1.4586
1998-06-08,,1.6324,0.5995,0.5090,140.58,1.4772,1.4592
1998-06-09,,1.6347,0.5955,0.5080,140.25,1.4773,1.4602
1998-06-10,,1.6277,0.5870,0.4960,141.52,1.4885,1.4669
1998-06-11,,1.6292,0.5867,0.4973,143.25,1.4905,1.4701
1998-06-12,,1.6315,0.5925,0.5013,144.36,1.4970,1.4685
1998-06-15,,1.6315,0.5894,0.4960,146.42,1.5095,1.4740
1998-06-16,,1.6525,0.5925,0.4963,144.05,1.4975,1.4708
1998-06-17,,1.6620,0.6081,0.5173,137.68,1.4920,1.4635
1998-06-18,,1.6705,0.6067,0.5175,137.61,1.4965,1.4690
1998-06-19,,1.6735,0.6270,0.5298,134.20,1.4940,1.4695
1998-06-22,,1.6720,0.6110,0.5176,137.90,1.4970,1.4713
1998-06-23,,1.6641,0.6078,0.5085,139.13,1.5065,1.4698
1998-06-24,,1.6683,0.6074,0.5166,140.75,1.5080,1.4700
1998-06-25,,1.6722,0.6054,0.5139,141.67,1.5104,1.4668
1998-06-26,,1.6608,0.6030,0.5060,142.75,1.5255,1.4693
1998-06-29,,1.6645,0.6075,0.5063,141.92,1.5275,1.4721
1998-06-30,,1.6695,0.6208,0.5200,138.29,1.5150,1.4717
1998-07-01,,1.6616,0.6190,0.5175,138.65,1.5285,1.4658
1998-07-02,,1.6565,0.6115,0.5125,141.44,1.5355,1.4686
1998-07-03,,1.6471,0.6185,0.5195,139.35,1.5300,1.4675
1998-07-06,,1.6442,0.6165,0.5160,140.18,1.5255,1.4730
1998-07-07,,1.6375,0.6195,0.5205,138.78,1.5281,1.4732
1998-07-08,,1.6369,0.6165,0.5166,139.60,1.5280,1.4745
1998-07-09,,1.6315,0.6125,0.5128,141.30,1.5420,1.4768
1998-07-10,,1.6325,0.6140,0.5140,141.05,1.5385,1.4800
1998-07-13,,1.6412,0.6165,0.5173,140.98,1.5185,1.4786
1998-07-14,,1.6355,0.6245,0.5255,139.84,1.5205,1.4790
1998-07-15,,1.6337,0.6234,0.5225,140.67,1.5153,1.4850
1998-07-16,,1.6387,0.6290,0.5267,140.25,1.5070,1.4890
1998-07-17,,1.6427,0.6267,0.5270,139.60,1.5050,1.4885
1998-07-20,,1.6480,0.6301,0.5270,138.85,1.5045,1.4880
1998-07-21,,1.6430,0.6263,0.5251,140.39,1.5123,1.4923
1998-07-22,,1.6420,0.6211,0.5206,141.10,1.5100,1.4957
1998-07-23,,1.6474,0.6168,0.5170,141.54,1.5120,1.4953
1998-07-24,,1.6594,0.6196,0.5195,140.93,1.4948,1.4979
1998-07-27,,1.6565,0.6090,0.5110,142.24,1.4995,1.5040
1998-07-28,,1.6485,0.6115,0.5138,141.75,1.4925,1.5023
1998-07-29,,1.6440,0.6105,0.5135,142.46,1.4870,1.5039
1998-07-30,,1.6415,0.6145,0.5173,142.51,1.4870,1.5085
1998-07-31,,1.6349,0.6070,0.5115,144.65,1.4915,1.5112
1998-08-03,,1.6245,0.6035,0.5095,145.80,1.5020,1.5155
1998-08-04,,1.6330,0.6050,0.5135,144.84,1.4970,1.5140
1998-08-05,,1.6360,0.6090,0.5165,144.38,1.4915,1.5155
1998-08-06,,1.6332,0.6040,0.5135,144.60,1.4908,1.5282
1998-08-07,,1.6290,0.5991,0.5090,146.30,1.4982,1.5219
1998-08-10,,1.6328,0.5985,0.5069,146.54,1.4973,1.5177
1998-08-11,,1.6295,0.5921,0.5013,147.14,1.4895,1.5213
1998-08-12,,1.6290,0.5945,0.5027,146.09,1.4835,1.5152
1998-08-13,,1.6265,0.5975,0.5038,145.05,1.4885,1.5170
1998-08-14,,1.6184,0.5940,0.5038,146.37,1.5090,1.5186
1998-08-17,,1.6162,0.5925,0.5038,145.78,1.5029,1.5243
1998-08-18,,1.6162,0.5938,0.5027,145.02,1.5105,1.5285
1998-08-19,,1.6227,0.5940,0.5038,143.85,1.5070,1.5335
1998-08-20,,1.6275,0.5897,0.4985,142.60,1.5045,1.5305
1998-08-21,,1.6363,0.5830,0.4925,144.94,1.5030,1.5420
1998-08-24,,1.6410,0.5792,0.4910,143.96,1.4996,1.5493
1998-08-25,,1.6395,0.5760,0.4912,144.94,1.5030,1.5507
1998-08-26,,1.6385,0.5682,0.4885,144.43,1.5053,1.5630
1998-08-27,,1.6405,0.5550,0.4838,142.20,1.4820,1.5770
1998-08-28,,1.6720,0.5650,0.4928,142.55,1.4530,1.5692
1998-08-31,,1.6760,0.5720,0.4950,140.90,1.4417,1.5745
1998-09-01,,1.6740,0.5805,0.5073,136.23,1.4405,1.5535
1998-09-02,,1.6686,0.5830,0.5035,137.76,1.4450,1.5385
1998-09-03,,1.6762,0.5810,0.5005,134.82,1.4193,1.5395
1998-09-04,,1.6720,0.5861,0.5062,133.99,1.4252,1.5265
1998-09-07,,,,,,,
1998-09-08,,1.6581,0.5897,0.5097,132.10,1.4123,1.5263
1998-09-09,,1.6620,0.5875,0.5075,136.45,1.4165,1.5210
1998-09-10,,1.6816,0.5966,0.5155,134.32,1.3905,1.5145
1998-09-11,,1.6847,0.6010,0.5210,131.05,1.3860,1.5130
1998-09-14,,1.6775,0.5929,0.5136,133.22,1.4047,1.5164
1998-09-15,,1.6742,0.5945,0.5140,133.05,1.3945,1.5020
1998-09-16,,1.6758,0.5935,0.5075,134.92,1.3955,1.5038
1998-09-17,,1.6840,0.5937,0.5093,131.88,1.3850,1.5255
1998-09-18,,1.6835,0.5875,0.5040,132.63,1.3900,1.5295
1998-09-21,,1.6845,0.5835,0.5005,133.40,1.3805,1.5267
1998-09-22,,1.6837,0.5855,0.4960,135.20,1.3895,1.5295
1998-09-23,,1.6798,0.5781,0.4905,136.45,1.3955,1.5280
1998-09-24,,1.6945,0.5836,0.4939,135.33,1.3880,1.5120
1998-09-25,,1.7023,0.5911,0.4968,135.10,1.3805,1.5128
1998-09-28,,1.7040,0.5863,0.4935,135.70,1.3900,1.5106
1998-09-29,,1.7068,0.5975,0.5025,133.90,1.3895,1.5012
1998-09-30,,1.6995,0.5930,0.5000,136.59,1.3808,1.5262
1998-10-01,,1.7045,0.5970,0.5030,135.75,1.3640,1.5364
1998-10-02,,1.7026,0.5940,0.4987,135.60,1.3523,1.5505
1998-10-05,,1.6901,0.5940,0.4968,134.54,1.3470,1.5570
1998-10-06,,1.6833,0.5887,0.4930,131.15,1.3442,1.5520
1998-10-07,,1.6968,0.6178,0.5113,123.97,1.3180,1.5288
1998-10-08,,1.7222,0.6183,0.5195,118.85,1.2935,1.5435
1998-10-09,,1.7030,0.6162,0.5205,117.00,1.3230,1.5460
1998-10-12,,,,,,,
1998-10-13,,1.7015,0.6273,0.5410,118.85,1.3286,1.5485
1998-10-14,,1.7055,0.6294,0.5395,119.27,1.3325,1.5465
1998-10-15,,1.7028,0.6310,0.5312,117.50,1.3230,1.5463
1998-10-16,,1.7030,0.6327,0.5357,115.45,1.3148,1.5430
1998-10-19,,1.6995,0.6328,0.5350,114.46,1.3235,1.5490
1998-10-20,,1.7060,0.6285,0.5263,118.09,1.3462,1.5390
1998-10-21,,1.7005,0.6275,0.5260,116.85,1.3480,1.5550
1998-10-22,,1.6950,0.6253,0.5255,117.88,1.3423,1.5433
1998-10-23,,1.6900,0.6184,0.5253,118.06,1.3375,1.5445
1998-10-26,,1.6830,0.6165,0.5225,118.84,1.3463,1.5450
1998-10-27,,1.6722,0.6154,0.5202,118.60,1.3497,1.5395
1998-10-28,,1.6720,0.6160,0.5220,117.56,1.3483,1.5420
1998-10-29,,1.6758,0.6231,0.5258,117.30,1.3452,1.5497
1998-10-30,,1.6735,0.6250,0.5295,116.45,1.3548,1.5432
1998-11-02,,1.6652,0.6252,0.5305,114.52,1.3500,1.5325
1998-11-03,,1.6577,0.6254,0.5303,115.50,1.3559,1.5240
1998-11-04,,1.6588,0.6286,0.5331,116.55,1.3670,1.5247
1998-11-05,,1.6630,0.6320,0.5395,117.45,1.3585,1.5175
1998-11-06,,1.6580,0.6340,0.5385,118.73,1.3742,1.5315
1998-11-09,,1.6585,0.6348,0.5360,121.98,1.3995,1.5350
1998-11-10,,1.6580,0.6223,0.5280,122.88,1.3920,1.5460
1998-11-11,,,,,,,
1998-11-12,,1.6568,0.6320,0.5295,122.77,1.3955,1.5493
1998-11-13,,1.6635,0.6392,0.5378,122.68,1.3907,1.5525
1998-11-16,,1.6755,0.6385,0.5385,119.70,1.3735,1.5550
1998-11-17,,1.6775,0.6343,0.5345,121.30,1.3740,1.5487
1998-11-18,,1.6720,0.6457,0.5390,121.44,1.3747,1.5557
1998-11-19,,1.6677,0.6437,0.5412,119.65,1.3870,1.5500
1998-11-20,,1.6542,0.6436,0.5370,120.32,1.3912,1.5452
1998-11-23,,1.6540,0.6410,0.5325,120.93,1.4066,1.5472
1998-11-24,,1.6582,0.6417,0.5338,120.85,1.4090,1.5486
1998-11-25,,1.6613,0.6400,0.5315,121.80,1.4075,1.5440
1998-11-26,,,,,,,
1998-11-27,,1.6522,0.6339,0.5285,123.24,1.4152,1.5366
1998-11-30,,1.6485,0.6280,0.5270,123.21,1.3963,1.5235
1998-12-01,,1.6540,0.6305,0.5245,122.20,1.3783,1.5330
1998-12-02,,1.6625,0.6310,0.5275,120.17,1.3700,1.5368
1998-12-03,,1.6645,0.6245,0.5232,118.79,1.3667,1.5338
1998-12-04,,1.6615,0.6175,0.5213,119.35,1.3710,1.5350
1998-12-07,,1.6530,0.6204,0.5214,119.63,1.3756,1.5374
1998-12-08,,1.6540,0.6155,0.5185,119.55,1.3659,1.5437
1998-12-09,,1.6580,0.6165,0.5155,118.08,1.3603,1.5435
1998-12-10,,1.6670,0.6195,0.5214,117.07,1.3396,1.5414
1998-12-11,,1.6835,0.6208,0.5225,116.78,1.3295,1.5422
1998-12-14,,1.6885,0.6204,0.5210,115.08,1.3338,1.5405
1998-12-15,,1.6853,0.6235,0.5222,116.73,1.3415,1.5420
1998-12-16,,1.6765,0.6187,0.5220,115.68,1.3441,1.5390
1998-12-17,,1.6750,0.6231,0.5248,116.33,1.3487,1.5422
1998-12-18,,1.6803,0.6211,0.5215,115.67,1.3482,1.5448
1998-12-21,,1.6800,0.6170,0.5200,116.08,1.3630,1.5494
1998-12-22,,1.6775,0.6145,0.5183,116.85,1.3655,1.5530
1998-12-23,,1.6767,0.6114,0.5237,116.02,1.3630,1.5516
1998-12-24,,1.6723,0.6110,0.5235,116.24,1.3760,1.5515
1998-12-25,,,,,,,
1998-12-28,,1.6745,0.6070,0.5200,115.88,1.3720,1.5525
1998-12-29,,1.6836,0.6114,0.5243,115.42,1.3630,1.5520
1998-12-30,,1.6665,0.6129,0.5262,114.88,1.3805,1.5492
1998-12-31,,1.6628,0.6123,0.5270,113.08,1.3735,1.5375
1999-01-01,,,,,,,
1999-01-04,1.1812,1.6581,0.6182,0.5340,112.15,1.3666,1.5268
1999-01-05,1.1760,1.6566,0.6217,0.5370,111.15,1.3694,1.5213
1999-01-06,1.1636,1.6547,0.6285,0.5385,112.78,1.3852,1.5110
1999-01-07,1.1672,1.6495,0.6340,0.5405,111.69,1.3863,1.5117
1999-01-08,1.1554,1.6405,0.6326,0.5400,111.52,1.3970,1.5145
1999-01-11,1.1534,1.6375,0.6395,0.5468,108.83,1.3963,1.5072
1999-01-12,1.1548,1.6308,0.6401,0.5474,112.07,1.3890,1.5095
1999-01-13,1.1698,1.6493,0.6310,0.5410,113.46,1.3585,1.5300
1999-01-14,1.1689,1.6530,0.6315,0.5390,113.25,1.3618,1.5285
1999-01-15,1.1591,1.6500,0.6340,0.5405,114.19,1.3785,1.5290
1999-01-18,,,,,,,
1999-01-19,1.1610,1.6550,0.6385,0.5363,113.76,1.3752,1.5302
1999-01-20,1.1575,1.6467,0.6398,0.5400,113.45,1.3902,1.5226
1999-01-21,1.1577,1.6516,0.6396,0.5417,113.75,1.3855,1.5155
1999-01-22,1.1582,1.6560,0.6348,0.5365,114.65,1.3829,1.5190
1999-01-25,1.1566,1.6563,0.6309,0.5341,113.80,1.3823,1.5153
1999-01-26,1.1577,1.6585,0.6305,0.5357,114.03,1.3870,1.5200
1999-01-27,1.1481,1.6485,0.6273,0.5360,115.62,1.4012,1.5215
1999-01-28,1.1395,1.6470,0.6258,0.5342,116.36,1.4165,1.5263
1999-01-29,1.1371,1.6457,0.6297,0.5387,116.00,1.4168,1.5095
1999-02-01,1.1303,1.6410,0.6336,0.5430,115.09,1.4232,1.5085
1999-02-02,1.1328,1.6430,0.6401,0.5450,112.12,1.4111,1.5124
1999-02-03,1.1339,1.6375,0.6415,0.5500,112.46,1.4135,1.5135
1999-02-04,1.1306,1.6395,0.6490,0.5535,112.03,1.4170,1.4930
1999-02-05,1.1283,1.6370,0.6517,0.5508,113.14,1.4173,1.4880
1999-02-08,1.1296,1.6380,0.6520,0.5597,114.38,1.4175,1.4875
1999-02-09,1.1300,1.6355,0.6468,0.5546,114.42,1.4183,1.4935
1999-02-10,1.1331,1.6290,0.6453,0.5510,114.45,1.4083,1.4943
1999-02-11,1.1303,1.6244,0.6495,0.5511,114.70,1.4154,1.4889
1999-02-12,1.1282,1.6311,0.6463,0.5493,114.32,1.4157,1.4925
1999-02-15,,,,,,,
1999-02-16,1.1189,1.6317,0.6380,0.5382,118.08,1.4290,1.5000
1999-02-17,1.1230,1.6338,0.6336,0.5373,119.03,1.4247,1.4995
1999-02-18,1.1223,1.6338,0.6350,0.5388,119.82,1.4250,1.4873
1999-02-19,1.1075,1.6255,0.6375,0.5412,121.00,1.4462,1.4905
1999-02-22,1.1037,1.6238,0.6400,0.5420,120.35,1.4483,1.4972
1999-02-23,1.0993,1.6138,0.6392,0.5373,121.45,1.4495,1.4975
1999-02-24,1.0972,1.5980,0.6315,0.5310,121.90,1.4520,1.4990
1999-02-25,1.1068,1.6060,0.6272,0.5268,119.26,1.4345,1.5050
1999-02-26,1.0995,1.6027,0.6205,0.5250,118.70,1.4495,1.5090
1999-03-01,1.0891,1.6058,0.6179,0.5237,119.79,1.4620,1.5240
1999-03-02,1.0931,1.6135,0.6205,0.5281,120.47,1.4582,1.5200
1999-03-03,1.0888,1.6134,0.6230,0.5287,121.68,1.4610,1.5268
1999-03-04,1.0824,1.6065,0.6242,0.5278,123.50,1.4700,1.5255
1999-03-05,1.0843,1.6073,0.6285,0.5315,122.57,1.4686,1.5167
1999-03-08,1.0899,1.6085,0.6305,0.5325,121.73,1.4612,1.5145
1999-03-09,1.0873,1.6148,0.6357,0.5346,121.40,1.4675,1.5169
1999-03-10,1.0961,1.6267,0.6350,0.5352,119.84,1.4566,1.5240
1999-03-11,1.0932,1.6270,0.6365,0.5340,119.57,1.4685,1.5220
1999-03-12,1.0936,1.6335,0.6360,0.5340,118.99,1.4608,1.5235
1999-03-15,1.0930,1.6223,0.6315,0.5325,117.70,1.4660,1.5286
1999-03-16,1.0915,1.6240,0.6260,0.5291,117.74,1.4665,1.5285
1999-03-17,1.1015,1.6302,0.6273,0.5270,118.15,1.4483,1.5222
1999-03-18,1.0990,1.6290,0.6301,0.5320,117.53,1.4534,1.5186
1999-03-19,1.0923,1.6303,0.6304,0.5307,117.05,1.4620,1.5158
1999-03-22,1.0915,1.6280,0.6336,0.5334,118.14,1.4640,1.5078
1999-03-23,1.0918,1.6372,0.6382,0.5365,118.02,1.4586,1.5065
1999-03-24,1.0921,1.6410,0.6394,0.5404,117.35,1.4575,1.5040
1999-03-25,1.0871,1.6314,0.6363,0.5373,118.05,1.4681,1.5105
1999-03-26,1.0743,1.6205,0.6352,0.5360,120.30,1.4845,1.5135
1999-03-29,1.0716,1.6140,0.6323,0.5336,119.78,1.4877,1.5125
1999-03-30,1.0732,1.6115,0.6270,0.5308,120.10,1.4890,1.5125
1999-03-31,1.0808,1.6140,0.6340,0.5340,118.43,1.4775,1.5092
1999-04-01,1.0782,1.6063,0.6354,0.5345,120.19,1.4810,1.5023
1999-04-02,1.0782,1.6023,0.6345,0.5335,120.60,1.4810,1.4968
1999-04-05,1.0706,1.6015,0.6315,0.5325,122.00,1.4912,1.4972
1999-04-06,1.0838,1.5920,0.6280,0.5300,120.74,1.4725,1.5035
1999-04-07,1.0784,1.5975,0.6272,0.5311,121.34,1.4807,1.5005
1999-04-08,1.0835,1.6083,0.6244,0.5300,120.85,1.4724,1.4985
1999-04-09,1.0786,1.6068,0.6296,0.5353,121.09,1.4832,1.5023
1999-04-12,1.0842,1.6127,0.6343,0.5425,120.14,1.4795,1.4945
1999-04-13,1.0780,1.6135,0.6365,0.5408,120.04,1.4900,1.4898
1999-04-14,1.0779,1.6124,0.6378,0.5420,118.89,1.4879,1.4929
1999-04-15,1.0717,1.6103,0.6359,0.5398,119.04,1.4973,1.4908
1999-04-16,1.0688,1.6112,0.6466,0.5455,117.86,1.4993,1.4865
1999-04-19,1.0608,1.6075,0.6518,0.5483,117.99,1.5097,1.4833
1999-04-20,1.0630,1.6135,0.6475,0.5485,118.18,1.5065,1.4920
1999-04-21,1.0612,1.6074,0.6469,0.5469,119.76,1.5080,1.4895
1999-04-22,1.0598,1.6117,0.6507,0.5475,119.84,1.5095,1.4810
1999-04-23,1.0634,1.6170,0.6516,0.5480,119.26,1.5071,1.4770
1999-04-26,1.0590,1.6113,0.6488,0.5474,119.13,1.5132,1.4792
1999-04-27,1.0649,1.6177,0.6505,0.5490,120.23,1.5085,1.4788
1999-04-28,1.0616,1.6148,0.6539,0.5512,119.13,1.5137,1.4770
1999-04-29,1.0591,1.6105,0.6583,0.5555,119.26,1.5190,1.4670
1999-04-30,1.0564,1.6085,0.6620,0.5605,119.43,1.5257,1.4578
1999-05-03,1.0571,1.6083,0.6640,0.5610,120.14,1.5252,1.4512
1999-05-04,1.0593,1.6210,0.6625,0.5587,120.94,1.5170,1.4540
1999-05-05,1.0724,1.6337,0.6614,0.5575,120.91,1.4975,1.4558
1999-05-06,1.0779,1.6377,0.6690,0.5635,120.77,1.4920,1.4555
1999-05-07,1.0781,1.6350,0.6709,0.5599,120.78,1.4910,1.4585
1999-05-10,1.0787,1.6300,0.6688,0.5600,120.68,1.4895,1.4605
1999-05-11,1.0720,1.6215,0.6712,0.5621,120.96,1.4998,1.4538
1999-05-12,1.0666,1.6193,0.6670,0.5600,120.86,1.5025,1.4608
1999-05-13,1.0626,1.6190,0.6679,0.5595,121.67,1.5080,1.4598
1999-05-14,1.0650,1.6175,0.6648,0.5578,122.64,1.5058,1.4635
1999-05-17,1.0672,1.6193,0.6662,0.5592,123.27,1.5013,1.4605
1999-05-18,1.0672,1.6203,0.6705,0.5618,123.24,1.5030,1.4607
1999-05-19,1.0641,1.6175,0.6633,0.5519,124.45,1.5050,1.4661
1999-05-20,1.0630,1.6122,0.6610,0.5480,124.15,1.5083,1.4658
1999-05-21,1.0577,1.6020,0.6595,0.5449,123.90,1.5175,1.4595
1999-05-24,1.0593,1.5978,0.6595,0.5465,123.57,1.5115,1.4559
1999-05-25,1.0587,1.6021,0.6580,0.5435,122.88,1.5050,1.4603
1999-05-26,1.0471,1.5963,0.6492,0.5335,122.03,1.5220,1.4720
1999-05-27,1.0439,1.5957,0.6485,0.5344,121.27,1.5265,1.4755
1999-05-28,1.0422,1.6020,0.6528,0.5355,120.88,1.5280,1.4725
1999-05-31,,,,,,,
1999-06-01,1.0449,1.6150,0.6415,0.5292,120.75,1.5230,1.4830
1999-06-02,1.0357,1.6075,0.6445,0.5256,121.14,1.5365,1.4805
1999-06-03,1.0355,1.6055,0.6477,0.5248,121.50,1.5375,1.4768
1999-06-04,1.0327,1.6074,0.6555,0.5320,121.99,1.5385,1.4696
1999-06-07,1.0296,1.6010,0.6583,0.5318,121.31,1.5425,1.4735
1999-06-08,1.0438,1.6050,0.6586,0.5305,119.88,1.5250,1.4700
1999-06-09,1.0450,1.6001,0.6585,0.5328,119.20,1.5250,1.4723
1999-06-10,1.0477,1.6002,0.6625,0.5355,118.85,1.5240,1.4620
1999-06-11,1.0516,1.6085,0.6643,0.5404,118.14,1.5195,1.4600
1999-06-14,1.0416,1.6075,0.6630,0.5385,120.40,1.5300,1.4608
1999-06-15,1.0420,1.5950,0.6580,0.5335,120.63,1.5315,1.4653
1999-06-16,1.0298,1.5862,0.6565,0.5340,120.03,1.5492,1.4585
1999-06-17,1.0329,1.5925,0.6575,0.5348,119.47,1.5455,1.4610
1999-06-18,1.0368,1.5924,0.6533,0.5312,120.48,1.5412,1.4645
1999-06-21,1.0323,1.5890,0.6508,0.5303,122.28,1.5458,1.4727
1999-06-22,1.0323,1.5895,0.6535,0.5310,121.68,1.5455,1.4705
1999-06-23,1.0316,1.5787,0.6568,0.5338,122.05,1.5478,1.4735
1999-06-24,1.0372,1.5833,0.6582,0.5363,121.83,1.5395,1.4710
1999-06-25,1.0448,1.5893,0.6618,0.5349,121.28,1.5290,1.4642
1999-06-28,1.0373,1.5822,0.6580,0.5330,121.30,1.5416,1.4695
1999-06-29,1.0337,1.5781,0.6580,0.5309,120.81,1.5495,1.4760
1999-06-30,1.0310,1.5765,0.6611,0.5295,120.94,1.5555,1.4735
1999-07-01,1.0236,1.5765,0.6665,0.5325,120.99,1.5690,1.4693
1999-07-02,1.0244,1.5792,0.6703,0.5335,121.13,1.5678,1.4645
1999-07-05,,,,,,,
1999-07-06,1.0249,1.5688,0.6657,0.5295,121.94,1.5650,1.4685
1999-07-07,1.0224,1.5602,0.6640,0.5255,122.19,1.5690,1.4700
1999-07-08,1.0198,1.5577,0.6655,0.5243,122.57,1.5731,1.4698
1999-07-09,1.0186,1.5515,0.6645,0.5265,122.37,1.5775,1.4735
1999-07-12,1.0139,1.5558,0.6620,0.5245,122.22,1.5828,1.4812
1999-07-13,1.0176,1.5566,0.6593,0.5225,121.38,1.5777,1.4828
1999-07-14,1.0215,1.5635,0.6592,0.5225,120.58,1.5717,1.4811
1999-07-15,1.0220,1.5665,0.6626,0.5253,120.49,1.5710,1.4826
1999-07-16,1.0203,1.5622,0.6602,0.5236,120.98,1.5745,1.4820
1999-07-19,1.0203,1.5630,0.6515,0.5203,119.18,1.5738,1.4918
1999-07-20,1.0420,1.5700,0.6483,0.5215,118.94,1.5405,1.4915
1999-07-21,1.0526,1.5766,0.6475,0.5276,118.25,1.5267,1.5011
1999-07-22,1.0509,1.5835,0.6466,0.5268,117.27,1.5285,1.5025
1999-07-23,1.0497,1.5780,0.6480,0.5305,116.51,1.5294,1.5076
1999-07-26,1.0651,1.5905,0.6473,0.5265,116.66,1.5069,1.5102
1999-07-27,1.0627,1.5895,0.6443,0.5233,116.23,1.5065,1.5135
1999-07-28,1.0644,1.5935,0.6442,0.5235,116.17,1.5020,1.5110
1999-07-29,1.0719,1.6130,0.6495,0.5278,115.19,1.4900,1.5085
1999-07-30,1.0694,1.6207,0.6522,0.5308,114.70,1.4925,1.5070
1999-08-02,1.0661,1.6145,0.6500,0.5270,114.51,1.4995,1.5079
1999-08-03,1.0680,1.6185,0.6535,0.5331,115.10,1.4975,1.4948
1999-08-04,1.0766,1.6200,0.6585,0.5360,114.20,1.4862,1.4898
1999-08-05,1.0793,1.6198,0.6545,0.5315,113.98,1.4805,1.4947
1999-08-06,1.0770,1.6147,0.6531,0.5290,114.60,1.4863,1.5035
1999-08-09,1.0694,1.6000,0.6500,0.5200,115.37,1.4972,1.5026
1999-08-10,1.0752,1.6180,0.6512,0.5273,114.44,1.4895,1.5000
1999-08-11,1.0660,1.6107,0.6485,0.5282,115.10,1.5024,1.4908
1999-08-12,1.0636,1.6090,0.6495,0.5298,115.76,1.5060,1.4853
1999-08-13,1.0568,1.6057,0.6517,0.5302,115.66,1.5157,1.4780
1999-08-16,1.0557,1.6011,0.6497,0.5262,114.83,1.5173,1.4815
1999-08-17,1.0525,1.6036,0.6485,0.5245,114.18,1.5215,1.4794
1999-08-18,1.0505,1.6004,0.6468,0.5328,112.30,1.5230,1.4832
1999-08-19,1.0643,1.6180,0.6365,0.5318,111.14,1.5025,1.4940
1999-08-20,1.0654,1.6133,0.6393,0.5339,111.44,1.4988,1.4942
1999-08-23,1.0553,1.6076,0.6359,0.5310,111.73,1.5145,1.4955
1999-08-24,1.0506,1.5946,0.6370,0.5270,111.53,1.5242,1.4955
1999-08-25,1.0461,1.5865,0.6334,0.5158,111.18,1.5315,1.4960
1999-08-26,1.0441,1.5876,0.6300,0.5120,111.83,1.5339,1.5026
1999-08-27,1.0460,1.5885,0.6320,0.5130,111.68,1.5303,1.4920
1999-08-30,1.0445,1.5875,0.6326,0.5128,111.13,1.5332,1.4925
1999-08-31,1.0581,1.6086,0.6380,0.5168,109.30,1.5130,1.4965
1999-09-01,1.0582,1.6023,0.6390,0.5140,109.35,1.5135,1.4858
1999-09-02,1.0689,1.6091,0.6447,0.5185,109.24,1.4938,1.4950
1999-09-03,1.0605,1.6028,0.6467,0.5186,110.09,1.5073,1.4909
1999-09-06,,,,,,,
1999-09-07,1.0581,1.6057,0.6465,0.5270,110.92,1.5108,1.4937
1999-09-08,1.0590,1.6185,0.6486,0.5277,110.99,1.5103,1.4870
1999-09-09,1.0543,1.6332,0.6520,0.5315,108.00,1.5172,1.4800
1999-09-10,1.0402,1.6183,0.6520,0.5330,109.00,1.5440,1.4747
1999-09-13,1.0400,1.6090,0.6573,0.5355,106.19,1.5425,1.4703
1999-09-14,1.0408,1.6085,0.6545,0.5295,105.33,1.5408,1.4745
1999-09-15,1.0385,1.6110,0.6487,0.5239,103.78,1.5455,1.4754
1999-09-16,1.0418,1.6250,0.6462,0.5241,105.10,1.5384,1.4780
1999-09-17,1.0399,1.6222,0.6481,0.5272,106.94,1.5441,1.4742
1999-09-20,1.0408,1.6230,0.6414,0.5215,106.42,1.5435,1.4785
1999-09-21,1.0460,1.6310,0.6470,0.5252,104.85,1.5328,1.4725
1999-09-22,1.0500,1.6363,0.6513,0.5245,104.03,1.5267,1.4685
1999-09-23,1.0415,1.6375,0.6482,0.5205,104.18,1.5393,1.4754
1999-09-24,1.0466,1.6428,0.6525,0.5180,104.14,1.5300,1.4739
1999-09-27,1.0431,1.6455,0.6525,0.5155,106.07,1.5361,1.4713
1999-09-28,1.0509,1.6485,0.6555,0.5130,106.14,1.5240,1.4645
1999-09-29,1.0613,1.6425,0.6530,0.5177,106.80,1.5075,1.4645
1999-09-30,1.0643,1.6457,0.6528,0.5170,106.82,1.5022,1.4695
1999-10-01,1.0718,1.6550,0.6540,0.5167,105.08,1.4867,1.4725
1999-10-04,1.0703,1.6555,0.6607,0.5222,106.35,1.4878,1.4705
1999-10-05,1.0693,1.6525,0.6633,0.5235,106.96,1.4894,1.4695
1999-10-06,1.0704,1.6560,0.6605,0.5213,107.54,1.4875,1.4695
1999-10-07,1.0721,1.6520,0.6602,0.5187,107.67,1.4860,1.4725
1999-10-08,1.0630,1.6520,0.6540,0.5142,107.38,1.5000,1.4739
1999-10-11,,,,,,,
1999-10-12,1.0737,1.6535,0.6555,0.5167,106.28,1.4832,1.4748
1999-10-13,1.0758,1.6532,0.6490,0.5116,107.45,1.4790,1.4815
1999-10-14,1.0799,1.6575,0.6500,0.5108,106.96,1.4735,1.4822
1999-10-15,1.0887,1.6684,0.6475,0.5113,105.43,1.4592,1.4853
1999-10-18,1.0863,1.6720,0.6440,0.5080,104.93,1.4620,1.4952
1999-10-19,1.0833,1.6708,0.6486,0.5110,105.50,1.4681,1.4910
1999-10-20,1.0765,1.6643,0.6463,0.5133,106.16,1.4790,1.4905
1999-10-21,1.0808,1.6765,0.6470,0.5147,105.96,1.4730,1.4860
1999-10-22,1.0678,1.6584,0.6503,0.5156,105.81,1.4975,1.4759
1999-10-25,1.0666,1.6631,0.6508,0.5150,105.35,1.4992,1.4748
1999-10-26,1.0578,1.6525,0.6503,0.5136,104.83,1.5135,1.4715
1999-10-27,1.0532,1.6477,0.6436,0.5075,104.24,1.5200,1.4709
1999-10-28,1.0519,1.6400,0.6457,0.5106,105.13,1.5238,1.4722
1999-10-29,1.0518,1.6425,0.6376,0.5068,104.29,1.5243,1.4720
1999-11-01,1.0494,1.6404,0.6382,0.5080,104.19,1.5291,1.4684
1999-11-02,1.0506,1.6445,0.6405,0.5095,104.15,1.5305,1.4690
1999-11-03,1.0485,1.6440,0.6437,0.5120,105.00,1.5344,1.4688
1999-11-04,1.0440,1.6375,0.6383,0.5145,104.48,1.5436,1.4650
1999-11-05,1.0400,1.6205,0.6385,0.5125,106.33,1.5513,1.4630
1999-11-08,1.0363,1.6150,0.6365,0.5100,105.77,1.5535,1.4683
1999-11-09,1.0401,1.6210,0.6375,0.5090,104.86,1.5465,1.4735
1999-11-10,1.0436,1.6250,0.6402,0.5112,104.58,1.5398,1.4708
1999-11-11,,,,,,,
1999-11-12,1.0315,1.6131,0.6431,0.5156,105.34,1.5575,1.4620
1999-11-15,1.0315,1.6230,0.6467,0.5212,104.88,1.5560,1.4650
1999-11-16,1.0312,1.6164,0.6417,0.5182,105.83,1.5542,1.4698
1999-11-17,1.0403,1.6231,0.6394,0.5142,105.47,1.5411,1.4675
1999-11-18,1.0297,1.6150,0.6395,0.5130,105.85,1.5564,1.4635
1999-11-19,1.0313,1.6160,0.6390,0.5092,106.13,1.5543,1.4628
1999-11-22,1.0327,1.6205,0.6376,0.5104,104.87,1.5510,1.4620
1999-11-23,1.0261,1.6236,0.6356,0.5110,104.20,1.5590,1.4650
1999-11-24,1.0176,1.6090,0.6323,0.5102,104.62,1.5721,1.4685
1999-11-25,,,,,,,
1999-11-26,1.0137,1.6062,0.6345,0.5110,102.19,1.5795,1.4685
1999-11-29,1.0100,1.6024,0.6368,0.5120,102.43,1.5878,1.4752
1999-11-30,1.0077,1.5935,0.6371,0.5103,101.80,1.5893,1.4720
1999-12-01,1.0059,1.5960,0.6354,0.5101,102.37,1.5920,1.4750
1999-12-02,1.0023,1.5972,0.6330,0.5078,102.69,1.5950,1.4795
1999-12-03,1.0016,1.6015,0.6332,0.5047,102.55,1.5925,1.4793
1999-12-06,1.0252,1.6230,0.6348,0.5064,103.10,1.5608,1.4742
1999-12-07,1.0222,1.6233,0.6362,0.5068,102.39,1.5645,1.4750
1999-12-08,1.0263,1.6255,0.6380,0.5086,102.97,1.5600,1.4794
1999-12-09,1.0161,1.6230,0.6396,0.5071,102.57,1.5741,1.4745
1999-12-10,1.0158,1.6225,0.6365,0.4935,102.40,1.5745,1.4787
1999-12-13,1.0120,1.6232,0.6330,0.4908,103.26,1.5834,1.4796
1999-12-14,1.0067,1.6110,0.6352,0.4948,103.47,1.5895,1.4823
1999-12-15,1.0066,1.6085,0.6357,0.4926,103.54,1.5903,1.4837
1999-12-16,1.0169,1.6123,0.6425,0.5080,103.04,1.5758,1.4785
1999-12-17,1.0088,1.6070,0.6426,0.5070,103.27,1.5888,1.4778
1999-12-20,1.0066,1.6035,0.6416,0.5048,102.72,1.5900,1.4800
1999-12-21,1.0093,1.6103,0.6433,0.5137,102.06,1.5847,1.4796
1999-12-22,1.0080,1.6060,0.6436,0.5128,101.53,1.5863,1.4769
1999-12-23,1.0162,1.6161,0.6453,0.5160,101.73,1.5770,1.4735
1999-12-24,1.0128,1.6154,0.6427,0.5140,102.95,1.5855,1.4685
1999-12-27,1.0136,1.6173,0.6448,0.5175,102.10,1.5835,1.4623
1999-12-28,1.0068,1.6165,0.6450,0.5171,102.19,1.5940,1.4545
1999-12-29,1.0045,1.6168,0.6503,0.5209,102.05,1.5977,1.4507
1999-12-30,1.0024,1.6130,0.6539,0.5217,102.33,1.6015,1.4533
1999-12-31,1.0070,1.6150,0.6560,0.5234,102.16,1.5930,1.4440
2000-01-03,1.0155,1.6270,0.6591,0.5254,101.70,1.5808,1.4465
2000-01-04,1.0309,1.6370,0.6562,0.5198,103.09,1.5565,1.4518
2000-01-05,1.0335,1.6415,0.6550,0.5171,103.77,1.5526,1.4518
2000-01-06,1.0324,1.6475,0.6540,0.5145,105.19,1.5540,1.4571
2000-01-07,1.0294,1.6384,0.6548,0.5160,105.17,1.5623,1.4505
2000-01-10,1.0252,1.6374,0.6561,0.5168,105.28,1.5704,1.4568
2000-01-11,1.0322,1.6480,0.6575,0.5164,106.09,1.5605,1.4570
2000-01-12,1.0281,1.6465,0.6578,0.5185,105.76,1.5660,1.4550
2000-01-13,1.0270,1.6482,0.6687,0.5240,106.09,1.5707,1.4495
2000-01-14,1.0128,1.6353,0.6665,0.5212,105.86,1.5945,1.4497
2000-01-17,,,,,,,
2000-01-18,1.0121,1.6380,0.6640,0.5170,105.49,1.5942,1.4502
2000-01-19,1.0115,1.6438,0.6634,0.5155,105.39,1.5965,1.4527
2000-01-20,1.0133,1.6538,0.6666,0.5132,105.45,1.5915,1.4484
2000-01-21,1.0100,1.6504,0.6621,0.5104,104.96,1.5973,1.4420
2000-01-24,1.0019,1.6520,0.6544,0.5061,105.52,1.6090,1.4400
2000-01-25,1.0041,1.6482,0.6542,0.5068,105.87,1.6085,1.4389
2000-01-26,1.0011,1.6395,0.6505,0.5060,105.85,1.6102,1.4379
2000-01-27,0.9890,1.6363,0.6550,0.5072,104.91,1.6317,1.4350
2000-01-28,0.9765,1.6210,0.6265,0.4870,107.15,1.6485,1.4495
2000-01-31,0.9757,1.6182,0.6382,0.4953,107.33,1.6495,1.4517
2000-02-01,0.9731,1.6150,0.6315,0.4904,107.67,1.6540,1.4468
2000-02-02,0.9768,1.6060,0.6360,0.4898,108.40,1.6502,1.4435
2000-02-03,0.9887,1.6025,0.6387,0.4967,107.92,1.6255,1.4417
2000-02-04,0.9760,1.5915,0.6315,0.4930,107.54,1.6470,1.4467
2000-02-07,0.9783,1.5917,0.6339,0.4936,108.75,1.6426,1.4457
2000-02-08,0.9862,1.6105,0.6353,0.4940,109.59,1.6301,1.4473
2000-02-09,0.9914,1.6115,0.6345,0.4920,109.11,1.6232,1.4443
2000-02-10,0.9865,1.6057,0.6320,0.4935,108.74,1.6280,1.4500
2000-02-11,0.9847,1.5923,0.6282,0.4915,108.99,1.6305,1.4515
2000-02-14,0.9783,1.5890,0.6279,0.4868,108.65,1.6435,1.4547
2000-02-15,0.9834,1.5950,0.6300,0.4870,108.75,1.6330,1.4585
2000-02-16,0.9842,1.6040,0.6301,0.4899,109.38,1.6302,1.4520
2000-02-17,0.9863,1.6050,0.6320,0.4937,110.27,1.6274,1.4522
2000-02-18,0.9850,1.5984,0.6292,0.4909,110.88,1.6282,1.4512
2000-02-21,,,,,,,
2000-02-22,1.0060,1.6165,0.6257,0.4917,111.04,1.5983,1.4595
2000-02-23,1.0017,1.6047,0.6196,0.4855,111.11,1.6082,1.4651
2000-02-24,0.9931,1.5981,0.6144,0.4867,110.95,1.6200,1.4587
2000-02-25,0.9763,1.5908,0.6175,0.4882,110.98,1.6475,1.4505
2000-02-28,0.9669,1.5935,0.6116,0.4846,109.17,1.6615,1.4538
2000-02-29,0.9643,1.5780,0.6155,0.4865,109.88,1.6665,1.4505
2000-03-01,0.9700,1.5849,0.6067,0.4853,107.10,1.6568,1.4470
2000-03-02,0.9619,1.5765,0.6077,0.4878,107.37,1.6714,1.4543
2000-03-03,0.9618,1.5810,0.6082,0.4878,107.80,1.6712,1.4510
2000-03-06,0.9603,1.5732,0.6016,0.4810,107.74,1.6750,1.4555
2000-03-07,0.9560,1.5772,0.6035,0.4836,106.20,1.6810,1.4527
2000-03-08,0.9576,1.5855,0.6094,0.4875,106.89,1.6770,1.4592
2000-03-09,0.9684,1.5815,0.6155,0.4917,106.45,1.6595,1.4570
2000-03-10,0.9659,1.5793,0.6136,0.4950,106.27,1.6661,1.4575
2000-03-13,0.9648,1.5782,0.6165,0.4933,105.32,1.6702,1.4614
2000-03-14,0.9644,1.5725,0.6140,0.4904,104.85,1.6715,1.4632
2000-03-15,0.9696,1.5730,0.6125,0.4885,105.58,1.6618,1.4680
2000-03-16,0.9710,1.5747,0.6107,0.4878,105.63,1.6593,1.4724
2000-03-17,0.9694,1.5705,0.6067,0.4845,106.10,1.6620,1.4728
2000-03-20,0.9710,1.5686,0.6065,0.4835,106.50,1.6605,1.4703
2000-03-21,0.9703,1.5725,0.6100,0.4903,106.91,1.6615,1.4662
2000-03-22,0.9608,1.5705,0.6056,0.4876,106.77,1.6750,1.4720
2000-03-23,0.9691,1.5830,0.6041,0.4875,107.45,1.6522,1.4727
2000-03-24,0.9724,1.5910,0.6064,0.4883,107.25,1.6333,1.4650
2000-03-27,0.9645,1.5855,0.6114,0.4932,107.13,1.6468,1.4605
2000-03-28,0.9614,1.5872,0.6141,0.5025,105.90,1.6551,1.4541
2000-03-29,0.9524,1.5870,0.6124,0.5015,105.60,1.6725,1.4555
2000-03-30,0.9594,1.5922,0.6125,0.4990,105.53,1.6605,1.4557
2000-03-31,0.9574,1.5922,0.6062,0.4960,102.73,1.6630,1.4538
2000-04-03,0.9560,1.5980,0.6073,0.4998,104.82,1.6587,1.4548
2000-04-04,0.9588,1.5965,0.6032,0.5007,105.33,1.6500,1.4531
2000-04-05,0.9647,1.5900,0.6053,0.5033,105.00,1.6330,1.4548
2000-04-06,0.9580,1.5800,0.6016,0.5010,104.78,1.6390,1.4515
2000-04-07,0.9590,1.5830,0.6003,0.5003,105.33,1.6383,1.4574
2000-04-10,0.9588,1.5828,0.5991,0.4985,106.37,1.6435,1.4615
2000-04-11,0.9591,1.5873,0.5957,0.4984,106.95,1.6415,1.4635
2000-04-12,0.9551,1.5882,0.5970,0.4975,105.86,1.6490,1.4623
2000-04-13,0.9524,1.5881,0.5963,0.4978,105.76,1.6520,1.4661
2000-04-14,0.9564,1.5860,0.5972,0.4976,105.12,1.6408,1.4767
2000-04-17,0.9550,1.5853,0.5913,0.4945,104.19,1.6440,1.4855
2000-04-18,0.9477,1.5764,0.5946,0.4953,104.59,1.6603,1.4837
2000-04-19,0.9369,1.5777,0.5957,0.4985,104.94,1.6755,1.4761
2000-04-20,0.9376,1.5801,0.5931,0.4950,105.45,1.6772,1.4725
2000-04-21,0.9379,1.5785,0.5925,0.4935,105.88,1.6760,1.4750
2000-04-24,0.9396,1.5800,0.5945,0.4946,105.66,1.6712,1.4763
2000-04-25,0.9265,1.5787,0.5956,0.4955,105.71,1.6985,1.4699
2000-04-26,0.9217,1.5795,0.5890,0.4865,106.46,1.7085,1.4758
2000-04-27,0.9083,1.5748,0.5875,0.4858,106.36,1.7310,1.4792
2000-04-28,0.9089,1.5560,0.5837,0.4855,107.98,1.7250,1.4818
2000-05-01,0.9120,1.5558,0.5800,0.4835,108.89,1.7135,1.4783
2000-05-02,0.9068,1.5590,0.5857,0.4859,108.63,1.7185,1.4857
2000-05-03,0.8891,1.5605,0.5900,0.4890,109.14,1.7369,1.4923
2000-05-04,0.8907,1.5435,0.5914,0.4908,108.17,1.7353,1.4980
2000-05-05,0.8953,1.5288,0.5935,0.4893,108.53,1.7323,1.4980
2000-05-08,0.8950,1.5310,0.5870,0.4847,109.03,1.7305,1.4927
2000-05-09,0.9023,1.5315,0.5828,0.4790,109.61,1.7219,1.4945
2000-05-10,0.9097,1.5153,0.5815,0.4775,109.33,1.7150,1.4955
2000-05-11,0.9021,1.4997,0.5790,0.4777,108.47,1.7252,1.4900
2000-05-12,0.9080,1.5172,0.5810,0.4795,108.74,1.7090,1.4872
2000-05-15,0.9138,1.5075,0.5739,0.4741,109.48,1.7033,1.4897
2000-05-16,0.9053,1.5008,0.5773,0.4730,109.75,1.7152,1.4862
2000-05-17,0.8921,1.4905,0.5685,0.4610,109.53,1.7398,1.4992
2000-05-18,0.8952,1.4818,0.5703,0.4527,108.70,1.7377,1.5007
2000-05-19,0.8946,1.4855,0.5728,0.4565,106.89,1.7347,1.4963
2000-05-22,0.9036,1.4907,0.5740,0.4593,107.02,1.7185,1.4983
2000-05-23,0.9032,1.4728,0.5747,0.4587,106.72,1.7295,1.5036
2000-05-24,0.9096,1.4755,0.5713,0.4540,107.58,1.7208,1.5085
2000-05-25,0.9072,1.4705,0.5700,0.4566,107.48,1.7210,1.5057
2000-05-26,0.9310,1.4875,0.5716,0.4585,107.18,1.6828,1.5045
2000-05-29,,,,,,,
2000-05-30,0.9314,1.4950,0.5768,0.4601,106.44,1.6885,1.5036
2000-05-31,0.9328,1.4968,0.5708,0.4572,107.74,1.6883,1.4977
2000-06-01,0.9307,1.4915,0.5721,0.4561,108.74,1.6878,1.4910
2000-06-02,0.9432,1.5079,0.5790,0.4664,108.15,1.6680,1.4785
2000-06-05,0.9471,1.5135,0.5812,0.4675,107.44,1.6630,1.4779
2000-06-06,0.9570,1.5235,0.5887,0.4738,105.64,1.6430,1.4780
2000-06-07,0.9600,1.5225,0.5900,0.4720,105.50,1.6365,1.4785
2000-06-08,0.9548,1.5060,0.5878,0.4685,105.86,1.6410,1.4800
2000-06-09,0.9526,1.5079,0.5864,0.4680,106.78,1.6443,1.4765
2000-06-12,0.9544,1.5120,0.5912,0.4707,106.65,1.6356,1.4765
2000-06-13,0.9619,1.5130,0.5973,0.4720,106.79,1.6255,1.4697
2000-06-14,0.9590,1.5023,0.6007,0.4757,106.89,1.6318,1.4695
2000-06-15,0.9530,1.5103,0.6015,0.4690,106.52,1.6386,1.4758
2000-06-16,0.9648,1.5165,0.6083,0.4785,106.22,1.6178,1.4708
2000-06-19,0.9622,1.5154,0.6024,0.4730,105.74,1.6230,1.4657
2000-06-20,0.9557,1.5100,0.6037,0.4751,105.42,1.6280,1.4708
2000-06-21,0.9455,1.4970,0.6026,0.4752,105.50,1.6390,1.4729
2000-06-22,0.9398,1.5110,0.5993,0.4728,104.40,1.6455,1.4725
2000-06-23,0.9358,1.5010,0.5964,0.4715,104.59,1.6565,1.4793
2000-06-26,0.9382,1.4990,0.5965,0.4695,105.66,1.6510,1.4830
2000-06-27,0.9444,1.5000,0.6012,0.4720,105.53,1.6379,1.4825
2000-06-28,0.9444,1.5107,0.6023,0.4650,105.51,1.6420,1.4838
2000-06-29,0.9515,1.5194,0.6029,0.4692,105.09,1.6375,1.4820
2000-06-30,0.9545,1.5130,0.5971,0.4690,106.14,1.6317,1.4798
2000-07-03,0.9526,1.5135,0.5996,0.4675,105.64,1.6323,1.4793
2000-07-04,,,,,,,
2000-07-05,0.9548,1.5120,0.5907,0.4608,106.91,1.6220,1.4909
2000-07-06,0.9527,1.5120,0.5909,0.4605,107.37,1.6250,1.4850
2000-07-07,0.9484,1.5143,0.5901,0.4605,107.81,1.6278,1.4810
2000-07-10,0.9521,1.5137,0.5912,0.4611,107.10,1.6275,1.4798
2000-07-11,0.9497,1.5140,0.5891,0.4597,106.93,1.6335,1.4785
2000-07-12,0.9401,1.5068,0.5890,0.4595,108.36,1.6510,1.4815
2000-07-13,0.9339,1.4990,0.5855,0.4597,108.27,1.6608,1.4809
2000-07-14,0.9374,1.4990,0.5847,0.4612,107.88,1.6532,1.4845
2000-07-17,0.9351,1.4920,0.5855,0.4579,108.53,1.6575,1.4813
2000-07-18,0.9322,1.4945,0.5844,0.4576,108.30,1.6608,1.4783
2000-07-19,0.9237,1.4942,0.5750,0.4540,108.20,1.6781,1.4758
2000-07-20,0.9292,1.5094,0.5816,0.4609,107.89,1.6680,1.4748
2000-07-21,0.9343,1.5167,0.5865,0.4630,109.08,1.6638,1.4715
2000-07-24,0.9314,1.5140,0.5860,0.4597,108.92,1.6700,1.4639
2000-07-25,0.9391,1.5190,0.5849,0.4597,109.30,1.6528,1.4653
2000-07-26,0.9413,1.5154,0.5904,0.4607,109.28,1.6493,1.4665
2000-07-27,0.9331,1.5116,0.5891,0.4584,109.15,1.6605,1.4713
2000-07-28,0.9246,1.5025,0.5872,0.4573,109.63,1.6753,1.4776
2000-07-31,0.9266,1.4983,0.5787,0.4540,109.68,1.6689,1.4880
2000-08-01,0.9228,1.4992,0.5805,0.4546,109.47,1.6758,1.4892
2000-08-02,0.9137,1.4926,0.5830,0.4542,108.77,1.6887,1.4813
2000-08-03,0.9042,1.4947,0.5844,0.4548,108.36,1.7087,1.4844
2000-08-04,0.9075,1.5022,0.5832,0.4545,108.54,1.7053,1.4889
2000-08-07,0.9105,1.5070,0.5862,0.4542,108.99,1.7005,1.4875
2000-08-08,0.9019,1.5022,0.5868,0.4538,108.64,1.7147,1.4889
2000-08-09,0.8991,1.4992,0.5786,0.4511,107.99,1.7187,1.4848
2000-08-10,0.9077,1.4980,0.5818,0.4518,108.70,1.7065,1.4826
2000-08-11,0.9046,1.5040,0.5795,0.4486,108.68,1.7181,1.4839
2000-08-14,0.9037,1.5060,0.5810,0.4507,109.52,1.7214,1.4847
2000-08-15,0.9135,1.5056,0.5831,0.4483,109.00,1.7095,1.4870
2000-08-16,0.9143,1.4988,0.5897,0.4510,108.55,1.7093,1.4774
2000-08-17,0.9152,1.4992,0.5935,0.4530,108.48,1.7085,1.4759
2000-08-18,0.9068,1.4895,0.5905,0.4498,108.43,1.7235,1.4747
2000-08-21,0.9027,1.4900,0.5890,0.4500,108.53,1.7275,1.4765
2000-08-22,0.8965,1.4797,0.5802,0.4435,108.34,1.7405,1.4756
2000-08-23,0.8967,1.4813,0.5708,0.4283,107.02,1.7282,1.4877
2000-08-24,0.9028,1.4806,0.5725,0.4338,106.89,1.7117,1.4871
2000-08-25,0.9024,1.4745,0.5737,0.4357,107.17,1.7095,1.4828
2000-08-28,0.9002,1.4716,0.5715,0.4340,106.45,1.7130,1.4845
2000-08-29,0.8966,1.4616,0.5713,0.4295,106.20,1.7238,1.4868
2000-08-30,0.8924,1.4560,0.5720,0.4267,106.47,1.7360,1.4805
2000-08-31,0.8878,1.4515,0.5764,0.4268,106.66,1.7425,1.4720
2000-09-01,0.8993,1.4605,0.5765,0.4283,105.78,1.7230,1.4742
2000-09-04,,,,,,,
2000-09-05,0.8876,1.4522,0.5699,0.4262,105.88,1.7488,1.4752
2000-09-06,0.8702,1.4455,0.5655,0.4250,106.08,1.7780,1.4843
2000-09-07,0.8740,1.4380,0.5579,0.4172,105.10,1.7720,1.4777
2000-09-08,0.8664,1.4196,0.5557,0.4186,106.03,1.7869,1.4781
2000-09-11,0.8624,1.4123,0.5590,0.4290,105.97,1.7715,1.4800
2000-09-12,0.8596,1.4020,0.5586,0.4262,106.93,1.7710,1.4825
2000-09-13,0.8640,1.4125,0.5550,0.4220,107.11,1.7635,1.4838
2000-09-14,0.8617,1.4060,0.5490,0.4231,107.25,1.7736,1.4869
2000-09-15,0.8572,1.4005,0.5450,0.4180,107.33,1.7805,1.4844
2000-09-18,0.8523,1.4015,0.5417,0.4112,106.87,1.7870,1.4905
2000-09-19,0.8514,1.4080,0.5420,0.4130,107.02,1.7765,1.4880
2000-09-20,0.8462,1.4107,0.5372,0.4047,106.77,1.7845,1.4833
2000-09-21,0.8558,1.4280,0.5428,0.4060,106.50,1.7715,1.4873
2000-09-22,0.8793,1.4568,0.5455,0.4115,107.94,1.7295,1.4892
2000-09-25,0.8738,1.4540,0.5490,0.4111,107.63,1.7390,1.4890
2000-09-26,0.8815,1.4600,0.5506,0.4142,107.63,1.7279,1.4880
2000-09-27,0.8805,1.4607,0.5510,0.4147,107.44,1.7325,1.4962
2000-09-28,0.8826,1.4635,0.5490,0.4140,107.59,1.7288,1.5030
2000-09-29,0.8837,1.4787,0.5415,0.4075,107.90,1.7265,1.5070
2000-10-02,0.8806,1.4675,0.5450,0.4035,108.81,1.7322,1.5108
2000-10-03,0.8741,1.4565,0.5400,0.4047,108.66,1.7365,1.5060
2000-10-04,0.8726,1.4558,0.5365,0.4030,109.29,1.7395,1.4990
2000-10-05,0.8685,1.4502,0.5350,0.4010,109.30,1.7491,1.4954
2000-10-06,0.8680,1.4445,0.5339,0.4020,108.81,1.7515,1.5013
2000-10-09,,,,,,,
2000-10-10,0.8682,1.4484,0.5339,0.4032,107.90,1.7515,1.5014
2000-10-11,0.8715,1.4620,0.5360,0.4061,107.63,1.7328,1.5043
2000-10-12,0.8644,1.4735,0.5320,0.3978,107.58,1.7415,1.5085
2000-10-13,0.8568,1.4597,0.5297,0.3982,107.67,1.7595,1.5135
2000-10-16,0.8489,1.4455,0.5230,0.3950,108.30,1.7790,1.5195
2000-10-17,0.8507,1.4426,0.5188,0.3937,108.15,1.7773,1.5184
2000-10-18,0.8391,1.4464,0.5187,0.3920,107.78,1.7875,1.5200
2000-10-19,0.8406,1.4422,0.5210,0.3945,108.55,1.7875,1.5112
2000-10-20,0.8400,1.4448,0.5280,0.4008,109.04,1.7885,1.5119
2000-10-23,0.8364,1.4550,0.5274,0.4015,108.45,1.7985,1.5080
2000-10-24,0.8364,1.4490,0.5256,0.4027,108.08,1.8005,1.5118
2000-10-25,0.8270,1.4335,0.5191,0.3998,108.05,1.8165,1.5164
2000-10-26,0.8271,1.4313,0.5185,0.4000,108.36,1.8250,1.5187
2000-10-27,0.8406,1.4517,0.5233,0.4025,108.75,1.8065,1.5275
2000-10-30,0.8432,1.4530,0.5235,0.4035,108.99,1.8068,1.5311
2000-10-31,0.8486,1.4505,0.5181,0.3962,109.15,1.7978,1.5273
2000-11-01,0.8584,1.4452,0.5227,0.3955,108.48,1.7765,1.5263
2000-11-02,0.8594,1.4440,0.5208,0.3942,108.39,1.7799,1.5333
2000-11-03,0.8614,1.4484,0.5249,0.3960,107.58,1.7667,1.5348
2000-11-06,0.8584,1.4320,0.5280,0.3993,107.34,1.7725,1.5305
2000-11-07,0.8583,1.4310,0.5280,0.3985,107.30,1.7728,1.5315
2000-11-08,0.8559,1.4236,0.5264,0.3975,107.57,1.7775,1.5432
2000-11-09,0.8574,1.4242,0.5252,0.3995,107.41,1.7739,1.5455
2000-11-10,0.8625,1.4305,0.5220,0.3970,107.83,1.7657,1.5460
2000-11-13,0.8607,1.4388,0.5205,0.3958,107.70,1.7637,1.5472
2000-11-14,0.8573,1.4306,0.5190,0.3958,108.15,1.7723,1.5445
2000-11-15,0.8570,1.4257,0.5203,0.3985,108.75,1.7815,1.5510
2000-11-16,0.8532,1.4228,0.5183,0.3970,109.08,1.7883,1.5523
2000-11-17,0.8516,1.4230,0.5190,0.4005,108.86,1.7915,1.5600
2000-11-20,0.8486,1.4222,0.5134,0.3972,109.79,1.8000,1.5592
2000-11-21,0.8458,1.4160,0.5112,0.3932,110.29,1.7995,1.5553
2000-11-22,0.8423,1.4077,0.5194,0.3993,110.16,1.8050,1.5473
2000-11-23,,,,,,,
2000-11-24,0.8382,1.3997,0.5215,0.3993,111.38,1.8085,1.5396
2000-11-27,0.8500,1.4155,0.5261,0.4060,110.70,1.7803,1.5348
2000-11-28,0.8547,1.4182,0.5223,0.4057,110.23,1.7633,1.5371
2000-11-29,0.8577,1.4209,0.5228,0.4042,111.28,1.7595,1.5405
2000-11-30,0.8694,1.4210,0.5262,0.4092,110.93,1.7365,1.5355
2000-12-01,0.8765,1.4373,0.5372,0.4150,111.15,1.7285,1.5389
2000-12-04,0.8875,1.4523,0.5431,0.4216,111.07,1.7060,1.5458
2000-12-05,0.8804,1.4410,0.5405,0.4209,111.00,1.7153,1.5438
2000-12-06,0.8877,1.4365,0.5448,0.4250,110.42,1.7078,1.5323
2000-12-07,0.8891,1.4400,0.5470,0.4272,110.70,1.7015,1.5223
2000-12-08,0.8838,1.4442,0.5445,0.4274,111.29,1.7063,1.5205
2000-12-11,0.8771,1.4554,0.5400,0.4227,110.77,1.7150,1.5227
2000-12-12,0.8775,1.4480,0.5420,0.4214,111.50,1.7144,1.5249
2000-12-13,0.8755,1.4510,0.5380,0.4205,112.40,1.7175,1.5205
2000-12-14,0.8858,1.4665,0.5397,0.4211,112.42,1.6990,1.5165
2000-12-15,0.8981,1.4763,0.5458,0.4279,112.55,1.6795,1.5174
2000-12-18,0.8929,1.4677,0.5416,0.4310,112.06,1.6845,1.5254
2000-12-19,0.8902,1.4620,0.5435,0.4292,112.55,1.6940,1.5220
2000-12-20,0.9058,1.4737,0.5491,0.4356,112.58,1.6765,1.5215
2000-12-21,0.9112,1.4707,0.5533,0.4384,112.18,1.6722,1.5185
2000-12-22,0.9230,1.4783,0.5550,0.4405,112.75,1.6485,1.5168
2000-12-25,,,,,,,
2000-12-26,0.9292,1.4800,0.5588,0.4420,113.62,1.6342,1.5099
2000-12-27,0.9304,1.4912,0.5590,0.4435,114.20,1.6435,1.5110
2000-12-28,0.9257,1.4907,0.5522,0.4398,114.62,1.6450,1.5073
2000-12-29,0.9388,1.4955,0.5560,0.4423,114.35,1.6202,1.4995
2001-01-01,,,,,,,
2001-01-02,0.9465,1.4977,0.5592,0.4432,114.73,1.6075,1.4963
2001-01-03,0.9473,1.5045,0.5635,0.4463,114.26,1.6025,1.4982
2001-01-04,0.9448,1.4930,0.5655,0.4457,115.47,1.6115,1.4985
2001-01-05,0.9535,1.4990,0.5712,0.4518,116.19,1.6025,1.5003
2001-01-08,0.9486,1.4969,0.5660,0.4505,115.97,1.6076,1.4944
2001-01-09,0.9397,1.4900,0.5628,0.4475,116.64,1.6210,1.4973
2001-01-10,0.9387,1.4910,0.5572,0.4447,116.26,1.6255,1.4993
2001-01-11,0.9520,1.4965,0.5595,0.4495,117.56,1.6123,1.4978
2001-01-12,0.9486,1.4778,0.5557,0.4452,117.76,1.6232,1.4967
2001-01-15,,,,,,,
2001-01-16,0.9374,1.4675,0.5549,0.4450,117.28,1.6390,1.5037
2001-01-17,0.9306,1.4723,0.5514,0.4440,118.35,1.6520,1.5123
2001-01-18,0.9446,1.4755,0.5562,0.4472,117.78,1.6195,1.5162
2001-01-19,0.9363,1.4683,0.5570,0.4482,117.23,1.6334,1.5155
2001-01-22,0.9374,1.4650,0.5544,0.4467,116.62,1.6370,1.5072
2001-01-23,0.9389,1.4715,0.5528,0.4456,116.95,1.6330,1.5073
2001-01-24,0.9258,1.4616,0.5449,0.4392,118.18,1.6547,1.5126
2001-01-25,0.9219,1.4605,0.5451,0.4345,116.91,1.6558,1.5080
2001-01-26,0.9213,1.4590,0.5432,0.4354,117.16,1.6582,1.5066
2001-01-29,0.9181,1.4570,0.5432,0.4340,116.67,1.6560,1.5010
2001-01-30,0.9264,1.4615,0.5474,0.4410,115.75,1.6455,1.4985
2001-01-31,0.9308,1.4613,0.5480,0.4425,116.39,1.6425,1.4995
2001-02-01,0.9384,1.4775,0.5540,0.4477,115.33,1.6330,1.4948
2001-02-02,0.9357,1.4692,0.5521,0.4450,115.65,1.6425,1.4933
2001-02-05,0.9395,1.4750,0.5508,0.4422,114.99,1.6355,1.5050
2001-02-06,0.9304,1.4585,0.5490,0.4431,114.88,1.6538,1.5080
2001-02-07,0.9331,1.4633,0.5462,0.4436,116.21,1.6475,1.5110
2001-02-08,0.9184,1.4440,0.5361,0.4341,116.30,1.6707,1.5117
2001-02-09,0.9267,1.4490,0.5367,0.4385,117.57,1.6560,1.5090
2001-02-12,0.9287,1.4513,0.5381,0.4364,117.62,1.6557,1.5205
2001-02-13,0.9204,1.4510,0.5337,0.4340,117.30,1.6683,1.5214
2001-02-14,0.9197,1.4578,0.5282,0.4287,116.65,1.6690,1.5287
2001-02-15,0.9057,1.4490,0.5240,0.4250,115.67,1.6920,1.5275
2001-02-16,0.9162,1.4505,0.5305,0.4303,115.46,1.6763,1.5368
2001-02-19,,,,,,,
2001-02-20,0.9096,1.4436,0.5224,0.4278,115.57,1.6870,1.5399
2001-02-21,0.9077,1.4385,0.5234,0.4295,116.45,1.6897,1.5370
2001-02-22,0.9069,1.4447,0.5246,0.4302,116.53,1.6903,1.5378
2001-02-23,0.9095,1.4470,0.5218,0.4305,116.15,1.6885,1.5378
2001-02-26,0.9093,1.4440,0.5213,0.4271,116.63,1.6895,1.5314
2001-02-27,0.9128,1.4405,0.5236,0.4318,116.20,1.6837,1.5261
2001-02-28,0.9212,1.4433,0.5248,0.4303,117.28,1.6736,1.5320
2001-03-01,0.9291,1.4553,0.5262,0.4330,117.33,1.6557,1.5465
2001-03-02,0.9340,1.4725,0.5292,0.4375,119.06,1.6465,1.5489
2001-03-05,0.9289,1.4687,0.5218,0.4327,119.08,1.6538,1.5475
2001-03-06,0.9313,1.4655,0.5170,0.4308,118.87,1.6523,1.5388
2001-03-07,0.9274,1.4612,0.5090,0.4230,119.86,1.6582,1.5492
2001-03-08,0.9281,1.4667,0.5089,0.4210,119.51,1.6593,1.5497
2001-03-09,0.9315,1.4675,0.5085,0.4195,119.71,1.6545,1.5480
2001-03-12,0.9300,1.4670,0.5096,0.4204,120.63,1.6555,1.5505
2001-03-13,0.9148,1.4513,0.5031,0.4157,120.20,1.6838,1.5477
2001-03-14,0.9133,1.4497,0.4981,0.4162,120.97,1.6840,1.5528
2001-03-15,0.9046,1.4436,0.4944,0.4119,122.23,1.7002,1.5595
2001-03-16,0.8929,1.4265,0.4940,0.4135,122.85,1.7160,1.5669
2001-03-19,0.8985,1.4237,0.4984,0.4180,122.57,1.7068,1.5698
2001-03-20,0.9054,1.4285,0.4997,0.4182,122.73,1.6957,1.5611
2001-03-21,0.8970,1.4310,0.4936,0.4145,123.62,1.7085,1.5730
2001-03-22,0.8881,1.4223,0.4913,0.4137,123.84,1.7233,1.5742
2001-03-23,0.8926,1.4292,0.4963,0.4167,122.64,1.7155,1.5667
2001-03-26,0.8955,1.4345,0.4990,0.4145,122.81,1.7155,1.5545
2001-03-27,0.8910,1.4290,0.4963,0.4110,122.99,1.7198,1.5693
2001-03-28,0.8882,1.4352,0.4936,0.4093,122.62,1.7245,1.5668
2001-03-29,0.8807,1.4302,0.4921,0.4065,123.45,1.7323,1.5725
2001-03-30,0.8794,1.4190,0.4881,0.4033,125.54,1.7360,1.5784
2001-04-02,0.8824,1.4200,0.4828,0.3993,126.75,1.7317,1.5750
2001-04-03,0.8930,1.4305,0.4860,0.4030,125.41,1.7120,1.5790
2001-04-04,0.9013,1.4350,0.4893,0.4045,125.38,1.6951,1.5697
2001-04-05,0.8976,1.4266,0.4898,0.4038,124.33,1.7020,1.5788
2001-04-06,0.9002,1.4383,0.4958,0.4046,124.03,1.7000,1.5615
2001-04-09,0.9014,1.4470,0.4948,0.4043,124.85,1.6955,1.5635
2001-04-10,0.8884,1.4360,0.4945,0.4030,124.48,1.7165,1.5555
2001-04-11,0.8856,1.4340,0.5025,0.4035,124.82,1.7161,1.5626
2001-04-12,0.8922,1.4391,0.5082,0.4073,123.51,1.7062,1.5600
2001-04-13,0.8888,1.4354,0.5081,0.4080,124.15,1.7127,1.5627
2001-04-16,0.8862,1.4360,0.5105,0.4090,124.64,1.7180,1.5625
2001-04-17,0.8814,1.4287,0.5055,0.4053,123.67,1.7310,1.5575
2001-04-18,0.8816,1.4257,0.4990,0.4045,122.35,1.7375,1.5692
2001-04-19,0.8909,1.4366,0.5085,0.4058,121.87,1.7170,1.5470
2001-04-20,0.9032,1.4428,0.5178,0.4158,122.52,1.6926,1.5425
2001-04-23,0.8960,1.4377,0.5061,0.4105,121.68,1.7087,1.5460
2001-04-24,0.8946,1.4365,0.5035,0.4080,122.08,1.7115,1.5490
2001-04-25,0.8972,1.4397,0.5045,0.4095,122.21,1.7075,1.5474
2001-04-26,0.9011,1.4378,0.5065,0.4105,123.13,1.7060,1.5460
2001-04-27,0.8924,1.4362,0.5102,0.4125,123.76,1.7232,1.5417
2001-04-30,0.8874,1.4306,0.5096,0.4128,123.57,1.7345,1.5360
2001-05-01,0.8937,1.4340,0.5177,0.4198,121.92,1.7255,1.5338
2001-05-02,0.8925,1.4345,0.5213,0.4235,121.72,1.7307,1.5310
2001-05-03,0.8891,1.4322,0.5187,0.4225,121.19,1.7355,1.5330
2001-05-04,0.8934,1.4362,0.5189,0.4216,121.05,1.7304,1.5353
2001-05-07,0.8916,1.4400,0.5186,0.4210,121.34,1.7305,1.5405
2001-05-08,0.8848,1.4315,0.5182,0.4210,121.66,1.7420,1.5445
2001-05-09,0.8845,1.4209,0.5222,0.4245,122.25,1.7429,1.5407
2001-05-10,0.8792,1.4186,0.5241,0.4263,122.71,1.7485,1.5391
2001-05-11,0.8759,1.4177,0.5207,0.4217,122.50,1.7522,1.5503
2001-05-14,0.8748,1.4176,0.5180,0.4185,123.12,1.7516,1.5541
2001-05-15,0.8788,1.4236,0.5193,0.4187,123.26,1.7432,1.5493
2001-05-16,0.8842,1.4293,0.5233,0.4222,123.59,1.7329,1.5405
2001-05-17,0.8828,1.4310,0.5273,0.4260,122.68,1.7393,1.5360
2001-05-18,0.8774,1.4333,0.5251,0.4260,123.67,1.7486,1.5328
2001-05-21,0.8762,1.4380,0.5290,0.4270,122.91,1.7485,1.5325
2001-05-22,0.8657,1.4278,0.5231,0.4241,122.79,1.7666,1.5415
2001-05-23,0.8598,1.4245,0.5188,0.4205,120.39,1.7755,1.5452
2001-05-24,0.8570,1.4103,0.5175,0.4225,120.15,1.7793,1.5474
2001-05-25,0.8577,1.4207,0.5193,0.4242,120.75,1.7790,1.5455
2001-05-28,,,,,,,
2001-05-29,0.8547,1.4187,0.5166,0.4225,120.10,1.7840,1.5376
2001-05-30,0.8576,1.4251,0.5130,0.4170,120.27,1.7775,1.5464
2001-05-31,0.8455,1.4175,0.5068,0.4083,118.88,1.7970,1.5461
2001-06-01,0.8452,1.4160,0.5084,0.4102,119.13,1.7992,1.5324
2001-06-04,0.8449,1.4123,0.5062,0.4085,119.50,1.7968,1.5347
2001-06-05,0.8504,1.4113,0.5093,0.4103,120.27,1.7805,1.5328
2001-06-06,0.8452,1.3906,0.5141,0.4112,120.35,1.7988,1.5248
2001-06-07,0.8506,1.3900,0.5191,0.4179,119.91,1.7923,1.5210
2001-06-08,0.8505,1.3817,0.5243,0.4182,120.60,1.7927,1.5215
2001-06-11,0.8425,1.3730,0.5223,0.4176,122.02,1.8046,1.5162
2001-06-12,0.8479,1.3781,0.5237,0.4185,121.74,1.7960,1.5246
2001-06-13,0.8536,1.3909,0.5276,0.4221,121.89,1.7902,1.5183
2001-06-14,0.8598,1.4005,0.5261,0.4148,121.42,1.7753,1.5208
2001-06-15,0.8628,1.4056,0.5257,0.4177,122.97,1.7726,1.5220
2001-06-18,0.8610,1.4034,0.5238,0.4151,123.20,1.7770,1.5336
2001-06-19,0.8558,1.4008,0.5210,0.4137,122.97,1.7861,1.5337
2001-06-20,0.8506,1.3952,0.5182,0.4130,123.30,1.7924,1.5310
2001-06-21,0.8544,1.4167,0.5178,0.4131,124.40,1.7797,1.5265
2001-06-22,0.8570,1.4140,0.5168,0.4127,124.25,1.7730,1.5293
2001-06-25,0.8611,1.4130,0.5157,0.4137,124.02,1.7655,1.5195
2001-06-26,0.8623,1.4154,0.5198,0.4158,123.82,1.7655,1.5142
2001-06-27,0.8621,1.4190,0.5178,0.4170,124.25,1.7648,1.5176
2001-06-28,0.8470,1.4070,0.5110,0.4103,124.63,1.7983,1.5233
2001-06-29,0.8474,1.4077,0.5100,0.4047,124.73,1.7968,1.5175
2001-07-02,0.8455,1.4168,0.5106,0.4047,124.22,1.8003,1.5153
2001-07-03,0.8477,1.4058,0.5162,0.4070,124.48,1.7970,1.5128
2001-07-04,,,,,,,
2001-07-05,0.8370,1.3998,0.5147,0.4047,125.77,1.8185,1.5102
2001-07-06,0.8465,1.4106,0.5083,0.4036,125.85,1.7945,1.5200
2001-07-09,0.8474,1.4081,0.5096,0.4049,125.43,1.7964,1.5203
2001-07-10,0.8557,1.4098,0.5106,0.4060,125.53,1.7795,1.5213
2001-07-11,0.8614,1.4121,0.5070,0.4057,124.06,1.7608,1.5255
2001-07-12,0.8530,1.4065,0.5048,0.4048,124.10,1.7725,1.5280
2001-07-13,0.8527,1.3995,0.5074,0.4065,124.75,1.7738,1.5398
2001-07-16,0.8549,1.4011,0.5080,0.4070,125.44,1.7690,1.5400
2001-07-17,0.8549,1.4037,0.5065,0.4055,124.89,1.7708,1.5400
2001-07-18,0.8701,1.4160,0.5142,0.4105,124.35,1.7310,1.5350
2001-07-19,0.8690,1.4190,0.5126,0.4130,123.61,1.7327,1.5418
2001-07-20,0.8713,1.4290,0.5055,0.4090,122.85,1.7255,1.5450
2001-07-23,0.8676,1.4185,0.5079,0.4091,124.19,1.7353,1.5450
2001-07-24,0.8752,1.4223,0.5080,0.4103,124.00,1.7214,1.5383
2001-07-25,0.8797,1.4280,0.5073,0.4117,123.64,1.7145,1.5381
2001-07-26,0.8765,1.4265,0.5072,0.4115,123.83,1.7236,1.5335
2001-07-27,0.8749,1.4256,0.5064,0.4115,123.29,1.7250,1.5352
2001-07-30,0.8750,1.4260,0.5057,0.4120,125.18,1.7267,1.5305
2001-07-31,0.8752,1.4252,0.5080,0.4119,125.00,1.7285,1.5310
2001-08-01,0.8793,1.4330,0.5167,0.4150,124.87,1.7158,1.5358
2001-08-02,0.8813,1.4295,0.5190,0.4176,123.72,1.7123,1.5417
2001-08-03,0.8843,1.4268,0.5176,0.4190,123.46,1.7054,1.5356
2001-08-06,0.8802,1.4175,0.5166,0.4185,123.85,1.7135,1.5275
2001-08-07,0.8775,1.4169,0.5155,0.4187,123.83,1.7165,1.5343
2001-08-08,0.8778,1.4135,0.5185,0.4236,123.20,1.7127,1.5333
2001-08-09,0.8886,1.4218,0.5103,0.4228,123.03,1.6948,1.5395
2001-08-10,0.8940,1.4273,0.5130,0.4252,121.97,1.6918,1.5405
2001-08-13,0.8983,1.4217,0.5174,0.4282,122.46,1.6885,1.5390
2001-08-14,0.9025,1.4285,0.5196,0.4300,121.60,1.6808,1.5413
2001-08-15,0.9114,1.4379,0.5268,0.4338,119.92,1.6668,1.5290
2001-08-16,0.9138,1.4438,0.5274,0.4353,120.11,1.6608,1.5314
2001-08-17,0.9165,1.4465,0.5354,0.4405,120.37,1.6583,1.5428
2001-08-20,0.9127,1.4445,0.5323,0.4370,120.72,1.6635,1.5461
2001-08-21,0.9115,1.4468,0.5297,0.4350,119.91,1.6648,1.5490
2001-08-22,0.9194,1.4538,0.5362,0.4438,119.91,1.6552,1.5438
2001-08-23,0.9166,1.4478,0.5338,0.4412,119.84,1.6580,1.5423
2001-08-24,0.9116,1.4443,0.5311,0.4393,120.13,1.6660,1.5414
2001-08-27,0.9098,1.4430,0.5285,0.4380,120.12,1.6697,1.5423
2001-08-28,0.9102,1.4501,0.5292,0.4393,120.48,1.6660,1.5401
2001-08-29,0.9097,1.4515,0.5300,0.4405,119.79,1.6690,1.5462
2001-08-30,0.9154,1.4577,0.5330,0.4420,119.40,1.6575,1.5460
2001-08-31,0.9090,1.4510,0.5277,0.4375,118.75,1.6698,1.5478
2001-09-03,,,,,,,
2001-09-04,0.8868,1.4444,0.5212,0.4315,119.49,1.7075,1.5535
2001-09-05,0.8897,1.4553,0.5198,0.4321,120.76,1.6996,1.5603
2001-09-06,0.8943,1.4561,0.5230,0.4355,120.95,1.6908,1.5590
2001-09-07,0.9044,1.4626,0.5199,0.4349,120.07,1.6771,1.5680
2001-09-10,0.8988,1.4585,0.5135,0.4312,121.08,1.6870,1.5656
2001-09-11,,,,,,,
2001-09-12,0.9069,1.4666,0.5161,0.4271,119.53,1.6593,1.5610
2001-09-13,0.9089,1.4697,0.5158,0.4228,118.81,1.6526,1.5681
2001-09-14,0.9199,1.4678,0.5156,0.4244,117.38,1.6246,1.5641
2001-09-17,0.9198,1.4661,0.5021,0.4123,117.59,1.6143,1.5686
2001-09-18,0.9233,1.4635,0.4954,0.4108,117.32,1.6037,1.5708
2001-09-19,0.9310,1.4714,0.4929,0.4108,117.30,1.5858,1.5711
2001-09-20,0.9255,1.4642,0.4920,0.4112,115.89,1.5920,1.5708
2001-09-21,0.9099,1.4547,0.4841,0.4040,116.73,1.5878,1.5707
2001-09-24,0.9135,1.4616,0.4900,0.4032,117.52,1.6041,1.5686
2001-09-25,0.9222,1.4692,0.4939,0.4086,117.78,1.5914,1.5705
2001-09-26,0.9231,1.4745,0.4891,0.4045,117.89,1.5990,1.5734
2001-09-27,0.9181,1.4733,0.4866,0.3996,119.69,1.6138,1.5791
2001-09-28,0.9099,1.4691,0.4946,0.4067,119.23,1.6188,1.5797
2001-10-01,0.9159,1.4785,0.4923,0.4068,120.27,1.6196,1.5794
2001-10-02,0.9149,1.4618,0.4953,0.4055,120.78,1.6227,1.5696
2001-10-03,0.9181,1.4756,0.4971,0.4093,120.67,1.6157,1.5688
2001-10-04,0.9141,1.4774,0.4975,0.4084,120.63,1.6248,1.5680
2001-10-05,0.9168,1.4795,0.5060,0.4135,120.37,1.6204,1.5626
2001-10-08,,,,,,,
2001-10-09,0.9150,1.4605,0.5009,0.4126,120.20,1.6193,1.5638
2001-10-10,0.9118,1.4490,0.5016,0.4135,120.43,1.6278,1.5679
2001-10-11,0.9008,1.4415,0.4985,0.4130,121.57,1.6475,1.5680
2001-10-12,0.9078,1.4518,0.5015,0.4138,120.93,1.6325,1.5659
2001-10-15,0.9077,1.4470,0.5135,0.4203,120.94,1.6288,1.5582
2001-10-16,0.9094,1.4478,0.5136,0.4187,121.27,1.6298,1.5621
2001-10-17,0.9065,1.4505,0.5139,0.4205,121.05,1.6355,1.5687
2001-10-18,0.9025,1.4440,0.5087,0.4169,121.18,1.6387,1.5763
2001-10-19,0.8987,1.4372,0.5080,0.4160,121.15,1.6427,1.5756
2001-10-22,0.8906,1.4265,0.5073,0.4145,122.45,1.6619,1.5787
2001-10-23,0.8893,1.4214,0.5087,0.4187,122.83,1.6642,1.5723
2001-10-24,0.8925,1.4263,0.5076,0.4173,122.86,1.6592,1.5745
2001-10-25,0.8965,1.4306,0.5047,0.4140,122.72,1.6490,1.5775
2001-10-26,0.8921,1.4348,0.5017,0.4123,122.99,1.6535,1.5750
2001-10-29,0.9037,1.4525,0.5056,0.4140,122.08,1.6320,1.5750
2001-10-30,0.9060,1.4546,0.5058,0.4145,122.07,1.6245,1.5785
2001-10-31,0.8993,1.4534,0.5030,0.4125,122.54,1.6347,1.5905
2001-11-01,0.9044,1.4620,0.5086,0.4142,121.87,1.6295,1.5913
2001-11-02,0.9037,1.4615,0.5077,0.4149,121.68,1.6315,1.5925
2001-11-05,0.8963,1.4570,0.5076,0.4150,121.72,1.6423,1.5958
2001-11-06,0.8975,1.4591,0.5131,0.4201,121.15,1.6400,1.5938
2001-11-07,0.8999,1.4650,0.5152,0.4200,121.05,1.6328,1.5935
2001-11-08,0.8910,1.4540,0.5147,0.4190,119.98,1.6455,1.5980
2001-11-09,0.8935,1.4574,0.5145,0.4196,120.25,1.6400,1.6023
2001-11-12,,,,,,,
2001-11-13,0.8811,1.4425,0.5199,0.4226,121.45,1.6668,1.5982
2001-11-14,0.8829,1.4429,0.5186,0.4204,121.67,1.6641,1.5923
2001-11-15,0.8813,1.4310,0.5180,0.4171,122.40,1.6644,1.5870
2001-11-16,0.8849,1.4278,0.5203,0.4140,122.67,1.6552,1.5870
2001-11-19,0.8781,1.4107,0.5205,0.4148,123.27,1.6635,1.5849
2001-11-20,0.8832,1.4180,0.5188,0.4147,122.62,1.6491,1.5933
2001-11-21,0.8781,1.4154,0.5162,0.4103,123.19,1.6575,1.6018
2001-11-22,,,,,,,
2001-11-23,0.8770,1.4095,0.5170,0.4101,124.44,1.6680,1.5981
2001-11-26,0.8811,1.4125,0.5190,0.4126,124.20,1.6635,1.6005
2001-11-27,0.8812,1.4137,0.5217,0.4135,124.17,1.6600,1.5948
2001-11-28,0.8863,1.4235,0.5213,0.4135,123.29,1.6485,1.5853
2001-11-29,0.8879,1.4232,0.5176,0.4126,123.82,1.6546,1.5828
2001-11-30,0.8958,1.4255,0.5203,0.4163,123.22,1.6405,1.5717
2001-12-03,0.8897,1.4217,0.5183,0.4154,123.90,1.6550,1.5762
2001-12-04,0.8898,1.4216,0.5155,0.4120,124.28,1.6545,1.5729
2001-12-05,0.8856,1.4164,0.5170,0.4145,124.40,1.6639,1.5716
2001-12-06,0.8916,1.4250,0.5182,0.4163,124.83,1.6553,1.5767
2001-12-07,0.8905,1.4315,0.5156,0.4146,125.66,1.6590,1.5725
2001-12-10,0.8884,1.4342,0.5150,0.4148,126.27,1.6673,1.5787
2001-12-11,0.8904,1.4365,0.5148,0.4170,126.23,1.6585,1.5781
2001-12-12,0.8945,1.4440,0.5201,0.4200,126.52,1.6495,1.5654
2001-12-13,0.8976,1.4454,0.5179,0.4190,126.32,1.6423,1.5675
2001-12-14,0.9044,1.4547,0.5186,0.4175,127.24,1.6307,1.5635
2001-12-17,0.9040,1.4588,0.5176,0.4172,127.54,1.6330,1.5646
2001-12-18,0.9019,1.4565,0.5157,0.4175,127.97,1.6340,1.5729
2001-12-19,0.8997,1.4508,0.5132,0.4152,128.20,1.6389,1.5743
2001-12-20,0.8972,1.4464,0.5047,0.4115,128.55,1.6359,1.5782
2001-12-21,0.8864,1.4385,0.5075,0.4148,129.48,1.6540,1.5850
2001-12-24,0.8773,1.4385,0.5086,0.4155,129.90,1.6920,1.5945
2001-12-25,,,,,,,
2001-12-26,0.8778,1.4490,0.5080,0.4157,130.79,1.6917,1.5990
2001-12-27,0.8843,1.4540,0.5075,0.4143,131.47,1.6780,1.5954
2001-12-28,0.8822,1.4475,0.5112,0.4146,131.30,1.6790,1.5956
2001-12-31,0.8901,1.4543,0.5117,0.4161,131.04,1.6598,1.5925
2002-01-01,,,,,,,
2002-01-02,0.9031,1.4451,0.5145,0.4229,132.02,1.6424,1.5974
2002-01-03,0.8992,1.4400,0.5146,0.4253,131.76,1.6495,1.5970
2002-01-04,0.8946,1.4455,0.5194,0.4292,131.02,1.6507,1.5977
2002-01-07,0.8931,1.4385,0.5183,0.4276,130.93,1.6510,1.5981
2002-01-08,0.8925,1.4426,0.5238,0.4317,132.53,1.6553,1.5949
2002-01-09,0.8882,1.4373,0.5237,0.4285,132.62,1.6615,1.5965
2002-01-10,0.8925,1.4433,0.5229,0.4264,132.61,1.6623,1.6012
2002-01-11,0.8905,1.4448,0.5210,0.4238,132.17,1.6602,1.5975
2002-01-14,0.8935,1.4482,0.5180,0.4230,131.83,1.6569,1.5974
2002-01-15,0.8913,1.4450,0.5189,0.4240,131.14,1.6602,1.5899
2002-01-16,0.8834,1.4375,0.5155,0.4204,131.77,1.6638,1.5945
2002-01-17,0.8800,1.4348,0.5135,0.4210,132.13,1.6685,1.6110
2002-01-18,0.8844,1.4365,0.5150,0.4235,132.64,1.6635,1.6128
2002-01-21,,,,,,,
2002-01-22,0.8838,1.4295,0.5186,0.4299,133.98,1.6629,1.6084
2002-01-23,0.8836,1.4273,0.5198,0.4288,134.25,1.6654,1.6040
2002-01-24,0.8782,1.4229,0.5195,0.4275,134.64,1.6757,1.6020
2002-01-25,0.8655,1.4096,0.5167,0.4235,134.47,1.7025,1.6083
2002-01-28,0.8605,1.4074,0.5166,0.4220,133.43,1.7090,1.6126
2002-01-29,0.8643,1.4132,0.5140,0.4228,133.51,1.7038,1.5903
2002-01-30,0.8648,1.4160,0.5060,0.4156,132.84,1.7045,1.5910
2002-01-31,0.8594,1.4120,0.5072,0.4167,134.06,1.7190,1.5915
2002-02-01,0.8613,1.4158,0.5080,0.4173,133.77,1.7179,1.5908
2002-02-04,0.8685,1.4197,0.5105,0.4170,132.71,1.7021,1.5919
2002-02-05,0.8672,1.4170,0.5087,0.4164,133.90,1.6970,1.5985
2002-02-06,0.8693,1.4138,0.5094,0.4183,133.72,1.6948,1.6042
2002-02-07,0.8690,1.4117,0.5070,0.4149,133.49,1.6948,1.6037
2002-02-08,0.8727,1.4176,0.5104,0.4179,134.77,1.6900,1.5970
2002-02-11,0.8778,1.4237,0.5125,0.4201,133.62,1.6835,1.5895
2002-02-12,0.8768,1.4322,0.5087,0.4182,132.82,1.6855,1.5919
2002-02-13,0.8730,1.4298,0.5087,0.4179,133.23,1.6970,1.5910
2002-02-14,0.8713,1.4285,0.5167,0.4205,132.26,1.7005,1.5919
2002-02-15,0.8730,1.4315,0.5167,0.4223,132.76,1.6980,1.5908
2002-02-18,,,,,,,
2002-02-19,0.8764,1.4302,0.5177,0.4209,133.45,1.6895,1.5885
2002-02-20,0.8705,1.4269,0.5171,0.4204,133.76,1.6999,1.5905
2002-02-21,0.8712,1.4253,0.5169,0.4186,134.27,1.6987,1.5914
2002-02-22,0.8757,1.4301,0.5133,0.4186,133.85,1.6890,1.5945
2002-02-25,0.8713,1.4263,0.5132,0.4178,133.89,1.6948,1.6010
2002-02-26,0.8682,1.4225,0.5146,0.4185,134.35,1.6995,1.6112
2002-02-27,0.8642,1.4165,0.5158,0.4191,134.63,1.7085,1.6084
2002-02-28,0.8658,1.4129,0.5167,0.4213,133.96,1.7025,1.6049
2002-03-01,0.8652,1.4190,0.5177,0.4225,133.35,1.7060,1.5955
2002-03-04,0.8705,1.4228,0.5202,0.4262,132.20,1.6970,1.5900
2002-03-05,0.8699,1.4212,0.5207,0.4260,132.31,1.6977,1.5905
2002-03-06,0.8772,1.4238,0.5216,0.4285,130.85,1.6819,1.5835
2002-03-07,0.8795,1.4245,0.5253,0.4301,127.07,1.6730,1.5823
2002-03-08,0.8752,1.4227,0.5235,0.4305,128.21,1.6810,1.5857
2002-03-11,0.8768,1.4220,0.5212,0.4280,128.08,1.6775,1.5843
2002-03-12,0.8759,1.4146,0.5206,0.4293,128.67,1.6767,1.5858
2002-03-13,0.8770,1.4157,0.5200,0.4295,129.43,1.6739,1.5935
2002-03-14,0.8816,1.4200,0.5229,0.4300,128.94,1.6595,1.5943
2002-03-15,0.8823,1.4238,0.5257,0.4367,129.10,1.6596,1.5863
2002-03-18,0.8826,1.4256,0.5245,0.4355,131.27,1.6585,1.5880
2002-03-19,0.8805,1.4213,0.5235,0.4335,132.30,1.6622,1.5842
2002-03-20,0.8836,1.4260,0.5308,0.4413,131.60,1.6568,1.5793
2002-03-21,0.8836,1.4287,0.5322,0.4408,131.86,1.6555,1.5808
2002-03-22,0.8791,1.4263,0.5326,0.4397,132.88,1.6623,1.5767
2002-03-25,0.8768,1.4255,0.5305,0.4387,133.46,1.6660,1.5858
2002-03-26,0.8767,1.4270,0.5287,0.4365,132.78,1.6690,1.5925
2002-03-27,0.8726,1.4238,0.5275,0.4355,132.61,1.6786,1.5938
2002-03-28,0.8711,1.4242,0.5336,0.4406,132.61,1.6850,1.5940
2002-03-29,0.8717,1.4250,0.5333,0.4405,132.70,1.6820,1.5958
2002-04-01,0.8806,1.4407,0.5347,0.4427,133.32,1.6607,1.5995
2002-04-02,0.8782,1.4358,0.5347,0.4420,133.40,1.6655,1.5934
2002-04-03,0.8804,1.4350,0.5314,0.4394,132.65,1.6607,1.5890
2002-04-04,0.8779,1.4349,0.5305,0.4397,132.30,1.6654,1.5930
2002-04-05,0.8805,1.4350,0.5306,0.4377,131.73,1.6637,1.5900
2002-04-08,0.8750,1.4310,0.5270,0.4326,131.27,1.6740,1.5941
2002-04-09,0.8793,1.4345,0.5274,0.4345,131.03,1.6676,1.5964
2002-04-10,0.8794,1.4365,0.5303,0.4370,130.75,1.6702,1.5930
2002-04-11,0.8829,1.4382,0.5342,0.4426,131.55,1.6604,1.5879
2002-04-12,0.8792,1.4371,0.5337,0.4422,132.09,1.6678,1.5879
2002-04-15,0.8802,1.4372,0.5313,0.4403,131.95,1.6666,1.5892
2002-04-16,0.8830,1.4396,0.5320,0.4397,131.19,1.6638,1.5798
2002-04-17,0.8885,1.4438,0.5370,0.4440,130.70,1.6550,1.5745
2002-04-18,0.8898,1.4479,0.5387,0.4454,129.84,1.6485,1.5747
2002-04-19,0.8893,1.4472,0.5390,0.4467,130.50,1.6508,1.5723
2002-04-22,0.8877,1.4488,0.5390,0.4463,129.90,1.6543,1.5730
2002-04-23,0.8897,1.4486,0.5392,0.4467,129.89,1.6490,1.5753
2002-04-24,0.8915,1.4480,0.5424,0.4480,129.76,1.6445,1.5685
2002-04-25,0.8978,1.4540,0.5442,0.4506,128.40,1.6308,1.5636
2002-04-26,0.8980,1.4545,0.5427,0.4497,128.18,1.6293,1.5632
2002-04-29,0.9028,1.4592,0.5380,0.4470,128.13,1.6215,1.5663
2002-04-30,0.9002,1.4565,0.5372,0.4472,128.45,1.6216,1.5681
2002-05-01,0.9062,1.4621,0.5387,0.4478,127.45,1.6010,1.5579
2002-05-02,0.9032,1.4645,0.5365,0.4455,128.02,1.6098,1.5621
2002-05-03,0.9133,1.4664,0.5381,0.4475,127.21,1.5920,1.5650
2002-05-06,0.9166,1.4676,0.5393,0.4475,127.27,1.5891,1.5685
2002-05-07,0.9148,1.4675,0.5411,0.4490,127.80,1.5930,1.5705
2002-05-08,0.9040,1.4533,0.5390,0.4479,128.64,1.6102,1.5708
2002-05-09,0.9088,1.4585,0.5424,0.4512,128.36,1.6005,1.5687
2002-05-10,0.9116,1.4606,0.5445,0.4525,127.89,1.5946,1.5575
2002-05-13,0.9107,1.4588,0.5460,0.4551,127.69,1.5983,1.5585
2002-05-14,0.9022,1.4474,0.5462,0.4554,128.66,1.6155,1.5590
2002-05-15,0.9074,1.4558,0.5480,0.4575,127.92,1.6054,1.5563
2002-05-16,0.9105,1.4567,0.5492,0.4612,128.19,1.5993,1.5550
2002-05-17,0.9206,1.4602,0.5522,0.4635,126.03,1.5810,1.5420
2002-05-20,0.9213,1.4588,0.5524,0.4655,125.64,1.5785,1.5415
2002-05-21,0.9191,1.4568,0.5553,0.4670,123.83,1.5798,1.5387
2002-05-22,0.9265,1.4589,0.5584,0.4715,124.16,1.5686,1.5361
2002-05-23,0.9233,1.4545,0.5585,0.4761,124.84,1.5755,1.5338
2002-05-24,0.9220,1.4577,0.5558,0.4707,124.71,1.5827,1.5350
2002-05-27,,,,,,,
2002-05-28,0.9285,1.4618,0.5615,0.4762,124.38,1.5743,1.5305
2002-05-29,0.9313,1.4600,0.5625,0.4760,124.35,1.5757,1.5345
2002-05-30,0.9373,1.4655,0.5645,0.4774,123.08,1.5621,1.5340
2002-05-31,0.9339,1.4625,0.5660,0.4790,124.13,1.5693,1.5275
2002-06-03,0.9390,1.4622,0.5714,0.4860,123.69,1.5638,1.5282
2002-06-04,0.9424,1.4605,0.5744,0.4901,123.95,1.5592,1.5284
2002-06-05,0.9391,1.4574,0.5722,0.4865,124.40,1.5672,1.5350
2002-06-06,0.9457,1.4593,0.5748,0.4897,124.34,1.5590,1.5325
2002-06-07,0.9449,1.4604,0.5711,0.4882,124.49,1.5550,1.5321
2002-06-10,0.9446,1.4610,0.5693,0.4874,124.60,1.5585,1.5385
2002-06-11,0.9445,1.4686,0.5683,0.4868,125.56,1.5620,1.5383
2002-06-12,0.9473,1.4705,0.5715,0.4927,125.64,1.5595,1.5365
2002-06-13,0.9440,1.4709,0.5688,0.4906,125.12,1.5638,1.5398
2002-06-14,0.9448,1.4735,0.5603,0.4843,124.25,1.5626,1.5499
2002-06-17,0.9442,1.4782,0.5583,0.4834,124.37,1.5632,1.5474
2002-06-18,0.9483,1.4868,0.5618,0.4862,124.56,1.5568,1.5443
2002-06-19,0.9544,1.4873,0.5655,0.4873,124.04,1.5422,1.5415
2002-06-20,0.9646,1.4982,0.5709,0.4908,123.33,1.5235,1.5319
2002-06-21,0.9705,1.4987,0.5743,0.4962,121.23,1.5124,1.5232
2002-06-24,0.9786,1.5056,0.5737,0.4950,121.28,1.5005,1.5166
2002-06-25,0.9692,1.4999,0.5683,0.4900,121.90,1.5140,1.5218
2002-06-26,0.9825,1.5217,0.5614,0.4842,119.83,1.4940,1.5211
2002-06-27,0.9885,1.5285,0.5640,0.4897,119.38,1.4885,1.5108
2002-06-28,0.9856,1.5245,0.5628,0.4860,119.85,1.4920,1.5190
2002-07-01,0.9893,1.5307,0.5615,0.4860,120.04,1.4845,1.5190
2002-07-02,0.9840,1.5300,0.5623,0.4878,120.13,1.4900,1.5263
2002-07-03,0.9816,1.5268,0.5603,0.4895,119.77,1.4907,1.5290
2002-07-04,,,,,,,
2002-07-05,0.9730,1.5206,0.5568,0.4858,120.19,1.5062,1.5247
2002-07-08,0.9869,1.5348,0.5644,0.4905,118.66,1.4893,1.5208
2002-07-09,0.9938,1.5465,0.5688,0.4927,117.85,1.4820,1.5145
2002-07-10,0.9890,1.5483,0.5672,0.4903,117.94,1.4888,1.5203
2002-07-11,0.9927,1.5545,0.5593,0.4855,116.62,1.4793,1.5223
2002-07-12,0.9904,1.5500,0.5595,0.4842,116.73,1.4832,1.5299
2002-07-15,1.0072,1.5656,0.5599,0.4850,116.06,1.4582,1.5365
2002-07-16,1.0087,1.5693,0.5583,0.4860,115.71,1.4548,1.5347
2002-07-17,1.0078,1.5682,0.5516,0.4824,116.24,1.4540,1.5399
2002-07-18,1.0067,1.5685,0.5520,0.4822,117.02,1.4540,1.5440
2002-07-19,1.0156,1.5785,0.5555,0.4870,115.73,1.4387,1.5386
2002-07-22,1.0098,1.5800,0.5517,0.4838,116.22,1.4408,1.5562
2002-07-23,0.9933,1.5657,0.5454,0.4772,117.35,1.4645,1.5779
2002-07-24,0.9945,1.5745,0.5405,0.4670,116.33,1.4561,1.5765
2002-07-25,0.9997,1.5754,0.5416,0.4672,116.87,1.4498,1.5725
2002-07-26,0.9882,1.5635,0.5370,0.4630,118.78,1.4682,1.5880
2002-07-29,0.9779,1.5570,0.5410,0.4685,119.87,1.4893,1.5725
2002-07-30,0.9879,1.5725,0.5445,0.4701,119.90,1.4749,1.5735
2002-07-31,0.9796,1.5625,0.5445,0.4685,119.77,1.4833,1.5845
2002-08-01,0.9843,1.5578,0.5387,0.4642,119.10,1.4703,1.5867
2002-08-02,0.9882,1.5709,0.5396,0.4640,118.98,1.4708,1.5885
2002-08-05,0.9846,1.5665,0.5292,0.4573,119.26,1.4770,1.5963
2002-08-06,0.9640,1.5382,0.5280,0.4505,121.14,1.5130,1.5935
2002-08-07,0.9738,1.5354,0.5363,0.4546,120.37,1.4970,1.5807
2002-08-08,0.9653,1.5278,0.5331,0.4550,121.04,1.5146,1.5818
2002-08-09,0.9714,1.5235,0.5354,0.4578,120.15,1.5030,1.5725
2002-08-12,0.9778,1.5317,0.5392,0.4629,118.85,1.4965,1.5739
2002-08-13,0.9787,1.5310,0.5381,0.4612,119.08,1.4952,1.5658
2002-08-14,0.9867,1.5442,0.5375,0.4622,116.53,1.4813,1.5657
2002-08-15,0.9816,1.5360,0.5443,0.4668,117.28,1.4907,1.5583
2002-08-16,0.9836,1.5372,0.5440,0.4667,117.51,1.4915,1.5609
2002-08-19,0.9775,1.5272,0.5422,0.4663,118.53,1.5015,1.5715
2002-08-20,0.9779,1.5266,0.5464,0.4690,118.84,1.5027,1.5716
2002-08-21,0.9796,1.5295,0.5444,0.4649,118.54,1.4999,1.5586
2002-08-22,0.9697,1.5192,0.5398,0.4639,119.85,1.5188,1.5566
2002-08-23,0.9726,1.5215,0.5433,0.4662,119.53,1.5128,1.5563
2002-08-26,0.9731,1.5236,0.5442,0.4673,119.54,1.5125,1.5575
2002-08-27,0.9814,1.5305,0.5534,0.4718,118.31,1.4969,1.5523
2002-08-28,0.9820,1.5363,0.5510,0.4690,118.31,1.4968,1.5599
2002-08-29,0.9829,1.5484,0.5517,0.4682,118.34,1.4941,1.5598
2002-08-30,0.9806,1.5476,0.5495,0.4679,118.76,1.5007,1.5585
2002-09-02,,,,,,,
2002-09-03,0.9959,1.5625,0.5465,0.4665,117.12,1.4730,1.5545
2002-09-04,0.9923,1.5642,0.5443,0.4655,118.01,1.4751,1.5663
2002-09-05,0.9911,1.5660,0.5419,0.4664,118.34,1.4733,1.5672
2002-09-06,0.9843,1.5597,0.5467,0.4702,118.48,1.4825,1.5637
2002-09-09,0.9817,1.5585,0.5467,0.4692,118.85,1.4848,1.5662
2002-09-10,0.9752,1.5544,0.5468,0.4700,119.78,1.4960,1.5737
2002-09-11,0.9724,1.5492,0.5476,0.4703,120.64,1.5067,1.5770
2002-09-12,0.9761,1.5549,0.5518,0.4740,120.68,1.5042,1.5848
2002-09-13,0.9743,1.5585,0.5504,0.4740,121.50,1.5020,1.5858
2002-09-16,0.9723,1.5440,0.5487,0.4710,122.17,1.5100,1.5830
2002-09-17,0.9685,1.5343,0.5474,0.4695,122.64,1.5202,1.5791
2002-09-18,0.9789,1.5525,0.5485,0.4704,121.49,1.4982,1.5835
2002-09-19,0.9817,1.5545,0.5510,0.4748,121.48,1.4920,1.5727
2002-09-20,0.9839,1.5558,0.5464,0.4707,123.16,1.4880,1.5730
2002-09-23,0.9822,1.5575,0.5447,0.4697,123.93,1.4910,1.5845
2002-09-24,0.9815,1.5565,0.5445,0.4708,123.38,1.4918,1.5856
2002-09-25,0.9797,1.5625,0.5445,0.4702,122.72,1.4933,1.5812
2002-09-26,0.9755,1.5563,0.5443,0.4703,122.59,1.5029,1.5769
2002-09-27,0.9772,1.5548,0.5440,0.4706,122.86,1.5008,1.5777
2002-09-30,0.9879,1.5700,0.5429,0.4698,121.74,1.4758,1.5863
2002-10-01,0.9859,1.5708,0.5422,0.4710,122.73,1.4793,1.5863
2002-10-02,0.9842,1.5655,0.5442,0.4743,123.21,1.4836,1.5855
2002-10-03,0.9871,1.5704,0.5465,0.4777,123.04,1.4794,1.5903
2002-10-04,0.9821,1.5690,0.5461,0.4784,123.02,1.4893,1.5943
2002-10-07,0.9816,1.5643,0.5497,0.4844,124.44,1.4900,1.5922
2002-10-08,0.9796,1.5569,0.5470,0.4820,124.26,1.4959,1.5935
2002-10-09,0.9868,1.5595,0.5485,0.4809,123.55,1.4837,1.5933
2002-10-10,0.9861,1.5625,0.5473,0.4795,123.64,1.4841,1.5916
2002-10-11,0.9854,1.5605,0.5485,0.4807,124.04,1.4860,1.5888
2002-10-14,,,,,,,
2002-10-15,0.9810,1.5542,0.5467,0.4795,124.66,1.4958,1.5857
2002-10-16,0.9824,1.5543,0.5487,0.4808,124.30,1.4924,1.5840
2002-10-17,0.9718,1.5525,0.5500,0.4812,124.80,1.5119,1.5725
2002-10-18,0.9708,1.5461,0.5498,0.4811,125.52,1.5140,1.5723
2002-10-21,0.9732,1.5418,0.5530,0.4837,124.71,1.5110,1.5682
2002-10-22,0.9782,1.5463,0.5527,0.4847,125.09,1.5015,1.5680
2002-10-23,0.9772,1.5499,0.5526,0.4841,124.17,1.5004,1.5685
2002-10-24,0.9742,1.5478,0.5550,0.4857,124.77,1.5062,1.5610
2002-10-25,0.9767,1.5533,0.5545,0.4868,124.14,1.5014,1.5676
2002-10-28,0.9843,1.5602,0.5585,0.4893,123.64,1.4882,1.5607
2002-10-29,0.9851,1.5585,0.5561,0.4853,122.55,1.4870,1.5632
2002-10-30,0.9835,1.5568,0.5528,0.4825,122.91,1.4893,1.5677
2002-10-31,0.9881,1.5630,0.5548,0.4856,122.78,1.4805,1.5610
2002-11-01,0.9971,1.5638,0.5595,0.4920,122.16,1.4673,1.5580
2002-11-04,0.9953,1.5545,0.5610,0.4966,122.46,1.4700,1.5562
2002-11-05,0.9994,1.5625,0.5615,0.4962,121.84,1.4635,1.5563
2002-11-06,0.9974,1.5590,0.5615,0.4951,122.22,1.4663,1.5586
2002-11-07,1.0092,1.5796,0.5660,0.4993,121.26,1.4506,1.5528
2002-11-08,1.0139,1.5915,0.5658,0.4980,119.72,1.4434,1.5644
2002-11-11,,,,,,,
2002-11-12,1.0105,1.5879,0.5610,0.4945,119.57,1.4465,1.5739
2002-11-13,1.0060,1.5850,0.5598,0.4956,120.28,1.4577,1.5765
2002-11-14,1.0034,1.5788,0.5626,0.4995,120.45,1.4615,1.5748
2002-11-15,1.0082,1.5790,0.5628,0.4998,120.37,1.4542,1.5815
2002-11-18,1.0083,1.5790,0.5635,0.4975,121.15,1.4555,1.5903
2002-11-19,1.0107,1.5880,0.5583,0.4962,121.65,1.4527,1.5853
2002-11-20,1.0024,1.5750,0.5595,0.4974,122.52,1.4649,1.5840
2002-11-21,0.9984,1.5753,0.5622,0.5030,122.92,1.4714,1.5783
2002-11-22,0.9966,1.5778,0.5638,0.5025,122.84,1.4768,1.5804
2002-11-25,0.9937,1.5667,0.5590,0.4993,122.32,1.4839,1.5735
2002-11-26,0.9913,1.5485,0.5597,0.4950,121.89,1.4878,1.5720
2002-11-27,0.9895,1.5440,0.5563,0.4925,122.21,1.4895,1.5750
2002-11-28,,,,,,,
2002-11-29,0.9932,1.5553,0.5601,0.4980,122.72,1.4860,1.5658
2002-12-02,0.9927,1.5555,0.5591,0.4975,124.61,1.4845,1.5595
2002-12-03,0.9968,1.5687,0.5589,0.4986,124.42,1.4767,1.5573
2002-12-04,0.9999,1.5682,0.5604,0.5007,124.84,1.4729,1.5579
2002-12-05,0.9989,1.5708,0.5614,0.5018,124.99,1.4731,1.5612
2002-12-06,1.0081,1.5730,0.5603,0.5015,123.69,1.4602,1.5660
2002-12-09,1.0088,1.5785,0.5630,0.5036,123.36,1.4595,1.5615
2002-12-10,1.0073,1.5699,0.5595,0.5033,123.66,1.4628,1.5612
2002-12-11,1.0083,1.5744,0.5607,0.5022,123.46,1.4621,1.5562
2002-12-12,1.0189,1.5800,0.5651,0.5095,122.75,1.4490,1.5550
2002-12-13,1.0226,1.5896,0.5646,0.5136,120.71,1.4421,1.5603
2002-12-16,1.0210,1.5905,0.5660,0.5135,121.28,1.4448,1.5627
2002-12-17,1.0267,1.5963,0.5660,0.5174,121.27,1.4323,1.5510
2002-12-18,1.0254,1.6000,0.5650,0.5143,121.12,1.4296,1.5538
2002-12-19,1.0217,1.5986,0.5650,0.5165,120.86,1.4310,1.5478
2002-12-20,1.0268,1.6015,0.5618,0.5150,120.52,1.4250,1.5525
2002-12-23,1.0217,1.5870,0.5613,0.5152,120.77,1.4250,1.5508
2002-12-24,1.0305,1.5958,0.5630,0.5167,120.27,1.4097,1.5482
2002-12-25,,,,,,,
2002-12-26,1.0358,1.5978,0.5627,0.5174,120.12,1.4039,1.5532
2002-12-27,1.0411,1.6022,0.5608,0.5182,119.92,1.3954,1.5683
2002-12-30,1.0460,1.6044,0.5636,0.5255,118.38,1.3922,1.5792
2002-12-31,1.0485,1.6095,0.5625,0.5239,118.75,1.3833,1.5800
2003-01-01,,,,,,,
2003-01-02,1.0361,1.5975,0.5629,0.5222,119.86,1.4015,1.5750
2003-01-03,1.0418,1.6045,0.5655,0.5246,119.85,1.3975,1.5665
2003-01-06,1.0469,1.6080,0.5762,0.5331,119.06,1.3928,1.5598
2003-01-07,1.0419,1.6055,0.5753,0.5312,120.18,1.3983,1.5590
2003-01-08,1.0447,1.6063,0.5749,0.5301,119.35,1.3963,1.5613
2003-01-09,1.0467,1.6035,0.5765,0.5306,119.57,1.3943,1.5541
2003-01-10,1.0535,1.6079,0.5820,0.5359,119.44,1.3860,1.5502
2003-01-13,1.0535,1.6030,0.5833,0.5382,119.03,1.3868,1.5423
2003-01-14,1.0571,1.6070,0.5832,0.5382,117.96,1.3840,1.5396
2003-01-15,1.0576,1.6029,0.5848,0.5380,117.91,1.3829,1.5353
2003-01-16,1.0569,1.6073,0.5870,0.5431,118.02,1.3828,1.5366
2003-01-17,1.0660,1.6173,0.5909,0.5511,117.88,1.3678,1.5355
2003-01-20,,,,,,,
2003-01-21,1.0677,1.6123,0.5867,0.5437,118.57,1.3687,1.5332
2003-01-22,1.0729,1.6162,0.5862,0.5437,118.15,1.3629,1.5324
2003-01-23,1.0767,1.6233,0.5908,0.5477,117.83,1.3580,1.5240
2003-01-24,1.0825,1.6320,0.5922,0.5502,117.80,1.3528,1.5220
2003-01-27,1.0838,1.6351,0.5896,0.5492,118.64,1.3554,1.5246
2003-01-28,1.0833,1.6400,0.5887,0.5472,118.67,1.3560,1.5359
2003-01-29,1.0861,1.6457,0.5908,0.5492,118.13,1.3512,1.5235
2003-01-30,1.0776,1.6482,0.5872,0.5449,119.22,1.3629,1.5310
2003-01-31,1.0739,1.6448,0.5860,0.5440,119.96,1.3683,1.5286
2003-02-03,1.0761,1.6405,0.5843,0.5439,120.47,1.3631,1.5207
2003-02-04,1.0875,1.6480,0.5906,0.5485,119.75,1.3493,1.5146
2003-02-05,1.0842,1.6455,0.5902,0.5487,119.78,1.3540,1.5195
2003-02-06,1.0828,1.6354,0.5910,0.5484,119.93,1.3541,1.5213
2003-02-07,1.0801,1.6284,0.5903,0.5477,120.40,1.3584,1.5215
2003-02-10,1.0740,1.6275,0.5894,0.5488,121.25,1.3660,1.5315
2003-02-11,1.0747,1.6193,0.5893,0.5489,121.19,1.3653,1.5303
2003-02-12,1.0716,1.6155,0.5900,0.5492,121.30,1.3700,1.5290
2003-02-13,1.0834,1.6209,0.5960,0.5537,120.49,1.3559,1.5199
2003-02-14,1.0799,1.6105,0.5921,0.5517,120.41,1.3618,1.5191
2003-02-17,,,,,,,
2003-02-18,1.0708,1.5921,0.5912,0.5507,118.93,1.3745,1.5150
2003-02-19,1.0744,1.5957,0.5943,0.5525,118.65,1.3697,1.5140
2003-02-20,1.0821,1.5925,0.5985,0.5577,118.18,1.3560,1.5047
2003-02-21,1.0787,1.5864,0.5972,0.5582,118.78,1.3618,1.5052
2003-02-24,1.0783,1.5860,0.6057,0.5654,117.78,1.3592,1.4944
2003-02-25,1.0782,1.5727,0.6053,0.5657,117.14,1.3538,1.4928
2003-02-26,1.0797,1.5806,0.6075,0.5652,117.19,1.3550,1.4939
2003-02-27,1.0763,1.5798,0.6054,0.5620,117.58,1.3598,1.4954
2003-02-28,1.0779,1.5737,0.6075,0.5580,118.22,1.3557,1.4880
2003-03-03,1.0835,1.5755,0.6136,0.5610,117.93,1.3468,1.4853
2003-03-04,1.0883,1.5820,0.6137,0.5612,117.96,1.3400,1.4775
2003-03-05,1.0967,1.6003,0.6161,0.5648,117.32,1.3299,1.4727
2003-03-06,1.0997,1.6049,0.6142,0.5655,117.22,1.3314,1.4714
2003-03-07,1.1014,1.6020,0.6137,0.5612,116.47,1.3338,1.4665
2003-03-10,1.1062,1.6007,0.6157,0.5614,116.55,1.3247,1.4659
2003-03-11,1.1028,1.6038,0.6040,0.5533,117.07,1.3316,1.4725
2003-03-12,1.1023,1.6129,0.5959,0.5504,117.18,1.3315,1.4728
2003-03-13,1.0870,1.6057,0.5941,0.5467,118.31,1.3490,1.4855
2003-03-14,1.0725,1.5821,0.5966,0.5511,118.59,1.3690,1.4822
2003-03-17,1.0606,1.5682,0.5922,0.5486,118.45,1.3845,1.4835
2003-03-18,1.0624,1.5624,0.5927,0.5480,118.90,1.3843,1.4788
2003-03-19,1.0590,1.5648,0.5913,0.5505,120.13,1.3903,1.4804
2003-03-20,1.0613,1.5670,0.5935,0.5535,120.05,1.3870,1.4788
2003-03-21,1.0545,1.5660,0.5905,0.5482,121.42,1.4000,1.4905
2003-03-24,1.0644,1.5748,0.5947,0.5514,120.69,1.3847,1.4805
2003-03-25,1.0673,1.5707,0.5968,0.5512,120.03,1.3805,1.4770
2003-03-26,1.0677,1.5742,0.5972,0.5468,120.13,1.3827,1.4711
2003-03-27,1.0708,1.5676,0.6000,0.5495,119.78,1.3807,1.4673
2003-03-28,1.0762,1.5673,0.6003,0.5497,120.18,1.3724,1.4680
2003-03-31,1.0900,1.5790,0.6045,0.5538,118.07,1.3538,1.4695
2003-04-01,1.0904,1.5767,0.6045,0.5545,118.25,1.3537,1.4729
2003-04-02,1.0765,1.5659,0.5997,0.5497,119.17,1.3794,1.4762
2003-04-03,1.0736,1.5718,0.5996,0.5483,119.55,1.3809,1.4760
2003-04-04,1.0711,1.5597,0.6010,0.5416,120.05,1.3875,1.4720
2003-04-07,1.0621,1.5500,0.5970,0.5375,120.41,1.3995,1.4843
2003-04-08,1.0684,1.5507,0.6004,0.5448,119.91,1.3905,1.4677
2003-04-09,1.0722,1.5562,0.6032,0.5456,120.55,1.3858,1.4678
2003-04-10,1.0803,1.5719,0.6061,0.5464,119.58,1.3846,1.4570
2003-04-11,1.0751,1.5713,0.6047,0.5450,120.47,1.3933,1.4519
2003-04-14,1.0773,1.5713,0.6031,0.5467,120.30,1.3895,1.4533
2003-04-15,1.0801,1.5705,0.6056,0.5514,120.20,1.3912,1.4515
2003-04-16,1.0872,1.5740,0.6115,0.5575,120.04,1.3785,1.4563
2003-04-17,1.0907,1.5748,0.6147,0.5569,119.30,1.3770,1.4490
2003-04-18,1.0882,1.5733,0.6144,0.5565,119.72,1.3810,1.4500
2003-04-21,1.0857,1.5592,0.6140,0.5555,120.55,1.3901,1.4547
2003-04-22,1.0966,1.5768,0.6212,0.5612,119.68,1.3708,1.4473
2003-04-23,1.0949,1.5815,0.6173,0.5575,120.33,1.3759,1.4512
2003-04-24,1.1039,1.5971,0.6205,0.5553,119.83,1.3590,1.4579
2003-04-25,1.1040,1.5915,0.6152,0.5535,120.25,1.3612,1.4535
2003-04-28,1.0999,1.5906,0.6192,0.5564,120.34,1.3695,1.4504
2003-04-29,1.1010,1.5904,0.6200,0.5567,120.14,1.3688,1.4460
2003-04-30,1.1180,1.6000,0.6262,0.5600,119.07,1.3545,1.4336
2003-05-01,1.1238,1.6103,0.6318,0.5616,118.56,1.3420,1.4191
2003-05-02,1.1200,1.6020,0.6298,0.5627,119.10,1.3480,1.4221
2003-05-05,1.1271,1.6060,0.6343,0.5665,118.64,1.3440,1.4134
2003-05-06,1.1354,1.6140,0.6383,0.5705,117.94,1.3331,1.4085
2003-05-07,1.1340,1.5930,0.6362,0.5655,116.51,1.3264,1.4010
2003-05-08,1.1453,1.6034,0.6424,0.5739,116.65,1.3172,1.3950
2003-05-09,1.1498,1.6045,0.6448,0.5764,117.20,1.3114,1.3930
2003-05-12,1.1557,1.6095,0.6482,0.5802,116.94,1.3107,1.3885
2003-05-13,1.1499,1.6092,0.6458,0.5750,116.56,1.3168,1.3898
2003-05-14,1.1498,1.6163,0.6474,0.5755,116.16,1.3157,1.3786
2003-05-15,1.1457,1.6262,0.6425,0.5726,115.94,1.3151,1.3757
2003-05-16,1.1542,1.6241,0.6502,0.5775,116.01,1.3102,1.3672
2003-05-19,1.1686,1.6352,0.6560,0.5855,116.58,1.2945,1.3604
2003-05-20,1.1685,1.6393,0.6572,0.5860,116.77,1.2940,1.3446
2003-05-21,1.1707,1.6415,0.6563,0.5835,117.23,1.2903,1.3498
2003-05-22,1.1700,1.6346,0.6585,0.5829,117.25,1.2940,1.3679
2003-05-23,1.1786,1.6376,0.6575,0.5825,116.89,1.2930,1.3783
2003-05-26,,,,,,,
2003-05-27,1.1853,1.6400,0.6585,0.5834,117.12,1.2851,1.3754
2003-05-28,1.1742,1.6350,0.6479,0.5744,118.73,1.2990,1.3867
2003-05-29,1.1835,1.6484,0.6477,0.5758,118.45,1.2898,1.3769
2003-05-30,1.1766,1.6393,0.6513,0.5759,119.50,1.3022,1.3712
2003-06-02,1.1744,1.6372,0.6564,0.5802,118.52,1.2973,1.3696
2003-06-03,1.1702,1.6278,0.6599,0.5790,119.27,1.3127,1.3768
2003-06-04,1.1708,1.6333,0.6657,0.5803,118.60,1.3129,1.3575
2003-06-05,1.1870,1.6597,0.6674,0.5810,117.61,1.2973,1.3404
2003-06-06,1.1695,1.6622,0.6591,0.5772,118.83,1.3233,1.3540
2003-06-09,1.1743,1.6452,0.6583,0.5748,118.11,1.3131,1.3585
2003-06-10,1.1686,1.6523,0.6565,0.5739,117.68,1.3192,1.3649
2003-06-11,1.1764,1.6675,0.6642,0.5780,117.69,1.3060,1.3523
2003-06-12,1.1767,1.6682,0.6652,0.5790,117.66,1.3104,1.3492
2003-06-13,1.1830,1.6676,0.6671,0.5803,117.46,1.3047,1.3362
2003-06-16,1.1843,1.6815,0.6676,0.5820,117.79,1.3009,1.3397
2003-06-17,1.1812,1.6840,0.6717,0.5851,118.20,1.3051,1.3393
2003-06-18,1.1710,1.6798,0.6729,0.5840,118.40,1.3205,1.3348
2003-06-19,1.1678,1.6740,0.6696,0.5825,118.74,1.3246,1.3508
2003-06-20,1.1616,1.6644,0.6675,0.5845,118.39,1.3290,1.3590
2003-06-23,1.1548,1.6682,0.6643,0.5854,117.55,1.3268,1.3561
2003-06-24,1.1498,1.6607,0.6622,0.5846,117.96,1.3310,1.3614
2003-06-25,1.1592,1.6787,0.6723,0.5881,117.54,1.3257,1.3428
2003-06-26,1.1429,1.6640,0.6651,0.5825,119.32,1.3479,1.3542
2003-06-27,1.1423,1.6492,0.6655,0.5825,119.72,1.3508,1.3494
2003-06-30,1.1502,1.6529,0.6713,0.5866,119.87,1.3519,1.3558
2003-07-01,1.1580,1.6626,0.6760,0.5947,119.45,1.3412,1.3492
2003-07-02,1.1524,1.6646,0.6809,0.5958,118.63,1.3474,1.3368
2003-07-03,1.1503,1.6718,0.6823,0.5958,118.24,1.3465,1.3368
2003-07-04,,,,,,,
2003-07-07,1.1341,1.6515,0.6806,0.5992,118.08,1.3681,1.3486
2003-07-08,1.1265,1.6326,0.6570,0.5862,118.58,1.3765,1.3702
2003-07-09,1.1311,1.6306,0.6545,0.5856,117.85,1.3665,1.3748
2003-07-10,1.1390,1.6326,0.6587,0.5897,117.69,1.3609,1.3822
2003-07-11,1.1304,1.6323,0.6607,0.5937,117.80,1.3724,1.3762
2003-07-14,1.1298,1.6238,0.6600,0.5903,117.54,1.3722,1.3739
2003-07-15,1.1233,1.5986,0.6518,0.5831,117.24,1.3818,1.3927
2003-07-16,1.1209,1.5952,0.6565,0.5855,118.24,1.3760,1.3874
2003-07-17,1.1164,1.5893,0.6517,0.5820,118.87,1.3772,1.3973
2003-07-18,1.1239,1.5867,0.6454,0.5728,118.40,1.3673,1.4114
2003-07-21,1.1346,1.6010,0.6518,0.5744,118.35,1.3551,1.4052
2003-07-22,1.1325,1.5978,0.6505,0.5750,119.34,1.3623,1.4106
2003-07-23,1.1484,1.6090,0.6597,0.5811,118.77,1.3460,1.3990
2003-07-24,1.1441,1.6110,0.6648,0.5867,119.25,1.3517,1.3964
2003-07-25,1.1513,1.6198,0.6642,0.5882,118.82,1.3430,1.3813
2003-07-28,1.1497,1.6272,0.6639,0.5872,119.42,1.3456,1.3827
2003-07-29,1.1466,1.6225,0.6653,0.5911,119.78,1.3497,1.3857
2003-07-30,1.1367,1.6167,0.6525,0.5834,120.55,1.3642,1.4002
2003-07-31,1.1231,1.6090,0.6474,0.5789,120.42,1.3736,1.4074
2003-08-01,1.1252,1.6045,0.6538,0.5857,120.00,1.3668,1.3960
2003-08-04,1.1337,1.6080,0.6472,0.5816,120.47,1.3505,1.4065
2003-08-05,1.1349,1.6085,0.6466,0.5807,119.95,1.3520,1.4045
2003-08-06,1.1357,1.6081,0.6465,0.5806,120.33,1.3491,1.4060
2003-08-07,1.1390,1.6170,0.6510,0.5815,118.91,1.3475,1.3933
2003-08-08,1.1321,1.6080,0.6535,0.5827,119.02,1.3573,1.3935
2003-08-11,1.1349,1.6068,0.6586,0.5879,118.36,1.3590,1.3840
2003-08-12,1.1304,1.6028,0.6568,0.5874,118.53,1.3660,1.3852
2003-08-13,1.1317,1.6082,0.6572,0.5880,119.07,1.3660,1.3836
2003-08-14,1.1249,1.6000,0.6562,0.5863,119.14,1.3717,1.3937
2003-08-15,1.1255,1.5958,0.6583,0.5898,119.24,1.3724,1.3873
2003-08-18,1.1138,1.5891,0.6562,0.5862,119.43,1.3928,1.3913
2003-08-19,1.1117,1.5872,0.6563,0.5851,119.26,1.3922,1.4010
2003-08-20,1.1104,1.5922,0.6593,0.5890,118.23,1.3904,1.4028
2003-08-21,1.0976,1.5845,0.6535,0.5848,117.58,1.4058,1.4067
2003-08-22,1.0871,1.5755,0.6506,0.5848,117.58,1.4181,1.4100
2003-08-25,1.0892,1.5728,0.6513,0.5830,117.43,1.4141,1.3985
2003-08-26,1.0893,1.5732,0.6455,0.5773,117.49,1.4090,1.3933
2003-08-27,1.0906,1.5746,0.6406,0.5715,117.74,1.4099,1.4022
2003-08-28,1.0896,1.5770,0.6390,0.5695,117.44,1.4125,1.3973
2003-08-29,1.0986,1.5773,0.6490,0.5785,116.71,1.4005,1.3850
2003-09-01,,,,,,,
2003-09-02,1.0872,1.5740,0.6402,0.5672,116.15,1.4125,1.3876
2003-09-03,1.0845,1.5732,0.6405,0.5694,116.04,1.4133,1.3816
2003-09-04,1.0899,1.5785,0.6395,0.5691,116.77,1.4125,1.3735
2003-09-05,1.1073,1.5891,0.6468,0.5743,117.06,1.3890,1.3714
2003-09-08,1.1124,1.5858,0.6502,0.5782,116.48,1.3842,1.3710
2003-09-09,1.1190,1.5909,0.6580,0.5839,116.33,1.3825,1.3668
2003-09-10,1.1195,1.5897,0.6575,0.5816,117.13,1.3875,1.3659
2003-09-11,1.1186,1.5937,0.6595,0.5830,117.07,1.3865,1.3709
2003-09-12,1.1307,1.6062,0.6638,0.5833,117.38,1.3764,1.3630
2003-09-15,1.1304,1.6018,0.6665,0.5862,117.41,1.3780,1.3660
2003-09-16,1.1166,1.5871,0.6618,0.5840,116.27,1.3941,1.3690
2003-09-17,1.1239,1.6044,0.6642,0.5813,115.99,1.3827,1.3667
2003-09-18,1.1240,1.6155,0.6659,0.5834,115.27,1.3843,1.3644
2003-09-19,1.1346,1.6315,0.6727,0.5899,113.99,1.3710,1.3469
2003-09-22,1.1468,1.6472,0.6810,0.5973,111.95,1.3548,1.3474
2003-09-23,1.1487,1.6560,0.6789,0.5949,111.65,1.3532,1.3561
2003-09-24,1.1472,1.6558,0.6784,0.5950,111.70,1.3547,1.3543
2003-09-25,1.1484,1.6587,0.6796,0.5940,111.86,1.3463,1.3477
2003-09-26,1.1482,1.6597,0.6745,0.5879,111.80,1.3440,1.3547
2003-09-29,1.1578,1.6642,0.6745,0.5910,111.07,1.3312,1.3552
2003-09-30,1.1650,1.6620,0.6797,0.5950,111.43,1.3208,1.3507
2003-10-01,1.1708,1.6667,0.6830,0.5981,110.61,1.3148,1.3481
2003-10-02,1.1717,1.6750,0.6846,0.5992,110.59,1.3140,1.3388
2003-10-03,1.1596,1.6630,0.6814,0.5935,110.90,1.3353,1.3418
2003-10-06,1.1706,1.6742,0.6848,0.5941,110.81,1.3215,1.3413
2003-10-07,1.1784,1.6628,0.6908,0.5980,109.81,1.3140,1.3295
2003-10-08,1.1805,1.6598,0.6903,0.5973,109.55,1.3127,1.3332
2003-10-09,1.1695,1.6609,0.6880,0.5985,109.34,1.3239,1.3401
2003-10-10,1.1812,1.6654,0.6916,0.5993,108.57,1.3112,1.3210
2003-10-13,,,,,,,
2003-10-14,1.1724,1.6737,0.6889,0.5957,109.29,1.3200,1.3234
2003-10-15,1.1652,1.6698,0.6898,0.5946,109.56,1.3285,1.3243
2003-10-16,1.1665,1.6760,0.6912,0.5947,109.36,1.3278,1.3162
2003-10-17,1.1630,1.6721,0.6918,0.5957,109.57,1.3347,1.3145
2003-10-20,1.1671,1.6749,0.6935,0.5969,110.22,1.3303,1.3200
2003-10-21,1.1676,1.6746,0.6996,0.6023,109.69,1.3296,1.3160
2003-10-22,1.1805,1.6935,0.7067,0.6070,108.95,1.3142,1.3043
2003-10-23,1.1795,1.6943,0.6999,0.6093,109.59,1.3124,1.3087
2003-10-24,1.1833,1.6972,0.7009,0.6102,109.23,1.3067,1.3072
2003-10-27,1.1762,1.6952,0.7038,0.6097,108.38,1.3159,1.3107
2003-10-28,1.1689,1.6956,0.7051,0.6120,108.33,1.3287,1.3108
2003-10-29,1.1673,1.6988,0.7047,0.6124,108.18,1.3293,1.3098
2003-10-30,1.1694,1.7025,0.7075,0.6132,108.27,1.3250,1.3069
2003-10-31,1.1609,1.6956,0.7077,0.6118,110.10,1.3382,1.3195
2003-11-03,1.1454,1.6786,0.6986,0.6090,111.20,1.3607,1.3323
2003-11-04,1.1497,1.6802,0.7017,0.6112,109.60,1.3593,1.3321
2003-11-05,1.1473,1.6780,0.7100,0.6180,109.91,1.3653,1.3312
2003-11-06,1.1417,1.6693,0.7075,0.6136,110.15,1.3737,1.3362
2003-11-07,1.1505,1.6708,0.7092,0.6161,109.29,1.3635,1.3237
2003-11-10,1.1515,1.6737,0.7167,0.6216,107.98,1.3662,1.3108
2003-11-11,,,,,,,
2003-11-12,1.1647,1.6770,0.7180,0.6265,108.55,1.3473,1.3007
2003-11-13,1.1711,1.6880,0.7196,0.6297,108.33,1.3425,1.3000
2003-11-14,1.1743,1.6841,0.7179,0.6297,108.43,1.3333,1.3034
2003-11-17,1.1744,1.6885,0.7105,0.6257,108.98,1.3245,1.3143
2003-11-18,1.1893,1.6998,0.7212,0.6339,108.11,1.3055,1.3025
2003-11-19,1.1909,1.6982,0.7229,0.6385,109.06,1.3032,1.3040
2003-11-20,1.1895,1.7024,0.7238,0.6425,108.99,1.3020,1.3031
2003-11-21,1.1913,1.7025,0.7227,0.6406,108.87,1.2985,1.3042
2003-11-24,1.1768,1.6950,0.7176,0.6379,109.39,1.3198,1.3210
2003-11-25,1.1785,1.6983,0.7186,0.6371,109.72,1.3172,1.3135
2003-11-26,1.1918,1.7090,0.7237,0.6418,109.11,1.2990,1.3045
2003-11-27,,,,,,,
2003-11-28,1.1995,1.7219,0.7236,0.6395,109.53,1.2917,1.2973
2003-12-01,1.1956,1.7209,0.7265,0.6438,109.61,1.3003,1.3023
2003-12-02,1.2084,1.7291,0.7318,0.6466,108.82,1.2875,1.2988
2003-12-03,1.2093,1.7248,0.7358,0.6486,108.17,1.2888,1.3000
2003-12-04,1.2077,1.7200,0.7336,0.6452,108.19,1.2906,1.3125
2003-12-05,1.2157,1.7270,0.7358,0.6448,107.78,1.2755,1.3045
2003-12-08,1.2217,1.7334,0.7402,0.6473,107.23,1.2663,1.2967
2003-12-09,1.2229,1.7430,0.7398,0.6463,107.30,1.2664,1.3092
2003-12-10,1.2215,1.7446,0.7398,0.6485,108.40,1.2657,1.3078
2003-12-11,1.2164,1.7445,0.7355,0.6445,108.23,1.2758,1.3272
2003-12-12,1.2284,1.7466,0.7425,0.6482,107.73,1.2628,1.3150
2003-12-15,1.2290,1.7450,0.7429,0.6486,107.52,1.2635,1.3129
2003-12-16,1.2328,1.7510,0.7436,0.6506,107.60,1.2595,1.3185
2003-12-17,1.2381,1.7615,0.7408,0.6481,107.42,1.2553,1.3250
2003-12-18,1.2376,1.7673,0.7374,0.6450,107.92,1.2555,1.3295
2003-12-19,1.2380,1.7675,0.7365,0.6440,107.94,1.2565,1.3405
2003-12-22,1.2415,1.7635,0.7340,0.6425,107.40,1.2540,1.3320
2003-12-23,1.2406,1.7650,0.7361,0.6410,107.44,1.2583,1.3244
2003-12-24,1.2464,1.7748,0.7430,0.6475,107.29,1.2466,1.3109
2003-12-25,,,,,,,
2003-12-26,1.2441,1.7725,0.7415,0.6481,107.18,1.2523,1.3067
2003-12-29,1.2485,1.7705,0.7422,0.6487,106.93,1.2493,1.3103
2003-12-30,1.2521,1.7786,0.7482,0.6535,107.00,1.2452,1.3036
2003-12-31,1.2597,1.7842,0.7520,0.6557,107.13,1.2380,1.2923
2004-01-01,,,,,,,
2004-01-02,1.2592,1.7902,0.7576,0.6588,106.95,1.2390,1.2900
2004-01-05,1.2679,1.8085,0.7682,0.6717,106.10,1.2322,1.2803
2004-01-06,1.2773,1.8245,0.7702,0.6717,106.20,1.2272,1.2824
2004-01-07,1.2665,1.8193,0.7685,0.6717,106.19,1.2385,1.2884
2004-01-08,1.2772,1.8338,0.7755,0.6761,106.17,1.2253,1.2790
2004-01-09,1.2853,1.8472,0.7777,0.6821,106.54,1.2190,1.2690
2004-01-12,1.2802,1.8511,0.7788,0.6842,106.48,1.2225,1.2735
2004-01-13,1.2735,1.8432,0.7772,0.6825,106.25,1.2262,1.2729
2004-01-14,1.2726,1.8409,0.7779,0.6830,106.06,1.2268,1.2866
2004-01-15,1.2588,1.8205,0.7702,0.6730,106.10,1.2422,1.2990
2004-01-16,1.2395,1.7996,0.7663,0.6664,106.87,1.2659,1.2975
2004-01-19,,,,,,,
2004-01-20,1.2584,1.8187,0.7691,0.6673,107.17,1.2468,1.2861
2004-01-21,1.2617,1.8295,0.7733,0.6708,106.84,1.2426,1.3018
2004-01-22,1.2717,1.8446,0.7791,0.6769,106.08,1.2338,1.2970
2004-01-23,1.2610,1.8203,0.7714,0.6722,106.21,1.2430,1.3115
2004-01-26,1.2552,1.8200,0.7730,0.6727,106.15,1.2484,1.3130
2004-01-27,1.2643,1.8277,0.7805,0.6795,105.56,1.2389,1.3048
2004-01-28,1.2620,1.8370,0.7788,0.6785,105.52,1.2430,1.3218
2004-01-29,1.2389,1.8112,0.7585,0.6673,106.09,1.2621,1.3340
2004-01-30,1.2452,1.8215,0.7625,0.6705,105.84,1.2593,1.3265
2004-02-02,1.2426,1.8182,0.7566,0.6723,105.59,1.2628,1.3385
2004-02-03,1.2561,1.8380,0.7651,0.6805,105.36,1.2478,1.3374
2004-02-04,1.2552,1.8335,0.7624,0.6844,105.53,1.2497,1.3330
2004-02-05,1.2606,1.8378,0.7655,0.6882,105.52,1.2443,1.3318
2004-02-06,1.2694,1.8459,0.7679,0.6903,105.57,1.2343,1.3297
2004-02-09,1.2672,1.8580,0.7760,0.6955,105.68,1.2373,1.3304
2004-02-10,1.2727,1.8697,0.7814,0.6993,105.55,1.2331,1.3289
2004-02-11,1.2815,1.8850,0.7860,0.6994,105.37,1.2293,1.3178
2004-02-12,1.2807,1.8910,0.7887,0.6997,105.42,1.2305,1.3188
2004-02-13,1.2751,1.8830,0.7875,0.7001,105.60,1.2372,1.3148
2004-02-16,,,,,,,
2004-02-17,1.2848,1.9045,0.7979,0.7077,105.80,1.2269,1.3108
2004-02-18,1.2812,1.9023,0.7930,0.7045,106.37,1.2299,1.3182
2004-02-19,1.2685,1.8921,0.7912,0.7008,107.09,1.2426,1.3283
2004-02-20,1.2563,1.8668,0.7740,0.6841,108.83,1.2572,1.3442
2004-02-23,1.2569,1.8686,0.7743,0.6831,108.22,1.2555,1.3363
2004-02-24,1.2692,1.8901,0.7808,0.6906,108.11,1.2401,1.3283
2004-02-25,1.2503,1.8757,0.7722,0.6877,108.99,1.2587,1.3370
2004-02-26,1.2444,1.8609,0.7703,0.6874,109.59,1.2662,1.3433
2004-02-27,1.2441,1.8575,0.7717,0.6852,109.26,1.2680,1.3405
2004-03-01,1.2431,1.8680,0.7725,0.6892,108.93,1.2703,1.3395
2004-03-02,1.2212,1.8386,0.7610,0.6809,110.27,1.2963,1.3437
2004-03-03,1.2088,1.8192,0.7424,0.6635,110.25,1.3038,1.3480
2004-03-04,1.2225,1.8250,0.7529,0.6696,110.74,1.2902,1.3326
2004-03-05,1.2401,1.8428,0.7587,0.6742,111.42,1.2726,1.3191
2004-03-08,1.2371,1.8471,0.7553,0.6743,112.12,1.2788,1.3235
2004-03-09,1.2428,1.8395,0.7635,0.6829,111.20,1.2707,1.3188
2004-03-10,1.2226,1.8000,0.7486,0.6655,111.04,1.2900,1.3275
2004-03-11,1.2268,1.8008,0.7361,0.6453,110.89,1.2784,1.3228
2004-03-12,1.2191,1.7943,0.7325,0.6437,110.82,1.2865,1.3385
2004-03-15,1.2243,1.7993,0.7349,0.6435,110.48,1.2785,1.3322
2004-03-16,1.2270,1.8105,0.7411,0.6497,108.95,1.2800,1.3333
2004-03-17,1.2197,1.8132,0.7392,0.6480,108.18,1.2836,1.3419
2004-03-18,1.2392,1.8363,0.7522,0.6578,106.60,1.2572,1.3290
2004-03-19,1.2269,1.8270,0.7475,0.6557,106.97,1.2710,1.3310
2004-03-22,1.2368,1.8485,0.7548,0.6639,106.84,1.2560,1.3280
2004-03-23,1.2311,1.8502,0.7526,0.6612,106.63,1.2603,1.3320
2004-03-24,1.2213,1.8351,0.7488,0.6557,106.23,1.2680,1.3385
2004-03-25,1.2170,1.8099,0.7407,0.6475,106.06,1.2750,1.3303
2004-03-26,1.2092,1.8104,0.7428,0.6482,105.93,1.2878,1.3194
2004-03-29,1.2141,1.8163,0.7484,0.6529,105.52,1.2872,1.3097
2004-03-30,1.2202,1.8283,0.7531,0.6568,105.61,1.2790,1.3080
2004-03-31,1.2292,1.8400,0.7620,0.6650,104.18,1.2677,1.3100
2004-04-01,1.2358,1.8564,0.7671,0.6678,103.70,1.2627,1.3101
2004-04-02,1.2109,1.8293,0.7584,0.6583,104.55,1.2932,1.3140
2004-04-05,1.2008,1.8140,0.7531,0.6497,105.36,1.3049,1.3152
2004-04-06,1.2089,1.8374,0.7615,0.6543,105.90,1.2928,1.3095
2004-04-07,1.2171,1.8410,0.7674,0.6607,105.20,1.2769,1.3130
2004-04-08,1.2088,1.8325,0.7610,0.6580,106.10,1.2829,1.3260
2004-04-09,1.2102,1.8322,0.7623,0.6597,106.45,1.2819,1.3292
2004-04-12,1.2068,1.8358,0.7677,0.6626,105.50,1.2840,1.3377
2004-04-13,1.1923,1.8160,0.7547,0.6537,106.96,1.3025,1.3363
2004-04-14,1.1940,1.7902,0.7339,0.6340,108.53,1.2992,1.3445
2004-04-15,1.1914,1.7785,0.7379,0.6363,108.58,1.3036,1.3485
2004-04-16,1.2025,1.8004,0.7456,0.6407,107.69,1.2912,1.3445
2004-04-19,1.2019,1.8055,0.7453,0.6434,108.50,1.2908,1.3467
2004-04-20,1.1910,1.7914,0.7371,0.6335,108.43,1.3080,1.3534
2004-04-21,1.1853,1.7720,0.7318,0.6235,109.55,1.3120,1.3590
2004-04-22,1.1861,1.7684,0.7303,0.6250,109.85,1.3136,1.3590
2004-04-23,1.1802,1.7674,0.7287,0.6252,109.38,1.3202,1.3612
2004-04-26,1.1851,1.7857,0.7335,0.6296,108.55,1.3111,1.3559
2004-04-27,1.1927,1.7925,0.7335,0.6302,109.48,1.2968,1.3517
2004-04-28,1.1830,1.7720,0.7232,0.6219,109.85,1.3095,1.3672
2004-04-29,1.1945,1.7751,0.7198,0.6216,109.96,1.2951,1.3697
2004-04-30,1.1975,1.7744,0.7210,0.6242,110.37,1.2984,1.3711
2004-05-03,1.1937,1.7720,0.7198,0.6259,110.34,1.3010,1.3740
2004-05-04,1.2076,1.7907,0.7284,0.6328,110.02,1.2830,1.3702
2004-05-05,1.2165,1.7932,0.7337,0.6356,108.50,1.2745,1.3725
2004-05-06,1.2090,1.7941,0.7238,0.6315,109.58,1.2833,1.3784
2004-05-07,1.1885,1.7842,0.7031,0.6168,112.30,1.3020,1.3858
2004-05-10,1.1834,1.7723,0.6910,0.6032,114.03,1.3030,1.3934
2004-05-11,1.1818,1.7544,0.6953,0.6043,113.67,1.3045,1.3866
2004-05-12,1.1911,1.7743,0.6962,0.6108,113.21,1.2890,1.3878
2004-05-13,1.1801,1.7584,0.6882,0.6020,114.25,1.3076,1.3970
2004-05-14,1.1874,1.7572,0.6895,0.6040,114.30,1.3005,1.3928
2004-05-17,1.2009,1.7695,0.6887,0.6040,114.10,1.2790,1.3855
2004-05-18,1.1971,1.7695,0.6866,0.5995,114.06,1.2824,1.3913
2004-05-19,1.2015,1.7827,0.6978,0.6080,112.77,1.2778,1.3769
2004-05-20,1.1926,1.7710,0.6930,0.6038,113.18,1.2880,1.3705
2004-05-21,1.2009,1.7880,0.7008,0.6112,112.09,1.2797,1.3734
2004-05-24,1.1978,1.7908,0.6982,0.6090,112.66,1.2821,1.3697
2004-05-25,1.2107,1.8135,0.7060,0.6168,112.21,1.2690,1.3763
2004-05-26,1.2102,1.8142,0.7059,0.6187,111.70,1.2724,1.3705
2004-05-27,1.2274,1.8369,0.7179,0.6352,110.77,1.2460,1.3580
2004-05-28,1.2217,1.8330,0.7138,0.6285,110.18,1.2533,1.3666
2004-05-31,,,,,,,
2004-06-01,1.2210,1.8359,0.7067,0.6288,110.45,1.2510,1.3687
2004-06-02,1.2250,1.8381,0.6970,0.6230,110.28,1.2459,1.3618
2004-06-03,1.2205,1.8387,0.6849,0.6159,111.14,1.2520,1.3606
2004-06-04,1.2258,1.8367,0.6922,0.6193,111.27,1.2440,1.3505
2004-06-07,1.2320,1.8386,0.7043,0.6298,109.61,1.2371,1.3450
2004-06-08,1.2273,1.8361,0.7010,0.6271,109.77,1.2373,1.3468
2004-06-09,1.2097,1.8292,0.6920,0.6204,109.74,1.2526,1.3541
2004-06-10,1.2110,1.8380,0.6983,0.6345,109.33,1.2442,1.3572
2004-06-11,1.2011,1.8175,0.6912,0.6290,110.09,1.2597,1.3656
2004-06-14,1.2073,1.8148,0.6883,0.6255,111.15,1.2570,1.3682
2004-06-15,1.2139,1.8278,0.6960,0.6335,109.59,1.2504,1.3699
2004-06-16,1.2006,1.8262,0.6870,0.6294,110.15,1.2678,1.3772
2004-06-17,1.2040,1.8341,0.6840,0.6242,109.63,1.2565,1.3752
2004-06-18,1.2118,1.8368,0.6905,0.6272,108.65,1.2443,1.3645
2004-06-21,1.2110,1.8310,0.6905,0.6275,108.57,1.2469,1.3640
2004-06-22,1.2092,1.8217,0.6855,0.6268,109.00,1.2510,1.3592
2004-06-23,1.2090,1.8184,0.6865,0.6259,108.64,1.2536,1.3614
2004-06-24,1.2170,1.8216,0.6996,0.6337,107.10,1.2425,1.3430
2004-06-25,1.2145,1.8218,0.6990,0.6365,107.82,1.2504,1.3489
2004-06-28,1.2193,1.8294,0.6998,0.6412,107.95,1.2482,1.3435
2004-06-29,1.2124,1.8090,0.6908,0.6325,108.18,1.2615,1.3465
2004-06-30,1.2179,1.8126,0.6952,0.6322,109.43,1.2520,1.3407
2004-07-01,1.2158,1.8160,0.7036,0.6400,108.24,1.2509,1.3325
2004-07-02,1.2307,1.8300,0.7125,0.6468,108.60,1.2336,1.3254
2004-07-05,,,,,,,
2004-07-06,1.2290,1.8423,0.7148,0.6502,109.24,1.2345,1.3261
2004-07-07,1.2384,1.8571,0.7232,0.6566,108.38,1.2264,1.3196
2004-07-08,1.2390,1.8566,0.7221,0.6570,108.76,1.2247,1.3164
2004-07-09,1.2388,1.8555,0.7226,0.6580,108.21,1.2258,1.3207
2004-07-12,1.2409,1.8640,0.7280,0.6612,108.24,1.2243,1.3188
2004-07-13,1.2302,1.8540,0.7216,0.6557,109.37,1.2391,1.3259
2004-07-14,1.2385,1.8564,0.7225,0.6522,109.13,1.2288,1.3225
2004-07-15,1.2373,1.8545,0.7235,0.6506,109.52,1.2340,1.3240
2004-07-16,1.2437,1.8708,0.7310,0.6581,108.77,1.2267,1.3092
2004-07-19,1.2431,1.8734,0.7334,0.6591,108.28,1.2281,1.3082
2004-07-20,1.2377,1.8556,0.7313,0.6571,108.38,1.2381,1.3099
2004-07-21,1.2224,1.8354,0.7131,0.6377,110.10,1.2549,1.3242
2004-07-22,1.2273,1.8470,0.7152,0.6428,109.68,1.2461,1.3136
2004-07-23,1.2122,1.8321,0.7102,0.6360,110.11,1.2632,1.3219
2004-07-26,1.2135,1.8393,0.7090,0.6372,110.08,1.2634,1.3320
2004-07-27,1.2056,1.8219,0.7006,0.6275,111.09,1.2750,1.3353
2004-07-28,1.2046,1.8222,0.6980,0.6277,111.78,1.2761,1.3309
2004-07-29,1.2070,1.8174,0.6994,0.6337,111.88,1.2754,1.3259
2004-07-30,1.2032,1.8183,0.7035,0.6360,111.39,1.2796,1.3296
2004-08-02,1.2034,1.8273,0.7042,0.6406,111.08,1.2784,1.3314
2004-08-03,1.2051,1.8243,0.7046,0.6450,110.60,1.2789,1.3185
2004-08-04,1.2057,1.8248,0.7037,0.6451,111.29,1.2748,1.3152
2004-08-05,1.2050,1.8231,0.7038,0.6448,111.53,1.2764,1.3178
2004-08-06,1.2272,1.8459,0.7148,0.6538,110.05,1.2515,1.3100
2004-08-09,1.2261,1.8403,0.7172,0.6543,110.57,1.2549,1.3165
2004-08-10,1.2306,1.8387,0.7155,0.6550,110.79,1.2528,1.3139
2004-08-11,1.2222,1.8280,0.7132,0.6540,110.78,1.2605,1.3240
2004-08-12,1.2224,1.8210,0.7127,0.6575,111.14,1.2587,1.3323
2004-08-13,1.2354,1.8432,0.7160,0.6651,110.67,1.2405,1.3092
2004-08-16,1.2333,1.8392,0.7169,0.6642,110.64,1.2438,1.3076
2004-08-17,1.2329,1.8288,0.7148,0.6648,110.07,1.2471,1.3080
2004-08-18,1.2299,1.8225,0.7145,0.6639,109.71,1.2496,1.3074
2004-08-19,1.2368,1.8313,0.7245,0.6714,109.34,1.2420,1.2964
2004-08-20,1.2324,1.8213,0.7238,0.6730,109.32,1.2489,1.2980
2004-08-23,1.2196,1.8143,0.7184,0.6675,109.47,1.2650,1.3065
2004-08-24,1.2099,1.7935,0.7064,0.6524,109.63,1.2725,1.3048
2004-08-25,1.2090,1.7965,0.7061,0.6513,110.38,1.2734,1.3047
2004-08-26,1.2084,1.7939,0.7010,0.6489,109.73,1.2746,1.3123
2004-08-27,1.2025,1.7921,0.7040,0.6545,109.51,1.2830,1.3104
2004-08-30,1.2049,1.7925,0.7001,0.6510,109.84,1.2790,1.3174
2004-08-31,1.2183,1.8031,0.7071,0.6564,109.00,1.2641,1.3166
2004-09-01,1.2179,1.7940,0.7039,0.6568,109.62,1.2615,1.3071
2004-09-02,1.2164,1.7916,0.6952,0.6480,109.52,1.2615,1.2995
2004-09-03,1.2052,1.7759,0.6900,0.6455,110.47,1.2713,1.3005
2004-09-06,,,,,,,
2004-09-07,1.2093,1.7733,0.6933,0.6466,109.32,1.2701,1.2882
2004-09-08,1.2164,1.7882,0.6970,0.6498,109.22,1.2624,1.2905
2004-09-09,1.2189,1.7853,0.6880,0.6509,109.69,1.2640,1.2878
2004-09-10,1.2282,1.7979,0.6968,0.6569,109.33,1.2560,1.2880
2004-09-13,1.2251,1.7956,0.6959,0.6556,110.13,1.2593,1.3000
2004-09-14,1.2268,1.8001,0.7030,0.6628,109.40,1.2581,1.2920
2004-09-15,1.2144,1.7772,0.6945,0.6570,110.34,1.2704,1.2987
2004-09-16,1.2154,1.7909,0.6988,0.6597,109.75,1.2713,1.2914
2004-09-17,1.2174,1.7921,0.6971,0.6595,109.97,1.2706,1.3002
2004-09-20,1.2172,1.7880,0.7006,0.6608,109.87,1.2729,1.2944
2004-09-21,1.2264,1.7946,0.7011,0.6613,109.94,1.2595,1.2886
2004-09-22,1.2261,1.7949,0.7075,0.6625,110.53,1.2608,1.2816
2004-09-23,1.2298,1.8003,0.7139,0.6678,110.39,1.2584,1.2782
2004-09-24,1.2256,1.8031,0.7139,0.6679,110.72,1.2638,1.2763
2004-09-27,1.2307,1.8076,0.7133,0.6665,111.13,1.2589,1.2738
2004-09-28,1.2306,1.8105,0.7160,0.6671,111.48,1.2613,1.2754
2004-09-29,1.2308,1.7970,0.7148,0.6692,110.90,1.2620,1.2730
2004-09-30,1.2417,1.8090,0.7244,0.6755,110.20,1.2471,1.2648
2004-10-01,1.2400,1.7976,0.7232,0.6733,110.45,1.2496,1.2629
2004-10-04,1.2274,1.7827,0.7207,0.6695,111.13,1.2663,1.2726
2004-10-05,1.2316,1.7828,0.7232,0.6732,111.21,1.2620,1.2625
2004-10-06,1.2298,1.7790,0.7236,0.6755,111.34,1.2638,1.2592
2004-10-07,1.2286,1.7822,0.7267,0.6755,111.15,1.2645,1.2577
2004-10-08,1.2418,1.7935,0.7352,0.6833,109.44,1.2488,1.2512
2004-10-11,,,,,,,
2004-10-12,1.2320,1.7879,0.7305,0.6790,109.79,1.2564,1.2575
2004-10-13,1.2271,1.7890,0.7235,0.6743,109.78,1.2600,1.2640
2004-10-14,1.2393,1.7972,0.7315,0.6820,109.60,1.2452,1.2528
2004-10-15,1.2478,1.8048,0.7317,0.6873,109.14,1.2327,1.2520
2004-10-18,1.2520,1.8010,0.7267,0.6863,109.23,1.2296,1.2550
2004-10-19,1.2515,1.8039,0.7285,0.6875,108.36,1.2298,1.2542
2004-10-20,1.2627,1.8187,0.7367,0.6925,108.16,1.2181,1.2432
2004-10-21,1.2622,1.8297,0.7390,0.6947,107.43,1.2168,1.2426
2004-10-22,1.2639,1.8277,0.7396,0.6944,107.42,1.2163,1.2379
2004-10-25,1.2783,1.8404,0.7476,0.7017,106.61,1.1982,1.2232
2004-10-26,1.2758,1.8369,0.7460,0.6976,106.63,1.2015,1.2246
2004-10-27,1.2725,1.8323,0.7460,0.6955,106.67,1.2053,1.2253
2004-10-28,1.2759,1.8320,0.7478,0.6855,106.09,1.1962,1.2194
2004-10-29,1.2746,1.8345,0.7468,0.6834,106.04,1.1988,1.2209
2004-11-01,1.2741,1.8323,0.7460,0.6838,106.41,1.2028,1.2229
2004-11-02,1.2703,1.8385,0.7447,0.6847,106.29,1.2075,1.2263
2004-11-03,1.2787,1.8445,0.7539,0.6875,106.20,1.1968,1.2121
2004-11-04,1.2883,1.8440,0.7585,0.6922,106.02,1.1858,1.2053
2004-11-05,1.2938,1.8542,0.7620,0.6948,105.60,1.1806,1.1981
2004-11-08,1.2936,1.8564,0.7578,0.6926,105.57,1.1798,1.1925
2004-11-09,1.2930,1.8589,0.7618,0.6942,105.57,1.1808,1.1950
2004-11-10,1.2925,1.8476,0.7592,0.6845,106.91,1.1792,1.1977
2004-11-11,,,,,,,
2004-11-12,1.2973,1.8552,0.7685,0.6926,105.53,1.1728,1.1919
2004-11-15,1.2944,1.8480,0.7719,0.6986,105.53,1.1787,1.2032
2004-11-16,1.2979,1.8544,0.7728,0.7011,105.35,1.1743,1.1932
2004-11-17,1.3031,1.8580,0.7833,0.7086,104.18,1.1650,1.1925
2004-11-18,1.2982,1.8514,0.7786,0.7086,104.23,1.1691,1.2070
2004-11-19,1.3059,1.8600,0.7852,0.7118,102.80,1.1585,1.1928
2004-11-22,1.3048,1.8590,0.7839,0.7098,103.20,1.1624,1.1848
2004-11-23,1.3090,1.8713,0.7860,0.7130,103.42,1.1581,1.1865
2004-11-24,1.3162,1.8813,0.7863,0.7101,102.94,1.1495,1.1813
2004-11-25,,,,,,,
2004-11-26,1.3288,1.8965,0.7903,0.7189,102.58,1.1389,1.1775
2004-11-29,1.3286,1.8948,0.7852,0.7165,102.61,1.1401,1.1846
2004-11-30,1.3259,1.9073,0.7723,0.7143,103.04,1.1421,1.1902
2004-12-01,1.3308,1.9297,0.7754,0.7169,102.78,1.1440,1.1856
2004-12-02,1.3268,1.9225,0.7769,0.7180,103.11,1.1512,1.1899
2004-12-03,1.3390,1.9375,0.7778,0.7185,102.56,1.1391,1.1976
2004-12-06,1.3431,1.9423,0.7748,0.7203,102.68,1.1381,1.2012
2004-12-07,1.3437,1.9459,0.7754,0.7207,102.74,1.1385,1.2088
2004-12-08,1.3252,1.9283,0.7545,0.7054,104.74,1.1585,1.2248
2004-12-09,1.3274,1.9185,0.7532,0.7080,104.93,1.1545,1.2253
2004-12-10,1.3224,1.9134,0.7495,0.7035,105.45,1.1613,1.2273
2004-12-13,1.3309,1.9235,0.7592,0.7103,104.67,1.1534,1.2286
2004-12-14,1.3280,1.9239,0.7566,0.7092,105.59,1.1566,1.2377
2004-12-15,1.3429,1.9446,0.7652,0.7191,104.02,1.1393,1.2229
2004-12-16,1.3287,1.9375,0.7563,0.7108,104.36,1.1555,1.2363
2004-12-17,1.3295,1.9390,0.7607,0.7139,104.28,1.1571,1.2257
2004-12-20,1.3396,1.9482,0.7644,0.7172,104.01,1.1482,1.2297
2004-12-21,1.3377,1.9263,0.7660,0.7111,104.33,1.1526,1.2271
2004-12-22,1.3390,1.9125,0.7656,0.7127,103.95,1.1525,1.2401
2004-12-23,1.3491,1.9193,0.7654,0.7132,103.71,1.1444,1.2358
2004-12-24,1.3536,1.9236,0.7689,0.7175,103.65,1.1423,1.2291
2004-12-27,1.3625,1.9369,0.7777,0.7218,102.97,1.1351,1.2160
2004-12-28,1.3621,1.9316,0.7787,0.7235,103.13,1.1338,1.2185
2004-12-29,1.3568,1.9157,0.7709,0.7125,104.19,1.1370,1.2165
2004-12-30,1.3623,1.9220,0.7785,0.7181,103.11,1.1342,1.2064
2004-12-31,1.3538,1.9160,0.7805,0.7203,102.68,1.1412,1.2034
2005-01-03,1.3476,1.9058,0.7790,0.7148,102.83,1.1466,1.2108
2005-01-04,1.3295,1.8834,0.7668,0.7069,104.27,1.1674,1.2248
2005-01-05,1.3292,1.8875,0.7678,0.7030,103.95,1.1673,1.2236
2005-01-06,1.3187,1.8751,0.7612,0.6979,104.87,1.1733,1.2371
2005-01-07,1.3062,1.8702,0.7580,0.6955,104.93,1.1859,1.2333
2005-01-10,1.3109,1.8751,0.7596,0.6949,104.32,1.1792,1.2194
2005-01-11,1.3161,1.8796,0.7642,0.7002,103.42,1.1758,1.2142
2005-01-12,1.3281,1.8932,0.7680,0.7070,102.26,1.1649,1.1982
2005-01-13,1.3207,1.8832,0.7670,0.7065,102.55,1.1726,1.2005
2005-01-14,1.3106,1.8695,0.7586,0.6981,102.50,1.1821,1.2188
2005-01-17,,,,,,,
2005-01-18,1.3043,1.8693,0.7578,0.6980,102.36,1.1839,1.2217
2005-01-19,1.3036,1.8742,0.7606,0.7030,102.52,1.1833,1.2268
2005-01-20,1.2959,1.8720,0.7612,0.7056,103.31,1.1904,1.2334
2005-01-21,1.3049,1.8740,0.7712,0.7146,102.85,1.1853,1.2211
2005-01-24,1.3041,1.8778,0.7690,0.7148,102.67,1.1856,1.2258
2005-01-25,1.2954,1.8647,0.7650,0.7090,104.16,1.1960,1.2381
2005-01-26,1.3081,1.8833,0.7751,0.7193,102.90,1.1828,1.2307
2005-01-27,1.3032,1.8866,0.7756,0.7156,103.15,1.1859,1.2366
2005-01-28,1.3033,1.8850,0.7751,0.7132,103.45,1.1876,1.2422
2005-01-31,1.3049,1.8850,0.7759,0.7112,103.55,1.1877,1.2396
2005-02-01,1.3017,1.8792,0.7723,0.7114,103.93,1.1937,1.2405
2005-02-02,1.3015,1.8826,0.7737,0.7115,104.05,1.1949,1.2408
2005-02-03,1.2959,1.8805,0.7703,0.7108,104.55,1.2029,1.2424
2005-02-04,1.2927,1.8850,0.7725,0.7126,103.70,1.2059,1.2495
2005-02-07,1.2773,1.8607,0.7713,0.7044,104.68,1.2222,1.2562
2005-02-08,1.2783,1.8570,0.7669,0.7007,105.65,1.2203,1.2476
2005-02-09,1.2797,1.8582,0.7684,0.7024,105.84,1.2170,1.2511
2005-02-10,1.2882,1.8708,0.7826,0.7125,105.69,1.2087,1.2406
2005-02-11,1.2864,1.8660,0.7853,0.7131,105.75,1.2095,1.2380
2005-02-14,1.2981,1.8917,0.7892,0.7157,104.94,1.1975,1.2342
2005-02-15,1.2986,1.8894,0.7863,0.7168,104.47,1.1938,1.2336
2005-02-16,1.2994,1.8780,0.7819,0.7137,105.62,1.1911,1.2421
2005-02-17,1.3083,1.8950,0.7883,0.7187,105.40,1.1825,1.2310
2005-02-18,1.3075,1.8949,0.7878,0.7247,105.69,1.1822,1.2294
2005-02-21,,,,,,,
2005-02-22,1.3230,1.9092,0.7940,0.7304,104.15,1.1617,1.2301
2005-02-23,1.3208,1.9066,0.7860,0.7237,104.96,1.1638,1.2402
2005-02-24,1.3205,1.9104,0.7871,0.7225,105.41,1.1691,1.2435
2005-02-25,1.3195,1.9149,0.7853,0.7202,105.21,1.1686,1.2407
2005-02-28,1.3274,1.9249,0.7940,0.7288,104.25,1.1585,1.2295
2005-03-01,1.3189,1.9206,0.7847,0.7270,104.37,1.1654,1.2425
2005-03-02,1.3127,1.9124,0.7834,0.7267,104.71,1.1755,1.2395
2005-03-03,1.3130,1.9098,0.7842,0.7283,105.02,1.1787,1.2463
2005-03-04,1.3244,1.9243,0.7919,0.7350,104.46,1.1680,1.2324
2005-03-07,1.3203,1.9159,0.7925,0.7355,105.22,1.1757,1.2300
2005-03-08,1.3342,1.9292,0.7974,0.7398,104.51,1.1607,1.2163
2005-03-09,1.3384,1.9239,0.7930,0.7358,103.87,1.1608,1.2064
2005-03-10,1.3409,1.9233,0.7901,0.7387,104.15,1.1546,1.2050
2005-03-11,1.3465,1.9261,0.7936,0.7399,103.93,1.1501,1.2041
2005-03-14,1.3346,1.9116,0.7866,0.7375,105.01,1.1621,1.2087
2005-03-15,1.3315,1.9134,0.7894,0.7406,104.54,1.1651,1.2064
2005-03-16,1.3423,1.9264,0.7946,0.7450,104.10,1.1522,1.2038
2005-03-17,1.3373,1.9240,0.7935,0.7438,104.57,1.1563,1.2028
2005-03-18,1.3311,1.9192,0.7937,0.7447,104.70,1.1649,1.2027
2005-03-21,1.3165,1.8974,0.7866,0.7370,105.10,1.1785,1.2110
2005-03-22,1.3210,1.8997,0.7918,0.7408,104.99,1.1757,1.2017
2005-03-23,1.3005,1.8712,0.7747,0.7212,105.76,1.1953,1.2133
2005-03-24,1.2957,1.8709,0.7711,0.7146,106.26,1.1990,1.2150
2005-03-25,1.2954,1.8684,0.7719,0.7133,106.32,1.1998,1.2180
2005-03-28,1.2877,1.8657,0.7685,0.7095,107.22,1.2060,1.2234
2005-03-29,1.2913,1.8752,0.7715,0.7118,107.49,1.2034,1.2135
2005-03-30,1.2944,1.8816,0.7717,0.7108,107.33,1.1964,1.2164
2005-03-31,1.2969,1.8888,0.7729,0.7126,107.22,1.1952,1.2094
2005-04-01,1.2896,1.8789,0.7697,0.7090,107.57,1.2042,1.2146
2005-04-04,1.2838,1.8733,0.7670,0.7071,108.28,1.2108,1.2202
2005-04-05,1.2842,1.8773,0.7674,0.7079,108.43,1.2080,1.2198
2005-04-06,1.2868,1.8787,0.7658,0.7121,108.67,1.2061,1.2216
2005-04-07,1.2906,1.8768,0.7684,0.7154,108.44,1.2012,1.2205
2005-04-08,1.2912,1.8824,0.7726,0.7172,108.26,1.1985,1.2252
2005-04-11,1.2972,1.8908,0.7755,0.7215,107.79,1.1935,1.2330
2005-04-12,1.2873,1.8842,0.7734,0.7192,108.26,1.2037,1.2408
2005-04-13,1.2918,1.8930,0.7797,0.7248,107.32,1.2000,1.2365
2005-04-14,1.2819,1.8806,0.7715,0.7212,108.18,1.2135,1.2417
2005-04-15,1.2928,1.8930,0.7703,0.7175,107.65,1.2011,1.2420
2005-04-18,1.3037,1.9052,0.7664,0.7171,107.39,1.1857,1.2482
2005-04-19,1.3034,1.9165,0.7704,0.7214,107.02,1.1843,1.2409
2005-04-20,1.3080,1.9197,0.7755,0.7277,106.82,1.1797,1.2388
2005-04-21,1.3093,1.9104,0.7768,0.7286,106.85,1.1788,1.2384
2005-04-22,1.3068,1.9151,0.7819,0.7321,105.85,1.1821,1.2342
2005-04-25,1.2984,1.9117,0.7799,0.7293,105.67,1.1885,1.2372
2005-04-26,1.2964,1.9040,0.7792,0.7249,106.03,1.1894,1.2462
2005-04-27,1.2938,1.9047,0.7764,0.7217,105.98,1.1920,1.2465
2005-04-28,1.2916,1.9097,0.7795,0.7291,105.97,1.1918,1.2508
2005-04-29,1.2919,1.9122,0.7834,0.7345,104.64,1.1898,1.2568
2005-05-02,1.2857,1.8959,0.7796,0.7295,105.07,1.1980,1.2552
2005-05-03,1.2889,1.8910,0.7737,0.7262,105.16,1.1972,1.2541
2005-05-04,1.2936,1.9000,0.7777,0.7318,104.77,1.1927,1.2502
2005-05-05,1.2936,1.9048,0.7810,0.7356,104.41,1.1969,1.2448
2005-05-06,1.2832,1.8920,0.7763,0.7325,104.93,1.2058,1.2429
2005-05-09,1.2839,1.8836,0.7731,0.7310,105.54,1.2057,1.2377
2005-05-10,1.2877,1.8828,0.7757,0.7315,105.53,1.2010,1.2373
2005-05-11,1.2803,1.8735,0.7745,0.7310,105.74,1.2067,1.2474
2005-05-12,1.2706,1.8650,0.7679,0.7195,106.68,1.2152,1.2493
2005-05-13,1.2645,1.8530,0.7611,0.7122,107.14,1.2227,1.2625
2005-05-16,1.2630,1.8368,0.7565,0.7080,107.02,1.2223,1.2703
2005-05-17,1.2644,1.8401,0.7575,0.7100,107.15,1.2205,1.2664
2005-05-18,1.2660,1.8382,0.7598,0.7122,107.05,1.2189,1.2618
2005-05-19,1.2628,1.8367,0.7585,0.7125,107.43,1.2235,1.2627
2005-05-20,1.2553,1.8246,0.7550,0.7082,108.17,1.2335,1.2627
2005-05-23,1.2575,1.8288,0.7583,0.7093,107.72,1.2311,1.2578
2005-05-24,1.2588,1.8288,0.7623,0.7132,107.46,1.2293,1.2612
2005-05-25,1.2602,1.8312,0.7626,0.7138,107.73,1.2264,1.2641
2005-05-26,1.2517,1.8205,0.7604,0.7115,107.95,1.2359,1.2680
2005-05-27,1.2568,1.8227,0.7623,0.7142,107.88,1.2324,1.2585
2005-05-30,,,,,,,
2005-05-31,1.2349,1.8231,0.7591,0.7065,107.97,1.2447,1.2512
2005-06-01,1.2232,1.8120,0.7498,0.6994,108.42,1.2529,1.2471
2005-06-02,1.2266,1.8156,0.7536,0.6995,108.31,1.2515,1.2473
2005-06-03,1.2227,1.8119,0.7548,0.6999,107.84,1.2545,1.2483
2005-06-06,1.2268,1.8209,0.7649,0.7095,106.86,1.2489,1.2447
2005-06-07,1.2277,1.8320,0.7695,0.7150,106.64,1.2464,1.2471
2005-06-08,1.2320,1.8368,0.7688,0.7160,106.89,1.2456,1.2440
2005-06-09,1.2216,1.8209,0.7675,0.7132,107.52,1.2552,1.2549
2005-06-10,1.2127,1.8128,0.7625,0.7070,108.45,1.2688,1.2492
2005-06-13,1.2035,1.8011,0.7592,0.7040,109.58,1.2778,1.2578
2005-06-14,1.2038,1.8062,0.7655,0.7092,109.38,1.2776,1.2554
2005-06-15,1.2106,1.8219,0.7680,0.7127,109.34,1.2710,1.2397
2005-06-16,1.2089,1.8206,0.7721,0.7154,109.08,1.2742,1.2376
2005-06-17,1.2240,1.8266,0.7776,0.7175,108.83,1.2631,1.2350
2005-06-20,1.2140,1.8231,0.7767,0.7155,109.42,1.2722,1.2319
2005-06-21,1.2134,1.8240,0.7783,0.7163,108.52,1.2702,1.2310
2005-06-22,1.2130,1.8218,0.7792,0.7167,108.89,1.2711,1.2351
2005-06-23,1.2054,1.8180,0.7734,0.7077,108.79,1.2776,1.2311
2005-06-24,1.2088,1.8221,0.7684,0.7058,109.22,1.2749,1.2329
2005-06-27,1.2152,1.8252,0.7686,0.7072,109.39,1.2694,1.2307
2005-06-28,1.2078,1.8157,0.7644,0.7013,109.89,1.2791,1.2310
2005-06-29,1.2101,1.8080,0.7625,0.6988,110.27,1.2786,1.2263
2005-06-30,1.2098,1.7930,0.7618,0.6959,110.91,1.2827,1.2256
2005-07-01,1.1957,1.7708,0.7516,0.6837,111.68,1.2965,1.2418
2005-07-04,,,,,,,
2005-07-05,1.1917,1.7570,0.7418,0.6767,111.61,1.3036,1.2437
2005-07-06,1.1918,1.7583,0.7411,0.6755,112.07,1.3041,1.2365
2005-07-07,1.1928,1.7418,0.7403,0.6730,112.08,1.2978,1.2288
2005-07-08,1.1934,1.7360,0.7410,0.6727,112.17,1.3020,1.2207
2005-07-11,1.2066,1.7563,0.7478,0.6789,111.76,1.2886,1.2115
2005-07-12,1.2200,1.7753,0.7559,0.6847,110.94,1.2754,1.2048
2005-07-13,1.2090,1.7554,0.7478,0.6714,112.08,1.2900,1.2073
2005-07-14,1.2089,1.7585,0.7518,0.6760,112.14,1.2899,1.2071
2005-07-15,1.2037,1.7533,0.7488,0.6737,112.32,1.2962,1.2206
2005-07-18,1.2077,1.7523,0.7541,0.6785,111.62,1.2916,1.2154
2005-07-19,1.2001,1.7364,0.7492,0.6740,112.95,1.3035,1.2186
2005-07-20,1.2046,1.7303,0.7540,0.6743,113.42,1.2971,1.2218
2005-07-21,1.2113,1.7471,0.7630,0.6845,110.47,1.2887,1.2177
2005-07-22,1.2079,1.7413,0.7661,0.6870,110.98,1.2951,1.2180
2005-07-25,1.2054,1.7455,0.7633,0.6838,111.59,1.2965,1.2194
2005-07-26,1.2007,1.7415,0.7585,0.6829,112.30,1.3007,1.2291
2005-07-27,1.2048,1.7438,0.7556,0.6805,112.30,1.2986,1.2341
2005-07-28,1.2121,1.7547,0.7571,0.6830,112.34,1.2880,1.2345
2005-07-29,1.2129,1.7593,0.7594,0.6834,112.25,1.2870,1.2257
2005-08-01,1.2195,1.7695,0.7618,0.6846,112.12,1.2780,1.2136
2005-08-02,1.2209,1.7728,0.7649,0.6878,111.28,1.2753,1.2122
2005-08-03,1.2337,1.7808,0.7718,0.6915,111.05,1.2616,1.2128
2005-08-04,1.2383,1.7797,0.7739,0.6924,111.17,1.2584,1.2119
2005-08-05,1.2327,1.7748,0.7671,0.6895,112.09,1.2663,1.2185
2005-08-08,1.2361,1.7863,0.7652,0.6932,111.87,1.2607,1.2132
2005-08-09,1.2347,1.7844,0.7601,0.6915,112.07,1.2618,1.2140
2005-08-10,1.2345,1.7922,0.7640,0.6941,110.67,1.2608,1.2113
2005-08-11,1.2434,1.8071,0.7737,0.7052,109.92,1.2487,1.2025
2005-08-12,1.2428,1.8148,0.7723,0.7077,109.55,1.2490,1.1946
2005-08-15,1.2362,1.8088,0.7683,0.7050,109.40,1.2553,1.1968
2005-08-16,1.2342,1.8096,0.7688,0.7040,109.37,1.2573,1.1980
2005-08-17,1.2290,1.8076,0.7623,0.7029,109.63,1.2598,1.2070
2005-08-18,1.2178,1.7949,0.7537,0.6954,110.54,1.2705,1.2178
2005-08-19,1.2147,1.7933,0.7505,0.6931,110.68,1.2756,1.2152
2005-08-22,1.2235,1.8022,0.7548,0.6969,109.75,1.2692,1.2040
2005-08-23,1.2213,1.7996,0.7551,0.6973,109.83,1.2722,1.1981
2005-08-24,1.2239,1.7965,0.7552,0.6978,110.35,1.2684,1.1956
2005-08-25,1.2311,1.8045,0.7600,0.6972,109.90,1.2556,1.1888
2005-08-26,1.2324,1.8066,0.7584,0.6972,109.85,1.2541,1.1949
2005-08-29,1.2248,1.8006,0.7522,0.6936,110.53,1.2642,1.1965
2005-08-30,1.2204,1.7840,0.7469,0.6879,111.49,1.2703,1.1919
2005-08-31,1.2330,1.8012,0.7514,0.6932,110.84,1.2546,1.1893
2005-09-01,1.2447,1.8279,0.7609,0.7023,110.16,1.2400,1.1855
2005-09-02,1.2538,1.8403,0.7649,0.7054,109.66,1.2287,1.1880
2005-09-05,,,,,,,
2005-09-06,1.2483,1.8420,0.7668,0.7072,109.67,1.2366,1.1867
2005-09-07,1.2439,1.8394,0.7684,0.7057,110.06,1.2399,1.1855
2005-09-08,1.2400,1.8388,0.7712,0.7053,110.49,1.2442,1.1822
2005-09-09,1.2433,1.8400,0.7731,0.7070,109.69,1.2413,1.1749
2005-09-12,1.2288,1.8236,0.7719,0.7055,109.91,1.2570,1.1854
2005-09-13,1.2263,1.8214,0.7677,0.7020,110.85,1.2625,1.1800
2005-09-14,1.2282,1.8244,0.7710,0.7075,110.27,1.2579,1.1823
2005-09-15,1.2216,1.8069,0.7662,0.7054,110.48,1.2673,1.1863
2005-09-16,1.2214,1.8035,0.7666,0.7038,111.38,1.2710,1.1826
2005-09-19,1.2153,1.8041,0.7671,0.7010,111.30,1.2761,1.1691
2005-09-20,1.2177,1.8046,0.7693,0.7013,111.54,1.2757,1.1704
2005-09-21,1.2208,1.8097,0.7706,0.6989,111.33,1.2710,1.1682
2005-09-22,1.2153,1.7917,0.7633,0.6942,111.63,1.2787,1.1668
2005-09-23,1.2077,1.7788,0.7574,0.6865,112.17,1.2887,1.1713
2005-09-26,1.2036,1.7746,0.7567,0.6849,112.41,1.2935,1.1770
2005-09-27,1.2011,1.7677,0.7537,0.6787,113.32,1.2967,1.1777
2005-09-28,1.2016,1.7639,0.7572,0.6850,113.27,1.2961,1.1782
2005-09-29,1.2020,1.7620,0.7593,0.6920,113.14,1.2964,1.1725
2005-09-30,1.2058,1.7696,0.7643,0.6938,113.29,1.2890,1.1607
2005-10-03,1.1914,1.7558,0.7628,0.6912,114.17,1.3022,1.1657
2005-10-04,1.1918,1.7587,0.7630,0.6948,114.33,1.3018,1.1720
2005-10-05,1.1984,1.7655,0.7567,0.6956,113.72,1.2923,1.1793
2005-10-06,1.2133,1.7728,0.7572,0.6965,113.54,1.2747,1.1815
2005-10-07,1.2115,1.7599,0.7568,0.6960,113.82,1.2796,1.1746
2005-10-10,,,,,,,
2005-10-11,1.2015,1.7489,0.7534,0.6934,114.21,1.2880,1.1754
2005-10-12,1.2040,1.7532,0.7546,0.6970,114.36,1.2850,1.1706
2005-10-13,1.1938,1.7484,0.7468,0.6887,114.97,1.2984,1.1836
2005-10-14,1.2073,1.7677,0.7536,0.6973,114.03,1.2842,1.1854
2005-10-17,1.2040,1.7553,0.7503,0.6968,114.86,1.2910,1.1801
2005-10-18,1.1939,1.7487,0.7474,0.6952,115.71,1.3020,1.1802
2005-10-19,1.1988,1.7627,0.7484,0.6996,115.47,1.2944,1.1776
2005-10-20,1.1982,1.7712,0.7538,0.7022,115.48,1.2915,1.1763
2005-10-21,1.1958,1.7692,0.7473,0.6990,115.93,1.2916,1.1842
2005-10-24,1.1998,1.7711,0.7508,0.7033,115.18,1.2857,1.1887
2005-10-25,1.2099,1.7855,0.7558,0.7053,114.78,1.2762,1.1768
2005-10-26,1.2082,1.7766,0.7543,0.7022,115.81,1.2810,1.1703
2005-10-27,1.2148,1.7836,0.7580,0.7084,115.14,1.2731,1.1695
2005-10-28,1.2089,1.7781,0.7501,0.7036,115.52,1.2767,1.1769
2005-10-31,1.1995,1.7689,0.7480,0.7003,116.36,1.2900,1.1796
2005-11-01,1.1998,1.7630,0.7451,0.6981,116.63,1.2903,1.1765
2005-11-02,1.2067,1.7755,0.7414,0.6919,116.76,1.2780,1.1806
2005-11-03,1.1971,1.7720,0.7400,0.6890,117.21,1.2893,1.1817
2005-11-04,1.1828,1.7510,0.7318,0.6824,118.20,1.3055,1.1815
2005-11-07,1.1795,1.7440,0.7322,0.6788,117.57,1.3081,1.1898
2005-11-08,1.1773,1.7415,0.7358,0.6833,117.10,1.3102,1.1885
2005-11-09,1.1748,1.7415,0.7332,0.6835,117.51,1.3115,1.1857
2005-11-10,1.1740,1.7462,0.7309,0.6875,118.05,1.3100,1.1876
2005-11-11,,,,,,,
2005-11-14,1.1667,1.7349,0.7267,0.6799,118.88,1.3202,1.1960
2005-11-15,1.1695,1.7366,0.7324,0.6854,118.93,1.3197,1.1942
2005-11-16,1.1672,1.7166,0.7307,0.6848,119.17,1.3255,1.1918
2005-11-17,1.1706,1.7190,0.7338,0.6876,118.81,1.3220,1.1864
2005-11-18,1.1741,1.7147,0.7308,0.6867,119.21,1.3188,1.1907
2005-11-21,1.1734,1.7165,0.7366,0.6892,119.03,1.3190,1.1820
2005-11-22,1.1737,1.7138,0.7354,0.6891,119.22,1.3195,1.1771
2005-11-23,1.1799,1.7214,0.7383,0.6938,118.76,1.3144,1.1720
2005-11-24,,,,,,,
2005-11-25,1.1724,1.7155,0.7351,0.6970,119.65,1.3197,1.1691
2005-11-28,1.1804,1.7221,0.7378,0.7009,119.25,1.3110,1.1656
2005-11-29,1.1786,1.7203,0.7390,0.7019,119.48,1.3133,1.1671
2005-11-30,1.1790,1.7321,0.7394,0.7027,119.66,1.3148,1.1670
2005-12-01,1.1702,1.7290,0.7410,0.7037,120.62,1.3210,1.1682
2005-12-02,1.1699,1.7304,0.7468,0.7125,120.77,1.3198,1.1627
2005-12-05,1.1787,1.7397,0.7515,0.7199,120.83,1.3083,1.1565
2005-12-06,1.1784,1.7402,0.7541,0.7171,120.82,1.3066,1.1563
2005-12-07,1.1722,1.7350,0.7468,0.7060,120.93,1.3134,1.1582
2005-12-08,1.1830,1.7514,0.7507,0.7014,120.27,1.2997,1.1572
2005-12-09,1.1824,1.7554,0.7521,0.7042,120.54,1.3024,1.1580
2005-12-12,1.1969,1.7740,0.7554,0.7116,119.90,1.2880,1.1507
2005-12-13,1.1926,1.7674,0.7545,0.7063,120.11,1.2952,1.1516
2005-12-14,1.2041,1.7739,0.7567,0.7071,116.81,1.2788,1.1531
2005-12-15,1.1965,1.7648,0.7470,0.6910,116.55,1.2889,1.1580
2005-12-16,1.2012,1.7716,0.7430,0.6887,115.78,1.2897,1.1560
2005-12-19,1.1996,1.7641,0.7424,0.6902,116.01,1.2932,1.1633
2005-12-20,1.1848,1.7544,0.7328,0.6819,117.01,1.3110,1.1733
2005-12-21,1.1816,1.7402,0.7321,0.6780,117.40,1.3153,1.1691
2005-12-22,1.1883,1.7395,0.7314,0.6720,116.55,1.3103,1.1665
2005-12-23,1.1857,1.7326,0.7279,0.6730,116.38,1.3140,1.1654
2005-12-26,,,,,,,
2005-12-27,1.1856,1.7308,0.7261,0.6748,117.07,1.3142,1.1736
2005-12-28,1.1875,1.7226,0.7301,0.6823,117.62,1.3129,1.1636
2005-12-29,1.1846,1.7261,0.7320,0.6820,117.86,1.3143,1.1642
2005-12-30,1.1842,1.7188,0.7342,0.6845,117.88,1.3148,1.1656
2006-01-02,,,,,,,
2006-01-03,1.1980,1.7404,0.7379,0.6815,116.34,1.2938,1.1565
2006-01-04,1.2091,1.7588,0.7465,0.6883,116.31,1.2801,1.1515
2006-01-05,1.2101,1.7566,0.7482,0.6875,115.96,1.2770,1.1619
2006-01-06,1.2148,1.7697,0.7528,0.6909,114.45,1.2695,1.1650
2006-01-09,1.2064,1.7645,0.7517,0.6922,114.66,1.2794,1.1691
2006-01-10,1.2063,1.7645,0.7490,0.6934,114.64,1.2805,1.1628
2006-01-11,1.2135,1.7643,0.7558,0.6972,113.96,1.2734,1.1579
2006-01-12,1.2035,1.7612,0.7512,0.6932,114.31,1.2859,1.1624
2006-01-13,1.2103,1.7715,0.7535,0.6976,114.43,1.2799,1.1612
2006-01-16,,,,,,,
2006-01-17,1.2073,1.7628,0.7517,0.6903,115.83,1.2833,1.1642
2006-01-18,1.2083,1.7622,0.7488,0.6870,115.35,1.2823,1.1726
2006-01-19,1.2110,1.7618,0.7469,0.6785,115.07,1.2822,1.1662
2006-01-20,1.2101,1.7663,0.7470,0.6784,115.42,1.2826,1.1531
2006-01-23,1.2276,1.7842,0.7523,0.6839,114.67,1.2605,1.1511
2006-01-24,1.2287,1.7885,0.7516,0.6819,114.54,1.2595,1.1547
2006-01-25,1.2252,1.7874,0.7535,0.6850,115.73,1.2636,1.1480
2006-01-26,1.2229,1.7830,0.7532,0.6849,116.27,1.2684,1.1502
2006-01-27,1.2130,1.7733,0.7518,0.6838,117.16,1.2798,1.1470
2006-01-30,1.2091,1.7688,0.7497,0.6820,117.55,1.2864,1.1443
2006-01-31,1.2158,1.7820,0.7572,0.6857,116.88,1.2784,1.1436
2006-02-01,1.2092,1.7781,0.7542,0.6855,117.85,1.2841,1.1401
2006-02-02,1.2100,1.7807,0.7548,0.6893,118.26,1.2845,1.1432
2006-02-03,1.2021,1.7626,0.7491,0.6869,118.95,1.2944,1.1470
2006-02-06,1.1971,1.7462,0.7426,0.6814,118.94,1.3011,1.1455
2006-02-07,1.1974,1.7444,0.7436,0.6825,118.01,1.2982,1.1490
2006-02-08,1.1935,1.7405,0.7393,0.6779,118.69,1.3032,1.1535
2006-02-09,1.1963,1.7411,0.7396,0.6775,118.66,1.3010,1.1455
2006-02-10,1.1920,1.7454,0.7379,0.6793,117.64,1.3049,1.1543
2006-02-13,1.1905,1.7438,0.7396,0.6798,117.63,1.3074,1.1548
2006-02-14,1.1895,1.7343,0.7389,0.6737,117.43,1.3097,1.1546
2006-02-15,1.1884,1.7401,0.7403,0.6762,117.93,1.3107,1.1541
2006-02-16,1.1882,1.7354,0.7380,0.6690,117.91,1.3127,1.1577
2006-02-17,1.1906,1.7403,0.7385,0.6674,118.43,1.3123,1.1522
2006-02-20,,,,,,,
2006-02-21,1.1912,1.7447,0.7394,0.6623,118.85,1.3082,1.1464
2006-02-22,1.1905,1.7425,0.7363,0.6588,118.51,1.3114,1.1482
2006-02-23,1.1923,1.7522,0.7397,0.6624,117.00,1.3083,1.1512
2006-02-24,1.1882,1.7448,0.7399,0.6630,116.87,1.3158,1.1520
2006-02-27,1.1860,1.7409,0.7387,0.6610,115.97,1.3201,1.1418
2006-02-28,1.1925,1.7539,0.7430,0.6634,115.82,1.3111,1.1379
2006-03-01,1.1899,1.7473,0.7429,0.6632,116.18,1.3165,1.1365
2006-03-02,1.2003,1.7493,0.7458,0.6651,116.07,1.3041,1.1320
2006-03-03,1.2028,1.7531,0.7440,0.6658,116.46,1.2990,1.1352
2006-03-06,1.2002,1.7492,0.7409,0.6571,117.46,1.3002,1.1401
2006-03-07,1.1888,1.7362,0.7336,0.6482,117.76,1.3126,1.1468
2006-03-08,1.1914,1.7359,0.7319,0.6490,117.90,1.3088,1.1575
2006-03-09,1.1920,1.7366,0.7354,0.6484,117.96,1.3136,1.1593
2006-03-10,1.1886,1.7256,0.7310,0.6416,119.07,1.3201,1.1605
2006-03-13,1.1942,1.7310,0.7326,0.6408,119.01,1.3141,1.1616
2006-03-14,1.2025,1.7479,0.7362,0.6386,117.36,1.3008,1.1548
2006-03-15,1.2045,1.7460,0.7380,0.6450,117.30,1.2999,1.1553
2006-03-16,1.2151,1.7552,0.7350,0.6377,117.13,1.2931,1.1540
2006-03-17,1.2197,1.7567,0.7291,0.6342,115.89,1.2893,1.1587
2006-03-20,1.2168,1.7563,0.7223,0.6256,116.25,1.2911,1.1627
2006-03-21,1.2079,1.7459,0.7160,0.6225,117.23,1.3038,1.1647
2006-03-22,1.2095,1.7483,0.7204,0.6280,116.72,1.3024,1.1651
2006-03-23,1.1984,1.7367,0.7145,0.6241,117.60,1.3159,1.1657
2006-03-24,1.2034,1.7427,0.7107,0.6118,117.50,1.3099,1.1675
2006-03-27,1.2015,1.7470,0.7056,0.6063,116.62,1.3092,1.1685
2006-03-28,1.2078,1.7497,0.7086,0.6039,117.23,1.3005,1.1696
2006-03-29,1.2030,1.7356,0.7058,0.6035,117.80,1.3091,1.1722
2006-03-30,1.2132,1.7448,0.7140,0.6104,117.41,1.2989,1.1628
2006-03-31,1.2139,1.7393,0.7165,0.6164,117.48,1.3025,1.1670
2006-04-03,1.2124,1.7389,0.7177,0.6148,117.82,1.3044,1.1718
2006-04-04,1.2258,1.7559,0.7203,0.6084,117.44,1.2898,1.1662
2006-04-05,1.2272,1.7497,0.7263,0.6139,117.59,1.2857,1.1619
2006-04-06,1.2216,1.7504,0.7315,0.6146,117.72,1.2913,1.1532
2006-04-07,1.2109,1.7407,0.7279,0.6104,118.31,1.3029,1.1464
2006-04-10,1.2091,1.7405,0.7282,0.6084,118.66,1.3043,1.1466
2006-04-11,1.2125,1.7467,0.7327,0.6105,118.61,1.2997,1.1457
2006-04-12,1.2107,1.7508,0.7315,0.6148,118.47,1.2995,1.1479
2006-04-13,1.2107,1.7529,0.7285,0.6208,118.42,1.2979,1.1514
2006-04-14,1.2106,1.7510,0.7289,0.6180,118.65,1.2990,1.1513
2006-04-17,1.2267,1.7716,0.7375,0.6244,117.68,1.2776,1.1452
2006-04-18,1.2274,1.7762,0.7385,0.6278,117.75,1.2759,1.1421
2006-04-19,1.2345,1.7895,0.7465,0.6334,117.58,1.2705,1.1367
2006-04-20,1.2326,1.7801,0.7376,0.6271,117.49,1.2776,1.1386
2006-04-21,1.2340,1.7817,0.7444,0.6337,116.91,1.2751,1.1372
2006-04-24,1.2373,1.7839,0.7444,0.6313,114.93,1.2701,1.1373
2006-04-25,1.2412,1.7876,0.7456,0.6250,114.83,1.2687,1.1317
2006-04-26,1.2464,1.7897,0.7535,0.6327,114.72,1.2675,1.1271
2006-04-27,1.2525,1.8011,0.7564,0.6328,114.02,1.2611,1.1235
2006-04-28,1.2624,1.8220,0.7593,0.6368,113.79,1.2411,1.1203
2006-05-01,1.2607,1.8286,0.7607,0.6377,113.06,1.2386,1.1130
2006-05-02,1.2644,1.8397,0.7631,0.6410,113.26,1.2345,1.1069
2006-05-03,1.2639,1.8446,0.7711,0.6425,113.44,1.2351,1.1072
2006-05-04,1.2684,1.8485,0.7726,0.6427,113.46,1.2297,1.1066
2006-05-05,1.2733,1.8588,0.7707,0.6413,112.45,1.2257,1.1071
2006-05-08,1.2720,1.8584,0.7697,0.6329,111.55,1.2276,1.1116
2006-05-09,1.2747,1.8632,0.7724,0.6280,111.31,1.2223,1.1022
2006-05-10,1.2799,1.8648,0.7763,0.6277,110.55,1.2186,1.1005
2006-05-11,1.2855,1.8842,0.7781,0.6316,110.26,1.2106,1.0989
2006-05-12,1.2888,1.8911,0.7728,0.6291,110.49,1.2020,1.1085
2006-05-15,1.2826,1.8836,0.7627,0.6226,110.21,1.2087,1.1142
2006-05-16,1.2817,1.8819,0.7656,0.6241,110.07,1.2118,1.1112
2006-05-17,1.2722,1.8820,0.7594,0.6187,110.60,1.2178,1.1116
2006-05-18,1.2795,1.8878,0.7652,0.6233,110.89,1.2123,1.1209
2006-05-19,1.2750,1.8755,0.7569,0.6218,111.76,1.2182,1.1232
2006-05-22,1.2850,1.8861,0.7509,0.6182,111.62,1.2049,1.1194
2006-05-23,1.2844,1.8809,0.7546,0.6240,111.35,1.2083,1.1174
2006-05-24,1.2747,1.8678,0.7526,0.6303,112.80,1.2188,1.1228
2006-05-25,1.2777,1.8719,0.7585,0.6377,111.92,1.2184,1.1072
2006-05-26,1.2739,1.8566,0.7577,0.6329,112.58,1.2265,1.1072
2006-05-29,,,,,,,
2006-05-30,1.2868,1.8825,0.7619,0.6389,112.18,1.2110,1.0995
2006-05-31,1.2833,1.8732,0.7519,0.6366,112.26,1.2159,1.1027
2006-06-01,1.2824,1.8686,0.7480,0.6318,112.43,1.2197,1.1003
2006-06-02,1.2912,1.8817,0.7510,0.6307,111.66,1.2083,1.1001
2006-06-05,1.2953,1.8786,0.7527,0.6336,111.70,1.2027,1.1011
2006-06-06,1.2828,1.8608,0.7422,0.6285,113.26,1.2155,1.1150
2006-06-07,1.2799,1.8585,0.7422,0.6264,113.35,1.2208,1.1117
2006-06-08,1.2648,1.8425,0.7430,0.6269,114.22,1.2330,1.1233
2006-06-09,1.2636,1.8426,0.7499,0.6337,113.89,1.2322,1.1071
2006-06-12,1.2587,1.8440,0.7466,0.6304,114.17,1.2345,1.0991
2006-06-13,1.2574,1.8398,0.7408,0.6232,115.06,1.2356,1.1077
2006-06-14,1.2631,1.8491,0.7396,0.6245,114.85,1.2271,1.1121
2006-06-15,1.2616,1.8477,0.7377,0.6219,115.06,1.2317,1.1172
2006-06-16,1.2623,1.8484,0.7389,0.6173,115.12,1.2326,1.1223
2006-06-19,1.2577,1.8401,0.7375,0.6173,115.26,1.2413,1.1232
2006-06-20,1.2568,1.8399,0.7372,0.6206,115.02,1.2402,1.1163
2006-06-21,1.2665,1.8460,0.7371,0.6198,114.76,1.2329,1.1042
2006-06-22,1.2582,1.8306,0.7349,0.6113,115.94,1.2421,1.1175
2006-06-23,1.2522,1.8204,0.7315,0.6062,116.26,1.2469,1.1241
2006-06-26,1.2554,1.8190,0.7301,0.6042,116.38,1.2455,1.1241
2006-06-27,1.2589,1.8237,0.7340,0.6064,116.26,1.2424,1.1210
2006-06-28,1.2532,1.8159,0.7284,0.5963,116.42,1.2479,1.1240
2006-06-29,1.2534,1.8108,0.7316,0.5958,116.17,1.2490,1.1156
2006-06-30,1.2779,1.8491,0.7423,0.6105,114.51,1.2247,1.1150
2006-07-03,1.2793,1.8410,0.7436,0.6080,114.92,1.2253,1.1112
2006-07-04,,,,,,,
2006-07-05,1.2726,1.8342,0.7407,0.6053,115.65,1.2336,1.1115
2006-07-06,1.2757,1.8376,0.7459,0.6045,115.18,1.2299,1.1116
2006-07-07,1.2822,1.8513,0.7514,0.6095,113.98,1.2223,1.1132
2006-07-10,1.2751,1.8420,0.7484,0.6109,113.97,1.2294,1.1246
2006-07-11,1.2754,1.8431,0.7526,0.6147,114.15,1.2286,1.1339
2006-07-12,1.2706,1.8347,0.7536,0.6154,115.41,1.2344,1.1353
2006-07-13,1.2673,1.8404,0.7539,0.6190,115.45,1.2326,1.1319
2006-07-14,1.2641,1.8364,0.7541,0.6207,116.33,1.2358,1.1274
2006-07-17,1.2529,1.8203,0.7493,0.6224,117.08,1.2476,1.1322
2006-07-18,1.2500,1.8271,0.7464,0.6259,117.44,1.2529,1.1335
2006-07-19,1.2560,1.8377,0.7485,0.6230,117.08,1.2497,1.1353
2006-07-20,1.2639,1.8495,0.7516,0.6233,116.83,1.2435,1.1344
2006-07-21,1.2684,1.8586,0.7529,0.6255,116.34,1.2373,1.1373
2006-07-24,1.2630,1.8492,0.7536,0.6230,116.65,1.2464,1.1414
2006-07-25,1.2576,1.8407,0.7529,0.6248,117.30,1.2534,1.1415
2006-07-26,1.2628,1.8474,0.7594,0.6250,116.85,1.2488,1.1375
2006-07-27,1.2732,1.8627,0.7641,0.6206,115.55,1.2354,1.1346
2006-07-28,1.2748,1.8645,0.7663,0.6174,114.74,1.2333,1.1297
2006-07-31,1.2764,1.8685,0.7664,0.6165,114.44,1.2311,1.1309
2006-08-01,1.2778,1.8711,0.7632,0.6189,114.96,1.2317,1.1312
2006-08-02,1.2798,1.8781,0.7639,0.6204,114.54,1.2293,1.1258
2006-08-03,1.2779,1.8847,0.7600,0.6188,115.27,1.2332,1.1262
2006-08-04,1.2894,1.9098,0.7658,0.6244,114.21,1.2209,1.1269
2006-08-07,1.2867,1.9102,0.7637,0.6243,114.85,1.2223,1.1182
2006-08-08,1.2839,1.9077,0.7609,0.6259,115.01,1.2261,1.1203
2006-08-09,1.2888,1.9089,0.7667,0.6309,115.14,1.2228,1.1197
2006-08-10,1.2765,1.8888,0.7671,0.6335,115.59,1.2373,1.1262
2006-08-11,1.2757,1.8952,0.7673,0.6350,116.18,1.2388,1.1206
2006-08-14,1.2735,1.8902,0.7599,0.6315,116.53,1.2403,1.1240
2006-08-15,1.2788,1.8948,0.7649,0.6343,115.96,1.2372,1.1225
2006-08-16,1.2864,1.8999,0.7699,0.6429,115.71,1.2272,1.1160
2006-08-17,1.2870,1.8940,0.7639,0.6423,115.44,1.2276,1.1160
2006-08-18,1.2810,1.8808,0.7579,0.6394,115.79,1.2339,1.1234
2006-08-21,1.2914,1.8968,0.7640,0.6416,115.86,1.2226,1.1183
2006-08-22,1.2804,1.8881,0.7625,0.6382,116.61,1.2341,1.1153
2006-08-23,1.2794,1.8929,0.7628,0.6405,116.43,1.2357,1.1100
2006-08-24,1.2760,1.8884,0.7632,0.6372,116.38,1.2381,1.1110
2006-08-25,1.2767,1.8884,0.7568,0.6358,117.31,1.2375,1.1078
2006-08-28,1.2784,1.8968,0.7586,0.6387,117.15,1.2358,1.1120
2006-08-29,1.2768,1.8914,0.7607,0.6415,116.92,1.2356,1.1110
2006-08-30,1.2825,1.9042,0.7645,0.6502,117.07,1.2293,1.1099
2006-08-31,1.2793,1.9024,0.7630,0.6545,117.35,1.2336,1.1066
2006-09-01,1.2833,1.9050,0.7663,0.6550,117.21,1.2308,1.1056
2006-09-04,,,,,,,
2006-09-05,1.2810,1.8926,0.7704,0.6469,116.04,1.2347,1.1111
2006-09-06,1.2787,1.8810,0.7659,0.6485,116.73,1.2378,1.1052
2006-09-07,1.2757,1.8763,0.7600,0.6483,116.30,1.2405,1.1099
2006-09-08,1.2673,1.8655,0.7540,0.6370,116.89,1.2480,1.1191
2006-09-11,1.2699,1.8630,0.7510,0.6390,117.57,1.2451,1.1216
2006-09-12,1.2693,1.8747,0.7528,0.6435,117.82,1.2482,1.1186
2006-09-13,1.2708,1.8767,0.7537,0.6458,117.47,1.2491,1.1191
2006-09-14,1.2736,1.8886,0.7548,0.6609,117.47,1.2499,1.1158
2006-09-15,1.2648,1.8783,0.7517,0.6629,117.72,1.2580,1.1192
2006-09-18,1.2671,1.8773,0.7537,0.6655,118.02,1.2541,1.1169
2006-09-19,1.2683,1.8828,0.7539,0.6632,117.60,1.2512,1.1229
2006-09-20,1.2701,1.8894,0.7544,0.6620,117.29,1.2498,1.1272
2006-09-21,1.2730,1.8970,0.7560,0.6618,116.76,1.2519,1.1200
2006-09-22,1.2796,1.9012,0.7513,0.6596,116.45,1.2349,1.1171
2006-09-25,1.2747,1.9001,0.7517,0.6686,116.43,1.2385,1.1163
2006-09-26,1.2687,1.8954,0.7513,0.6666,117.16,1.2436,1.1159
2006-09-27,1.2699,1.8866,0.7495,0.6575,117.53,1.2451,1.1150
2006-09-28,1.2697,1.8746,0.7487,0.6560,117.84,1.2474,1.1108
2006-09-29,1.2687,1.8716,0.7461,0.6530,117.99,1.2504,1.1151
2006-10-02,1.2744,1.8861,0.7484,0.6574,117.66,1.2426,1.1154
2006-10-03,1.2727,1.8873,0.7442,0.6596,117.84,1.2453,1.1210
2006-10-04,1.2687,1.8839,0.7437,0.6620,118.02,1.2517,1.1286
2006-10-05,1.2687,1.8772,0.7449,0.6636,117.69,1.2529,1.1269
2006-10-06,1.2600,1.8712,0.7434,0.6597,118.89,1.2607,1.1261
2006-10-09,,,,,,,
2006-10-10,1.2541,1.8548,0.7442,0.6600,119.68,1.2691,1.1318
2006-10-11,1.2547,1.8568,0.7444,0.6612,119.49,1.2702,1.1357
2006-10-12,1.2537,1.8558,0.7507,0.6602,119.53,1.2708,1.1356
2006-10-13,1.2502,1.8551,0.7506,0.6573,119.81,1.2752,1.1367
2006-10-16,1.2518,1.8606,0.7537,0.6583,119.25,1.2715,1.1384
2006-10-17,1.2564,1.8734,0.7540,0.6658,118.63,1.2645,1.1379
2006-10-18,1.2516,1.8675,0.7538,0.6637,119.09,1.2721,1.1375
2006-10-19,1.2594,1.8760,0.7586,0.6677,118.35,1.2621,1.1325
2006-10-20,1.2613,1.8828,0.7580,0.6676,118.73,1.2587,1.1250
2006-10-23,1.2544,1.8710,0.7576,0.6629,119.32,1.2680,1.1281
2006-10-24,1.2565,1.8745,0.7584,0.6628,119.25,1.2658,1.1271
2006-10-25,1.2591,1.8772,0.7603,0.6609,119.13,1.2648,1.1249
2006-10-26,1.2669,1.8876,0.7621,0.6550,118.62,1.2567,1.1254
2006-10-27,1.2725,1.8968,0.7685,0.6620,117.61,1.2496,1.1185
2006-10-30,1.2717,1.9025,0.7692,0.6655,117.38,1.2488,1.1235
2006-10-31,1.2773,1.9084,0.7743,0.6707,116.82,1.2424,1.1227
2006-11-01,1.2771,1.9091,0.7752,0.6733,117.01,1.2433,1.1313
2006-11-02,1.2780,1.9088,0.7741,0.6740,117.12,1.2443,1.1361
2006-11-03,1.2705,1.9011,0.7699,0.6700,118.06,1.2549,1.1290
2006-11-06,1.2715,1.8967,0.7707,0.6683,118.40,1.2566,1.1290
2006-11-07,1.2806,1.9098,0.7760,0.6719,117.44,1.2460,1.1276
2006-11-08,1.2775,1.9057,0.7707,0.6681,117.74,1.2494,1.1275
2006-11-09,1.2835,1.9067,0.7688,0.6651,117.92,1.2421,1.1291
2006-11-10,1.2861,1.9120,0.7673,0.6662,117.47,1.2388,1.1306
2006-11-13,1.2810,1.9024,0.7629,0.6596,118.14,1.2441,1.1377
2006-11-14,1.2812,1.8946,0.7656,0.6600,117.72,1.2449,1.1393
2006-11-15,1.2808,1.8883,0.7643,0.6593,118.06,1.2472,1.1389
2006-11-16,1.2808,1.8902,0.7683,0.6653,118.12,1.2467,1.1401
2006-11-17,1.2823,1.8936,0.7686,0.6638,117.73,1.2443,1.1458
2006-11-20,1.2810,1.8963,0.7682,0.6681,118.16,1.2434,1.1472
2006-11-21,1.2824,1.8984,0.7693,0.6690,118.00,1.2419,1.1474
2006-11-22,1.2928,1.9145,0.7758,0.6719,116.61,1.2276,1.1414
2006-11-23,,,,,,,
2006-11-24,1.3081,1.9315,0.7782,0.6712,115.93,1.2114,1.1346
2006-11-27,1.3120,1.9368,0.7785,0.6698,116.12,1.2083,1.1330
2006-11-28,1.3162,1.9480,0.7825,0.6763,116.14,1.2062,1.1310
2006-11-29,1.3146,1.9492,0.7836,0.6794,116.29,1.2098,1.1356
2006-11-30,1.3261,1.9693,0.7896,0.6850,115.55,1.1966,1.1413
2006-12-01,1.3316,1.9794,0.7914,0.6843,115.33,1.1947,1.1445
2006-12-04,1.3327,1.9788,0.7894,0.6906,115.37,1.1947,1.1454
2006-12-05,1.3327,1.9746,0.7863,0.6864,114.98,1.1911,1.1415
2006-12-06,1.3307,1.9692,0.7876,0.6849,115.07,1.1933,1.1468
2006-12-07,1.3296,1.9628,0.7909,0.6907,115.13,1.1953,1.1482
2006-12-08,1.3215,1.9564,0.7861,0.6899,116.23,1.2039,1.1499
2006-12-11,1.3223,1.9552,0.7841,0.6883,117.02,1.2036,1.1474
2006-12-12,1.3233,1.9655,0.7846,0.6904,117.15,1.2030,1.1546
2006-12-13,1.3215,1.9663,0.7867,0.6905,117.43,1.2063,1.1544
2006-12-14,1.3174,1.9646,0.7840,0.6904,117.61,1.2126,1.1565
2006-12-15,1.3095,1.9538,0.7826,0.6907,117.84,1.2207,1.1574
2006-12-18,1.3073,1.9458,0.7795,0.6899,118.14,1.2243,1.1571
2006-12-19,1.3194,1.9666,0.7843,0.6948,117.93,1.2141,1.1557
2006-12-20,1.3183,1.9648,0.7859,0.6955,118.39,1.2169,1.1483
2006-12-21,1.3175,1.9622,0.7852,0.6965,118.26,1.2165,1.1538
2006-12-22,1.3131,1.9570,0.7830,0.6995,118.90,1.2207,1.1575
2006-12-25,,,,,,,
2006-12-26,1.3132,1.9568,0.7829,0.7004,118.93,1.2200,1.1596
2006-12-27,1.3125,1.9566,0.7841,0.7025,118.76,1.2253,1.1610
2006-12-28,1.3158,1.9621,0.7881,0.7057,118.95,1.2207,1.1599
2006-12-29,1.3197,1.9586,0.7884,0.7046,119.02,1.2195,1.1652
2007-01-01,,,,,,,
2007-01-02,1.3286,1.9736,0.7960,0.7084,118.83,1.2125,1.1647
2007-01-03,1.3169,1.9498,0.7914,0.7052,119.58,1.2263,1.1699
2007-01-04,1.3094,1.9443,0.7859,0.6981,119.28,1.2314,1.1766
2007-01-05,1.3005,1.9305,0.7797,0.6874,118.77,1.2366,1.1753
2007-01-08,1.3023,1.9385,0.7813,0.6880,118.49,1.2357,1.1777
2007-01-09,1.2995,1.9400,0.7795,0.6896,119.45,1.2417,1.1782
2007-01-10,1.2940,1.9334,0.7766,0.6874,119.52,1.2459,1.1770
2007-01-11,1.2904,1.9439,0.7823,0.6928,120.49,1.2482,1.1761
2007-01-12,1.2926,1.9577,0.7826,0.6915,120.36,1.2485,1.1706
2007-01-15,,,,,,,
2007-01-16,1.2918,1.9605,0.7826,0.6945,120.64,1.2480,1.1748
2007-01-17,1.2948,1.9720,0.7865,0.6910,120.54,1.2456,1.1737
2007-01-18,1.2942,1.9715,0.7886,0.6945,121.32,1.2496,1.1752
2007-01-19,1.2968,1.9759,0.7892,0.6955,121.22,1.2479,1.1722
2007-01-22,1.2957,1.9772,0.7893,0.6994,121.56,1.2484,1.1758
2007-01-23,1.3025,1.9847,0.7921,0.7022,121.54,1.2404,1.1813
2007-01-24,1.2964,1.9675,0.7818,0.6966,120.77,1.2481,1.1824
2007-01-25,1.2980,1.9703,0.7774,0.6997,120.97,1.2439,1.1781
2007-01-26,1.2909,1.9598,0.7724,0.6951,121.53,1.2534,1.1798
2007-01-29,1.2948,1.9592,0.7726,0.6975,121.81,1.2528,1.1815
2007-01-30,1.2954,1.9617,0.7724,0.6890,121.70,1.2530,1.1814
2007-01-31,1.2998,1.9611,0.7740,0.6856,121.02,1.2470,1.1792
2007-02-01,1.3021,1.9686,0.7746,0.6815,120.67,1.2427,1.1756
2007-02-02,1.2960,1.9662,0.7747,0.6798,121.02,1.2476,1.1838
2007-02-05,1.2933,1.9600,0.7769,0.6836,120.34,1.2481,1.1816
2007-02-06,1.2969,1.9693,0.7769,0.6799,120.35,1.2414,1.1819
2007-02-07,1.3020,1.9699,0.7786,0.6852,120.65,1.2398,1.1851
2007-02-08,1.3034,1.9586,0.7812,0.6863,121.19,1.2471,1.1852
2007-02-09,1.3005,1.9512,0.7765,0.6837,121.59,1.2484,1.1736
2007-02-12,1.2962,1.9474,0.7726,0.6854,121.77,1.2532,1.1746
2007-02-13,1.3024,1.9443,0.7774,0.6889,121.24,1.2489,1.1686
2007-02-14,1.3126,1.9628,0.7833,0.6945,120.80,1.2399,1.1660
2007-02-15,1.3140,1.9532,0.7847,0.6940,119.49,1.2362,1.1642
2007-02-16,1.3137,1.9499,0.7868,0.6975,119.23,1.2341,1.1638
2007-02-19,,,,,,,
2007-02-20,1.3134,1.9547,0.7852,0.7005,120.10,1.2369,1.1697
2007-02-21,1.3126,1.9524,0.7899,0.7062,120.99,1.2393,1.1609
2007-02-22,1.3134,1.9571,0.7895,0.7055,121.30,1.2383,1.1616
2007-02-23,1.3164,1.9639,0.7920,0.7067,121.10,1.2332,1.1586
2007-02-26,1.3159,1.9631,0.7931,0.7099,120.76,1.2327,1.1601
2007-02-27,1.3246,1.9661,0.7933,0.7044,118.67,1.2205,1.1639
2007-02-28,1.3230,1.9613,0.7892,0.7012,118.33,1.2189,1.1700
2007-03-01,1.3173,1.9579,0.7863,0.6943,117.53,1.2226,1.1711
2007-03-02,1.3182,1.9458,0.7834,0.6885,116.82,1.2173,1.1752
2007-03-05,1.3094,1.9235,0.7728,0.6782,116.01,1.2218,1.1810
2007-03-06,1.3108,1.9270,0.7737,0.6807,116.50,1.2241,1.1759
2007-03-07,1.3148,1.9315,0.7765,0.6839,116.41,1.2208,1.1785
2007-03-08,1.3129,1.9300,0.7758,0.6850,117.35,1.2287,1.1802
2007-03-09,1.3118,1.9318,0.7806,0.6915,118.15,1.2332,1.1712
2007-03-12,1.3186,1.9291,0.7839,0.6932,117.51,1.2250,1.1689
2007-03-13,1.3199,1.9322,0.7871,0.6975,116.96,1.2218,1.1687
2007-03-14,1.3227,1.9337,0.7860,0.6902,116.33,1.2139,1.1755
2007-03-15,1.3249,1.9365,0.7884,0.6948,117.26,1.2142,1.1757
2007-03-16,1.3307,1.9423,0.7948,0.6977,116.77,1.2079,1.1738
2007-03-19,1.3299,1.9460,0.7996,0.7021,117.58,1.2125,1.1750
2007-03-20,1.3291,1.9580,0.8016,0.7043,117.32,1.2137,1.1638
2007-03-21,1.3305,1.9596,0.8015,0.7045,117.83,1.2151,1.1578
2007-03-22,1.3359,1.9672,0.8083,0.7146,117.79,1.2115,1.1574
2007-03-23,1.3302,1.9632,0.8062,0.7124,117.82,1.2169,1.1601
2007-03-26,1.3336,1.9694,0.8097,0.7162,117.84,1.2144,1.1627
2007-03-27,1.3357,1.9664,0.8089,0.7184,117.80,1.2130,1.1584
2007-03-28,1.3331,1.9611,0.8064,0.7107,116.83,1.2147,1.1579
2007-03-29,1.3336,1.9627,0.8078,0.7145,117.75,1.2166,1.1577
2007-03-30,1.3374,1.9685,0.8104,0.7158,117.56,1.2126,1.1530
2007-04-02,1.3374,1.9786,0.8166,0.7214,117.69,1.2139,1.1556
2007-04-03,1.3363,1.9781,0.8131,0.7209,118.83,1.2192,1.1573
2007-04-04,1.3364,1.9756,0.8180,0.7205,118.72,1.2194,1.1583
2007-04-05,1.3426,1.9708,0.8193,0.7230,118.66,1.2145,1.1509
2007-04-06,1.3380,1.9655,0.8177,0.7221,119.33,1.2215,1.1511
2007-04-09,1.3367,1.9608,0.8167,0.7205,119.28,1.2250,1.1522
2007-04-10,1.3436,1.9718,0.8250,0.7291,119.07,1.2165,1.1479
2007-04-11,1.3436,1.9786,0.8259,0.7283,119.36,1.2194,1.1449
2007-04-12,1.3484,1.9769,0.8276,0.7286,118.99,1.2157,1.1362
2007-04-13,1.3518,1.9829,0.8326,0.7375,119.27,1.2154,1.1379
2007-04-16,1.3550,1.9907,0.8327,0.7409,119.84,1.2132,1.1309
2007-04-17,1.3569,2.0061,0.8367,0.7444,118.96,1.2092,1.1293
2007-04-18,1.3574,2.0041,0.8353,0.7432,118.27,1.2056,1.1288
2007-04-19,1.3605,2.0029,0.8356,0.7439,118.36,1.2044,1.1286
2007-04-20,1.3601,2.0047,0.8363,0.7462,118.81,1.2081,1.1227
2007-04-23,1.3580,2.0017,0.8339,0.7462,118.47,1.2088,1.1225
2007-04-24,1.3622,2.0028,0.8284,0.7426,118.52,1.2031,1.1228
2007-04-25,1.3647,2.0042,0.8333,0.7452,118.62,1.2030,1.1146
2007-04-26,1.3590,1.9903,0.8254,0.7373,119.50,1.2092,1.1202
2007-04-27,1.3625,1.9985,0.8311,0.7410,119.59,1.2081,1.1152
2007-04-30,1.3660,2.0000,0.8326,0.7425,119.44,1.2064,1.1068
2007-05-01,1.3600,1.9993,0.8287,0.7417,119.77,1.2151,1.1088
2007-05-02,1.3598,1.9910,0.8247,0.7387,120.05,1.2138,1.1087
2007-05-03,1.3566,1.9878,0.8241,0.7363,120.33,1.2151,1.1069
2007-05-04,1.3587,1.9931,0.8207,0.7353,120.16,1.2115,1.1069
2007-05-07,1.3616,1.9944,0.8254,0.7377,119.96,1.2096,1.1024
2007-05-08,1.3532,1.9902,0.8277,0.7372,119.89,1.2182,1.1048
2007-05-09,1.3549,1.9963,0.8285,0.7345,119.80,1.2165,1.1063
2007-05-10,1.3512,1.9833,0.8320,0.7326,120.37,1.2192,1.1073
2007-05-11,1.3519,1.9824,0.8326,0.7342,120.19,1.2188,1.1136
2007-05-14,1.3544,1.9803,0.8333,0.7384,120.37,1.2194,1.1067
2007-05-15,1.3603,1.9862,0.8348,0.7387,120.22,1.2135,1.0976
2007-05-16,1.3522,1.9774,0.8248,0.7333,120.74,1.2220,1.1028
2007-05-17,1.3494,1.9748,0.8219,0.7305,121.30,1.2268,1.0976
2007-05-18,1.3511,1.9755,0.8250,0.7310,121.09,1.2267,1.0883
2007-05-21,1.3457,1.9695,0.8200,0.7294,121.57,1.2306,1.0854
2007-05-22,1.3464,1.9768,0.8213,0.7275,121.47,1.2300,1.0854
2007-05-23,1.3482,1.9879,0.8246,0.7312,121.52,1.2266,1.0816
2007-05-24,1.3429,1.9852,0.8207,0.7251,121.46,1.2294,1.0841
2007-05-25,1.3452,1.9845,0.8190,0.7267,121.72,1.2281,1.0794
2007-05-28,,,,,,,
2007-05-29,1.3483,1.9814,0.8202,0.7289,121.79,1.2227,1.0719
2007-05-30,1.3419,1.9747,0.8220,0.7304,121.48,1.2259,1.0753
2007-05-31,1.3453,1.9797,0.8272,0.7365,121.76,1.2252,1.0701
2007-06-01,1.3440,1.9804,0.8313,0.7434,122.10,1.2299,1.0602
2007-06-04,1.3488,1.9922,0.8341,0.7473,121.72,1.2231,1.0579
2007-06-05,1.3526,1.9941,0.8371,0.7516,121.49,1.2187,1.0605
2007-06-06,1.3492,1.9915,0.8408,0.7506,121.08,1.2176,1.0586
2007-06-07,1.3456,1.9798,0.8447,0.7554,121.34,1.2243,1.0611
2007-06-08,1.3359,1.9657,0.8427,0.7565,121.62,1.2345,1.0622
2007-06-11,1.3359,1.9686,0.8426,0.7493,121.78,1.2386,1.0614
2007-06-12,1.3325,1.9750,0.8439,0.7520,121.76,1.2424,1.0636
2007-06-13,1.3295,1.9728,0.8402,0.7504,122.37,1.2447,1.0668
2007-06-14,1.3311,1.9696,0.8349,0.7502,122.97,1.2452,1.0684
2007-06-15,1.3365,1.9765,0.8400,0.7533,123.55,1.2428,1.0678
2007-06-18,1.3401,1.9822,0.8421,0.7540,123.67,1.2409,1.0720
2007-06-19,1.3416,1.9884,0.8460,0.7579,123.39,1.2402,1.0638
2007-06-20,1.3426,1.9937,0.8458,0.7627,123.60,1.2374,1.0646
2007-06-21,1.3399,1.9924,0.8468,0.7621,123.68,1.2404,1.0727
2007-06-22,1.3438,1.9975,0.8482,0.7670,124.09,1.2316,1.0676
2007-06-25,1.3450,1.9962,0.8480,0.7663,123.84,1.2305,1.0712
2007-06-26,1.3468,1.9997,0.8474,0.7668,123.49,1.2284,1.0692
2007-06-27,1.3433,1.9965,0.8375,0.7589,122.52,1.2291,1.0716
2007-06-28,1.3466,2.0022,0.8461,0.7693,123.01,1.2286,1.0626
2007-06-29,1.3520,2.0063,0.8491,0.7730,123.39,1.2240,1.0634
2007-07-02,1.3627,2.0161,0.8596,0.7830,122.32,1.2112,1.0553
2007-07-03,1.3615,2.0168,0.8543,0.7814,122.40,1.2152,1.0593
2007-07-04,,,,,,,
2007-07-05,1.3592,2.0114,0.8561,0.7829,122.82,1.2178,1.0567
2007-07-06,1.3626,2.0119,0.8569,0.7823,123.27,1.2181,1.0478
2007-07-09,1.3623,2.0166,0.8605,0.7809,123.34,1.2170,1.0479
2007-07-10,1.3714,2.0248,0.8622,0.7794,122.19,1.2074,1.0520
2007-07-11,1.3757,2.0320,0.8614,0.7793,122.13,1.2044,1.0557
2007-07-12,1.3776,2.0288,0.8638,0.7819,122.50,1.2033,1.0467
2007-07-13,1.3788,2.0344,0.8688,0.7859,121.99,1.2019,1.0476
2007-07-16,1.3785,2.0374,0.8722,0.7922,121.90,1.2018,1.0430
2007-07-17,1.3782,2.0455,0.8732,0.7910,122.36,1.2030,1.0435
2007-07-18,1.3808,2.0534,0.8778,0.7940,121.83,1.1997,1.0435
2007-07-19,1.3811,2.0490,0.8796,0.7923,122.06,1.2023,1.0425
2007-07-20,1.3831,2.0566,0.8796,0.7965,121.15,1.1998,1.0440
2007-07-23,1.3817,2.0585,0.8835,0.8038,121.31,1.2054,1.0450
2007-07-24,1.3824,2.0626,0.8841,0.8089,120.57,1.2050,1.0372
2007-07-25,1.3711,2.0511,0.8828,0.8032,120.33,1.2140,1.0423
2007-07-26,1.3730,2.0488,0.8780,0.7910,119.14,1.2068,1.0504
2007-07-27,1.3647,2.0290,0.8560,0.7653,118.56,1.2073,1.0590
2007-07-30,1.3681,2.0238,0.8509,0.7625,118.41,1.2015,1.0689
2007-07-31,1.3711,2.0364,0.8594,0.7715,119.13,1.2021,1.0656
2007-08-01,1.3682,2.0309,0.8537,0.7624,118.71,1.2013,1.0565
2007-08-02,1.3693,2.0346,0.8595,0.7697,119.35,1.2060,1.0528
2007-08-03,1.3785,2.0426,0.8573,0.7643,118.43,1.1933,1.0526
2007-08-06,1.3789,2.0293,0.8572,0.7624,118.04,1.1873,1.0513
2007-08-07,1.3747,2.0202,0.8543,0.7611,118.48,1.1954,1.0553
2007-08-08,1.3808,2.0368,0.8618,0.7683,119.76,1.1946,1.0497
2007-08-09,1.3701,2.0271,0.8542,0.7578,118.69,1.1967,1.0566
2007-08-10,1.3686,2.0219,0.8455,0.7462,118.00,1.1969,1.0538
2007-08-13,1.3624,2.0123,0.8430,0.7402,118.47,1.2057,1.0508
2007-08-14,1.3581,2.0000,0.8384,0.7305,118.21,1.2095,1.0635
2007-08-15,1.3479,1.9923,0.8243,0.7159,117.19,1.2181,1.0746
2007-08-16,1.3402,1.9829,0.7860,0.6777,114.03,1.2175,1.0754
2007-08-17,1.3492,1.9828,0.7887,0.6890,113.81,1.2043,1.0635
2007-08-20,1.3468,1.9830,0.8005,0.6958,114.49,1.2066,1.0580
2007-08-21,1.3483,1.9813,0.8000,0.6962,114.42,1.2033,1.0601
2007-08-22,1.3535,1.9916,0.8043,0.7006,114.95,1.2062,1.0620
2007-08-23,1.3560,2.0035,0.8134,0.7087,115.81,1.2061,1.0566
2007-08-24,1.3645,2.0099,0.8242,0.7183,116.12,1.2015,1.0525
2007-08-27,1.3645,2.0134,0.8288,0.7182,116.05,1.2032,1.0515
2007-08-28,1.3626,2.0065,0.8207,0.7032,114.70,1.2006,1.0616
2007-08-29,1.3675,2.0182,0.8190,0.7027,115.52,1.1986,1.0592
2007-08-30,1.3648,2.0160,0.8183,0.7044,115.81,1.2032,1.0567
2007-08-31,1.3641,2.0165,0.8157,0.7025,115.83,1.2071,1.0560
2007-09-03,1.3641,2.0165,0.8157,0.7025,115.83,1.2071,1.0560
2007-09-04,1.3606,2.0109,0.8245,0.6987,116.21,1.2109,1.0493
2007-09-05,1.3669,2.0221,0.8245,0.6900,115.15,1.2025,1.0508
2007-09-06,1.3697,2.0242,0.8275,0.6917,115.33,1.2008,1.0534
2007-09-07,1.3772,2.0283,0.8259,0.6889,113.57,1.1882,1.0546
2007-09-10,1.3794,2.0288,0.8238,0.6938,113.43,1.1860,1.0532
2007-09-11,1.3837,2.0319,0.8310,0.7016,113.97,1.1864,1.0430
2007-09-12,1.3904,2.0314,0.8401,0.7140,114.24,1.1844,1.0372
2007-09-13,1.3885,2.0278,0.8395,0.7171,115.37,1.1870,1.0324
2007-09-14,1.3848,2.0067,0.8415,0.7125,115.31,1.1914,1.0292
2007-09-17,1.3860,1.9920,0.8328,0.7044,114.93,1.1874,1.0307
2007-09-18,1.3869,1.9973,0.8363,0.7099,115.75,1.1891,1.0234
2007-09-19,1.3950,1.9983,0.8555,0.7328,116.21,1.1856,1.0147
2007-09-20,1.4092,2.0132,0.8641,0.7427,114.18,1.1697,1.0011
2007-09-21,1.4076,2.0208,0.8650,0.7415,115.60,1.1735,1.0008
2007-09-24,1.4086,2.0222,0.8669,0.7450,114.92,1.1739,1.0011
2007-09-25,1.4128,2.0169,0.8691,0.7392,114.48,1.1681,1.0005
2007-09-26,1.4126,2.0159,0.8749,0.7445,115.66,1.1710,1.0045
2007-09-27,1.4138,2.0235,0.8776,0.7479,115.76,1.1735,1.0031
2007-09-28,1.4219,2.0389,0.8855,0.7568,114.97,1.1672,0.9959
2007-10-01,1.4229,2.0436,0.8931,0.7662,115.91,1.1683,0.9929
2007-10-02,1.4163,2.0417,0.8846,0.7608,115.83,1.1750,1.0002
2007-10-03,1.4135,2.0369,0.8882,0.7602,116.74,1.1791,0.9961
2007-10-04,1.4128,2.0392,0.8883,0.7553,116.59,1.1752,0.9980
2007-10-05,1.4154,2.0436,0.8998,0.7627,116.83,1.1760,0.9815
2007-10-08,1.4154,2.0436,0.8998,0.7627,116.83,1.1760,0.9815
2007-10-09,1.4092,2.0331,0.8975,0.7622,116.98,1.1838,0.9846
2007-10-10,1.4157,2.0432,0.8992,0.7638,117.17,1.1808,0.9813
2007-10-11,1.4228,2.0342,0.9043,0.7738,117.71,1.1801,0.9744
2007-10-12,1.4168,2.0340,0.9042,0.7755,117.50,1.1852,0.9737
2007-10-15,1.4216,2.0419,0.9012,0.7653,117.37,1.1799,0.9756
2007-10-16,1.4165,2.0327,0.8860,0.7454,116.61,1.1831,0.9778
2007-10-17,1.4208,2.0387,0.8942,0.7538,116.62,1.1816,0.9736
2007-10-18,1.4291,2.0457,0.8947,0.7528,115.64,1.1697,0.9733
2007-10-19,1.4263,2.0484,0.8935,0.7519,115.15,1.1718,0.9637
2007-10-22,1.4138,2.0279,0.8785,0.7411,114.07,1.1777,0.9811
2007-10-23,1.4248,2.0495,0.8943,0.7526,114.65,1.1727,0.9673
2007-10-24,1.4237,2.0491,0.8997,0.7513,113.94,1.1726,0.9710
2007-10-25,1.4299,2.0485,0.9059,0.7608,114.09,1.1671,0.9673
2007-10-26,1.4390,2.0514,0.9163,0.7649,114.01,1.1627,0.9619
2007-10-29,1.4405,2.0609,0.9211,0.7683,114.69,1.1654,0.9547
2007-10-30,1.4424,2.0671,0.9185,0.7662,114.72,1.1615,0.9534
2007-10-31,1.4468,2.0777,0.9271,0.7693,115.27,1.1589,0.9496
2007-11-01,1.4435,2.0818,0.9186,0.7626,114.87,1.1591,0.9497
2007-11-02,1.4481,2.0820,0.9180,0.7612,114.74,1.1543,0.9360
2007-11-05,1.4469,2.0799,0.9196,0.7669,114.54,1.1536,0.9337
2007-11-06,1.4555,2.0859,0.9253,0.7761,114.51,1.1453,0.9243
2007-11-07,1.4667,2.1045,0.9369,0.7839,113.29,1.1335,0.9168
2007-11-08,1.4691,2.1104,0.9266,0.7763,112.66,1.1265,0.9303
2007-11-09,1.4665,2.0911,0.9145,0.7670,110.90,1.1232,0.9385
2007-11-12,,,,,,,
2007-11-13,1.4598,2.0729,0.8893,0.7544,110.31,1.1256,0.9639
2007-11-14,1.4670,2.0586,0.9002,0.7646,111.38,1.1222,0.9608
2007-11-15,1.4639,2.0483,0.8921,0.7583,110.78,1.1224,0.9804
2007-11-16,1.4652,2.0480,0.8909,0.7559,111.05,1.1170,0.9727
2007-11-19,1.4658,2.0478,0.8835,0.7547,110.05,1.1163,0.9839
2007-11-20,1.4787,2.0652,0.8874,0.7623,110.05,1.1099,0.9848
2007-11-21,1.4829,2.0585,0.8698,0.7507,108.54,1.1037,0.9894
2007-11-22,1.4829,2.0585,0.8698,0.7507,108.54,1.1037,0.9894
2007-11-23,1.4825,2.0564,0.8744,0.7558,108.17,1.1026,0.9887
2007-11-26,1.4862,2.0681,0.8778,0.7558,108.17,1.1005,0.9877
2007-11-27,1.4817,2.0653,0.8744,0.7578,108.64,1.1054,0.9968
2007-11-28,1.4750,2.0688,0.8817,0.7702,110.38,1.1186,0.9907
2007-11-29,1.4766,2.0642,0.8830,0.7722,109.94,1.1177,0.9928
2007-11-30,1.4688,2.0567,0.8848,0.7671,111.02,1.1287,1.0007
2007-12-03,1.4657,2.0658,0.8828,0.7667,110.44,1.1291,1.0000
2007-12-04,1.4759,2.0577,0.8726,0.7627,109.68,1.1172,1.0106
2007-12-05,1.4666,2.0288,0.8709,0.7685,110.85,1.1249,1.0127
2007-12-06,1.4638,2.0289,0.8731,0.7732,111.05,1.1276,1.0125
2007-12-07,1.4664,2.0289,0.8807,0.7795,111.72,1.1296,1.0051
2007-12-10,1.4714,2.0457,0.8829,0.7792,111.60,1.1276,1.0103
2007-12-11,1.4702,2.0387,0.8867,0.7828,111.77,1.1330,1.0107
2007-12-12,1.4702,2.0494,0.8857,0.7897,112.36,1.1355,1.0107
2007-12-13,1.4591,2.0395,0.8745,0.7819,112.26,1.1432,1.0216
2007-12-14,1.4433,2.0197,0.8620,0.7675,113.35,1.1536,1.0135
2007-12-17,1.4369,2.0168,0.8570,0.7536,113.20,1.1522,1.0072
2007-12-18,1.4392,2.0140,0.8557,0.7513,113.17,1.1529,1.0105
2007-12-19,1.4344,1.9931,0.8567,0.7557,113.44,1.1563,1.0056
2007-12-20,1.4353,1.9821,0.8577,0.7560,112.97,1.1563,0.9983
2007-12-21,1.4361,1.9833,0.8657,0.7646,113.95,1.1566,0.9943
2007-12-24,1.4409,1.9774,0.8705,0.7673,114.45,1.1567,0.9871
2007-12-25,,,,,,,
2007-12-26,1.4500,1.9833,0.8734,0.7682,114.08,1.1504,0.9834
2007-12-27,1.4601,1.9907,0.8773,0.7698,114.00,1.1409,0.9808
2007-12-28,1.4718,1.9929,0.8740,0.7730,112.93,1.1275,0.9784
2007-12-31,1.4603,1.9843,0.8776,0.7678,111.71,1.1329,0.9881
2008-01-01,,,,,,,
2008-01-02,1.4738,1.9824,0.8812,0.7732,109.70,1.1174,0.9922
2008-01-03,1.4736,1.9733,0.8819,0.7752,109.58,1.1134,0.9905
2008-01-04,1.4786,1.9757,0.8762,0.7712,108.38,1.1064,0.9988
2008-01-07,1.4684,1.9703,0.8712,0.7665,109.10,1.1176,1.0050
2008-01-08,1.4717,1.9731,0.8812,0.7718,109.29,1.1138,0.9985
2008-01-09,1.4663,1.9564,0.8801,0.7713,109.40,1.1151,1.0083
2008-01-10,1.4740,1.9565,0.8891,0.7818,109.38,1.1069,1.0139
2008-01-11,1.4787,1.9592,0.8927,0.7848,109.11,1.1026,1.0198
2008-01-14,1.4877,1.9583,0.8981,0.7900,108.18,1.0928,1.0210
2008-01-15,1.4842,1.9671,0.8875,0.7811,107.07,1.0917,1.0167
2008-01-16,1.4643,1.9638,0.8780,0.7699,107.27,1.1008,1.0238
2008-01-17,1.4690,1.9744,0.8827,0.7694,107.01,1.0993,1.0290
2008-01-18,1.4616,1.9529,0.8759,0.7576,106.82,1.1010,1.0294
2008-01-21,,,,,,,
2008-01-22,1.4609,1.9577,0.8684,0.7640,106.76,1.0986,1.0248
2008-01-23,1.4574,1.9515,0.8654,0.7584,105.42,1.0898,1.0282
2008-01-24,1.4737,1.9733,0.8790,0.7735,106.68,1.0869,1.0071
2008-01-25,1.4673,1.9802,0.8817,0.7707,107.31,1.0986,1.0044
2008-01-28,1.4789,1.9857,0.8833,0.7748,106.65,1.0878,1.0042
2008-01-29,1.4767,1.9857,0.8895,0.7783,107.08,1.0940,0.9978
2008-01-30,1.4782,1.9880,0.8893,0.7814,107.25,1.0927,0.9936
2008-01-31,1.4841,1.9895,0.8968,0.7884,106.74,1.0845,1.0018
2008-02-01,1.4851,1.9687,0.9035,0.7948,106.30,1.0821,0.9939
2008-02-04,1.4832,1.9777,0.9091,0.7949,106.73,1.0892,0.9927
2008-02-05,1.4638,1.9626,0.8997,0.7852,106.94,1.1005,1.0043
2008-02-06,1.4647,1.9604,0.8983,0.7853,106.75,1.0977,1.0023
2008-02-07,1.4495,1.9420,0.8942,0.7900,106.82,1.1049,1.0115
2008-02-08,1.4505,1.9473,0.8945,0.7881,107.34,1.1038,0.9994
2008-02-11,1.4506,1.9486,0.9027,0.7882,106.64,1.1023,1.0018
2008-02-12,1.4592,1.9622,0.9058,0.7944,107.42,1.1006,0.9963
2008-02-13,1.4569,1.9618,0.8934,0.7827,108.15,1.1074,0.9992
2008-02-14,1.4635,1.9708,0.9034,0.7895,107.97,1.0984,0.9967
2008-02-15,1.4674,1.9613,0.9069,0.7889,107.67,1.0913,1.0013
2008-02-18,,,,,,,
2008-02-19,1.4742,1.9511,0.9203,0.7994,107.50,1.0930,1.0159
2008-02-20,1.4663,1.9405,0.9148,0.7945,107.97,1.1003,1.0188
2008-02-21,1.4813,1.9614,0.9206,0.8008,107.60,1.0916,1.0083
2008-02-22,1.4825,1.9668,0.9205,0.8060,106.98,1.0856,1.0155
2008-02-25,1.4822,1.9668,0.9232,0.8082,107.88,1.0856,0.9982
2008-02-26,1.4889,1.9747,0.9292,0.8128,107.73,1.0849,0.9861
2008-02-27,1.5132,1.9923,0.9417,0.8175,106.38,1.0637,0.9776
2008-02-28,1.5172,1.9879,0.9463,0.8146,105.64,1.0533,0.9717
2008-02-29,1.5187,1.9864,0.9370,0.8027,104.19,1.0435,0.9796
2008-03-03,1.5195,1.9850,0.9409,0.8070,103.57,1.0431,0.9867
2008-03-04,1.5210,1.9854,0.9227,0.7973,102.67,1.0354,0.9954
2008-03-05,1.5282,1.9939,0.9319,0.8003,103.99,1.0364,0.9897
2008-03-06,1.5356,2.0073,0.9317,0.8004,103.10,1.0291,0.9847
2008-03-07,1.5333,2.0128,0.9283,0.7943,102.69,1.0250,0.9916
2008-03-10,1.5369,2.0166,0.9177,0.7909,101.80,1.0192,0.9975
2008-03-11,1.5329,2.0041,0.9249,0.7995,102.87,1.0292,0.9953
2008-03-12,1.5495,2.0211,0.9322,0.8063,102.38,1.0217,0.9895
2008-03-13,1.5584,2.0311,0.9411,0.8134,100.58,1.0116,0.9841
2008-03-14,1.5604,2.0294,0.9371,0.8149,100.20,1.0072,0.9867
2008-03-17,1.5765,2.0008,0.9184,0.7990,96.88,0.9860,0.9977
2008-03-18,1.5784,2.0216,0.9271,0.8094,98.23,0.9899,0.9938
2008-03-19,1.5642,1.9858,0.9214,0.8034,99.34,1.0006,1.0027
2008-03-20,1.5417,1.9823,0.8958,0.7881,98.79,1.0107,1.0265
2008-03-21,1.5447,1.9826,0.9016,0.7920,99.40,1.0085,1.0239
2008-03-24,1.5394,1.9852,0.9062,0.7968,100.77,1.0230,1.0203
2008-03-25,1.5595,1.9997,0.9136,0.8036,100.07,1.0088,1.0176
2008-03-26,1.5761,2.0019,0.9196,0.8029,99.12,0.9955,1.0180
2008-03-27,1.5798,2.0097,0.9202,0.8041,99.87,0.9932,1.0146
2008-03-28,1.5759,1.9890,0.9188,0.7982,99.71,0.9981,1.0180
2008-03-31,1.5805,1.9855,0.9132,0.7860,99.85,0.9921,1.0275
2008-04-01,1.5615,1.9774,0.9067,0.7814,101.77,1.0108,1.0268
2008-04-02,1.5618,1.9827,0.9134,0.7905,102.77,1.0148,1.0173
2008-04-03,1.5667,1.9961,0.9152,0.7863,102.21,1.0079,1.0079
2008-04-04,1.5735,1.9947,0.9214,0.7884,101.75,1.0052,1.0088
2008-04-07,1.5713,1.9855,0.9274,0.7968,102.62,1.0144,1.0108
2008-04-08,1.5705,1.9690,0.9278,0.7967,102.55,1.0140,1.0151
2008-04-09,1.5804,1.9726,0.9283,0.7962,101.83,1.0019,1.0192
2008-04-10,1.5744,1.9742,0.9324,0.7985,101.71,1.0051,1.0178
2008-04-11,1.5796,1.9707,0.9290,0.7942,101.09,1.0016,1.0216
2008-04-14,1.5827,1.9816,0.9229,0.7876,100.87,0.9975,1.0207
2008-04-15,1.5801,1.9627,0.9245,0.7842,101.33,1.0019,1.0181
2008-04-16,1.5978,1.9756,0.9396,0.7911,101.40,0.9979,1.0021
2008-04-17,1.5924,1.9908,0.9370,0.7882,102.22,1.0025,1.0107
2008-04-18,1.5742,1.9965,0.9294,0.7870,104.56,1.0253,1.0084
2008-04-21,1.5881,1.9813,0.9418,0.7936,103.38,1.0121,1.0066
2008-04-22,1.6010,1.9994,0.9458,0.7979,102.70,1.0004,1.0033
2008-04-23,1.5898,1.9786,0.9488,0.7989,103.55,1.0146,1.0194
2008-04-24,1.5668,1.9716,0.9395,0.7890,104.20,1.0341,1.0131
2008-04-25,1.5634,1.9833,0.9330,0.7826,104.17,1.0335,1.0163
2008-04-28,1.5648,1.9908,0.9395,0.7869,104.30,1.0339,1.0158
2008-04-29,1.5604,1.9747,0.9347,0.7761,103.40,1.0329,1.0128
2008-04-30,1.5568,1.9847,0.9419,0.7810,104.53,1.0422,1.0092
2008-05-01,1.5458,1.9749,0.9338,0.7771,104.04,1.0478,1.0187
2008-05-02,1.5431,1.9756,0.9366,0.7825,105.33,1.0562,1.0182
2008-05-05,1.5491,1.9679,0.9454,0.7857,105.12,1.0539,1.0125
2008-05-06,1.5548,1.9747,0.9481,0.7915,104.54,1.0485,1.0036
2008-05-07,1.5370,1.9522,0.9426,0.7825,105.28,1.0583,1.0020
2008-05-08,1.5409,1.9543,0.9430,0.7732,103.87,1.0510,1.0149
2008-05-09,1.5447,1.9486,0.9417,0.7668,103.01,1.0432,1.0062
2008-05-12,1.5536,1.9616,0.9467,0.7709,103.83,1.0443,1.0037
2008-05-13,1.5509,1.9470,0.9420,0.7679,104.41,1.0490,0.9996
2008-05-14,1.5467,1.9451,0.9348,0.7625,105.20,1.0558,1.0018
2008-05-15,1.5492,1.9488,0.9415,0.7597,104.61,1.0531,0.9996
2008-05-16,1.5591,1.9580,0.9540,0.7738,103.86,1.0448,0.9966
2008-05-19,1.5516,1.9472,0.9532,0.7730,104.55,1.0545,0.9914
2008-05-20,1.5667,1.9705,0.9599,0.7759,103.66,1.0376,0.9928
2008-05-21,1.5772,1.9669,0.9644,0.7805,103.34,1.0297,0.9840
2008-05-22,1.5703,1.9785,0.9552,0.7847,104.03,1.0324,0.9861
2008-05-23,1.5784,1.9818,0.9608,0.7876,103.22,1.0235,0.9883
2008-05-26,,,,,,,
2008-05-27,1.5731,1.9751,0.9588,0.7898,103.98,1.0284,0.9932
2008-05-28,1.5628,1.9806,0.9616,0.7840,104.69,1.0382,0.9913
2008-05-29,1.5527,1.9759,0.9545,0.7784,105.52,1.0480,0.9871
2008-05-30,1.5560,1.9793,0.9551,0.7838,105.46,1.0426,0.9938
2008-06-02,1.5550,1.9666,0.9548,0.7850,104.41,1.0379,1.0011
2008-06-03,1.5454,1.9650,0.9545,0.7837,105.29,1.0437,1.0051
2008-06-04,1.5453,1.9548,0.9605,0.7824,104.99,1.0408,1.0145
2008-06-05,1.5560,1.9563,0.9567,0.7653,106.00,1.0398,1.0195
2008-06-06,1.5731,1.9695,0.9603,0.7667,105.33,1.0237,1.0187
2008-06-09,1.5718,1.9758,0.9523,0.7622,106.06,1.0237,1.0223
2008-06-10,1.5473,1.9543,0.9448,0.7508,107.19,1.0404,1.0241
2008-06-11,1.5562,1.9646,0.9487,0.7564,106.77,1.0328,1.0170
2008-06-12,1.5418,1.9467,0.9342,0.7502,107.94,1.0441,1.0230
2008-06-13,1.5368,1.9496,0.9390,0.7504,107.92,1.0485,1.0282
2008-06-16,1.5472,1.9637,0.9404,0.7528,108.19,1.0435,1.0210
2008-06-17,1.5519,1.9544,0.9428,0.7541,108.03,1.0428,1.0201
2008-06-18,1.5502,1.9570,0.9441,0.7562,108.05,1.0413,1.0186
2008-06-19,1.5502,1.9729,0.9499,0.7619,107.95,1.0457,1.0130
2008-06-20,1.5626,1.9737,0.9540,0.7628,107.42,1.0345,1.0173
2008-06-23,1.5492,1.9609,0.9507,0.7564,107.89,1.0474,1.0161
2008-06-24,1.5591,1.9707,0.9573,0.7594,107.76,1.0384,1.0135
2008-06-25,1.5570,1.9672,0.9540,0.7563,108.29,1.0424,1.0134
2008-06-26,1.5738,1.9873,0.9573,0.7569,107.29,1.0274,1.0121
2008-06-27,1.5749,1.9938,0.9610,0.7622,106.28,1.0205,1.0120
2008-06-30,1.5748,1.9906,0.9562,0.7609,106.17,1.0202,1.0185
2008-07-01,1.5778,1.9930,0.9535,0.7567,105.73,1.0183,1.0220
2008-07-02,1.5869,1.9925,0.9634,0.7617,105.87,1.0151,1.0127
2008-07-03,1.5708,1.9825,0.9604,0.7564,106.79,1.0273,1.0204
2008-07-04,,,,,,,
2008-07-07,1.5646,1.9697,0.9531,0.7520,107.55,1.0328,1.0174
2008-07-08,1.5653,1.9685,0.9533,0.7515,107.35,1.0324,1.0205
2008-07-09,1.5744,1.9812,0.9585,0.7612,107.12,1.0301,1.0108
2008-07-10,1.5771,1.9777,0.9621,0.7578,107.03,1.0282,1.0103
2008-07-11,1.5898,1.9895,0.9674,0.7611,106.14,1.0179,1.0093
2008-07-14,1.5914,1.9925,0.9721,0.7637,106.18,1.0162,1.0060
2008-07-15,1.5923,2.0036,0.9797,0.7721,104.78,1.0089,1.0015
2008-07-16,1.5847,1.9995,0.9761,0.7719,104.64,1.0148,1.0020
2008-07-17,1.5861,2.0038,0.9750,0.7660,105.82,1.0197,1.0018
2008-07-18,1.5855,1.9985,0.9728,0.7626,106.75,1.0207,1.0053
2008-07-21,1.5877,1.9979,0.9749,0.7598,106.74,1.0207,1.0019
2008-07-22,1.5811,1.9941,0.9715,0.7605,107.11,1.0283,1.0083
2008-07-23,1.5708,2.0021,0.9636,0.7517,107.68,1.0372,1.0088
2008-07-24,1.5657,1.9832,0.9570,0.7417,107.62,1.0390,1.0114
2008-07-25,1.5687,1.9880,0.9562,0.7419,107.89,1.0386,1.0167
2008-07-28,1.5747,1.9943,0.9571,0.7451,107.49,1.0332,1.0220
2008-07-29,1.5588,1.9805,0.9508,0.7364,108.19,1.0454,1.0260
2008-07-30,1.5559,1.9810,0.9434,0.7346,108.17,1.0484,1.0240
2008-07-31,1.5589,1.9806,0.9415,0.7340,108.10,1.0489,1.0261
2008-08-01,1.5567,1.9743,0.9317,0.7268,107.59,1.0480,1.0251
2008-08-04,1.5569,1.9606,0.9299,0.7295,108.23,1.0492,1.0355
2008-08-05,1.5468,1.9532,0.9157,0.7257,108.20,1.0548,1.0425
2008-08-06,1.5409,1.9479,0.9078,0.7179,109.39,1.0602,1.0470
2008-08-07,1.5341,1.9439,0.9079,0.7150,109.44,1.0617,1.0510
2008-08-08,1.5047,1.9193,0.8915,0.7050,110.09,1.0801,1.0677
2008-08-11,1.4958,1.9144,0.8869,0.7012,110.08,1.0828,1.0673
2008-08-12,1.4905,1.9005,0.8757,0.6989,109.78,1.0880,1.0641
2008-08-13,1.4895,1.8682,0.8675,0.6967,108.71,1.0855,1.0658
2008-08-14,1.4856,1.8715,0.8709,0.6995,109.75,1.0911,1.0621
2008-08-15,1.4695,1.8651,0.8676,0.7055,110.48,1.0960,1.0609
2008-08-18,1.4730,1.8673,0.8712,0.7124,110.07,1.0959,1.0603
2008-08-19,1.4746,1.8655,0.8710,0.7123,109.68,1.0927,1.0606
2008-08-20,1.4701,1.8603,0.8712,0.7112,109.98,1.1008,1.0627
2008-08-21,1.4875,1.8758,0.8785,0.7183,108.35,1.0862,1.0454
2008-08-22,1.4800,1.8544,0.8689,0.7106,109.88,1.0970,1.0456
2008-08-25,1.4803,1.8587,0.8676,0.7091,109.11,1.0926,1.0463
2008-08-26,1.4660,1.8387,0.8561,0.6968,109.83,1.1004,1.0486
2008-08-27,1.4684,1.8318,0.8553,0.6982,109.72,1.1009,1.0483
2008-08-28,1.4685,1.8264,0.8618,0.7019,109.56,1.0994,1.0527
2008-08-29,1.4669,1.8190,0.8563,0.6991,108.69,1.1019,1.0631
2008-09-01,,,,,,,
2008-09-02,1.4522,1.7853,0.8360,0.6862,108.85,1.1070,1.0698
2008-09-03,1.4489,1.7795,0.8352,0.6846,108.18,1.1055,1.0610
2008-09-04,1.4360,1.7689,0.8298,0.6794,107.76,1.1094,1.0640
2008-09-05,1.4273,1.7687,0.8107,0.6663,106.96,1.1110,1.0637
2008-09-08,1.4126,1.7543,0.8151,0.6699,107.91,1.1306,1.0694
2008-09-09,1.4173,1.7672,0.8081,0.6719,107.10,1.1250,1.0677
2008-09-10,1.4020,1.7547,0.8036,0.6662,107.86,1.1360,1.0735
2008-09-11,1.3939,1.7497,0.7978,0.6507,106.66,1.1395,1.0797
2008-09-12,1.4172,1.7896,0.8170,0.6635,107.51,1.1335,1.0606
2008-09-15,1.4175,1.7877,0.8080,0.6600,105.67,1.1194,1.0670
2008-09-16,1.4155,1.7802,0.7939,0.6584,105.11,1.1199,1.0737
2008-09-17,1.4215,1.7895,0.7831,0.6540,104.71,1.1208,1.0788
2008-09-18,1.4382,1.8186,0.7989,0.6718,104.85,1.0988,1.0696
2008-09-19,1.4384,1.8297,0.8288,0.6869,107.18,1.1107,1.0469
2008-09-22,1.4697,1.8484,0.8441,0.6939,106.35,1.0834,1.0383
2008-09-23,1.4737,1.8558,0.8385,0.6850,105.80,1.0813,1.0355
2008-09-24,1.4655,1.8502,0.8366,0.6862,106.03,1.0889,1.0351
2008-09-25,1.4643,1.8406,0.8360,0.6835,106.48,1.0883,1.0338
2008-09-26,1.4596,1.8400,0.8292,0.6858,106.06,1.0890,1.0352
2008-09-29,1.4381,1.8044,0.8125,0.6782,105.10,1.0964,1.0393
2008-09-30,1.4081,1.7804,0.7904,0.6690,105.94,1.1189,1.0597
2008-10-01,1.4058,1.7804,0.7937,0.6785,106.06,1.1209,1.0607
2008-10-02,1.3854,1.7655,0.7770,0.6644,105.30,1.1339,1.0769
2008-10-03,1.3816,1.7740,0.7750,0.6626,105.76,1.1295,1.0815
2008-10-06,1.3508,1.7380,0.7139,0.6264,101.26,1.1456,1.1027
2008-10-07,1.3649,1.7592,0.7216,0.6362,102.30,1.1399,1.1055
2008-10-08,1.3680,1.7310,0.6690,0.6017,99.73,1.1272,1.1246
2008-10-09,1.3646,1.7225,0.7015,0.6171,100.67,1.1311,1.1483
2008-10-10,1.3471,1.7037,0.6531,0.5960,99.44,1.1221,1.1900
2008-10-13,,,,,,,
2008-10-14,1.3658,1.7482,0.7054,0.6247,102.17,1.1347,1.1599
2008-10-15,1.3567,1.7432,0.6833,0.6184,101.47,1.1346,1.1804
2008-10-16,1.3416,1.7243,0.6708,0.6102,100.46,1.1332,1.1953
2008-10-17,1.3462,1.7307,0.6907,0.6153,101.40,1.1339,1.1820
2008-10-20,1.3314,1.7134,0.6969,0.6195,101.74,1.1511,1.1977
2008-10-21,1.3102,1.6837,0.6813,0.6122,100.43,1.1581,1.2208
2008-10-22,1.2835,1.6174,0.6698,0.5937,98.63,1.1656,1.2496
2008-10-23,1.2878,1.6181,0.6657,0.5892,97.60,1.1625,1.2573
2008-10-24,1.2639,1.5631,0.6165,0.5539,92.64,1.1526,1.2735
2008-10-27,1.2446,1.5472,0.6073,0.5410,93.28,1.1581,1.2935
2008-10-28,1.2476,1.5591,0.6252,0.5528,95.68,1.1612,1.2942
2008-10-29,1.2851,1.6298,0.6683,0.5855,97.48,1.1371,1.2302
2008-10-30,1.2850,1.6270,0.6695,0.5877,97.47,1.1450,1.2229
2008-10-31,1.2682,1.6165,0.6574,0.5815,98.28,1.1669,1.2158
2008-11-03,1.2719,1.5855,0.6823,0.5975,98.95,1.1681,1.1866
2008-11-04,1.3021,1.6095,0.7005,0.6125,100.48,1.1627,1.1502
2008-11-05,1.3039,1.6156,0.6972,0.6075,98.95,1.1606,1.1590
2008-11-06,1.2756,1.5814,0.6790,0.5964,98.04,1.1745,1.1816
2008-11-07,1.2777,1.5788,0.6726,0.5898,98.15,1.1761,1.1830
2008-11-10,1.2760,1.5639,0.6755,0.5871,97.96,1.1784,1.1948
2008-11-11,,,,,,,
2008-11-12,1.2558,1.5012,0.6449,0.5640,95.54,1.1790,1.2296
2008-11-13,1.2526,1.4799,0.6402,0.5562,95.95,1.1995,1.2311
2008-11-14,1.2731,1.4860,0.6627,0.5624,96.66,1.1870,1.2241
2008-11-17,1.2726,1.5030,0.6562,0.5601,97.03,1.1954,1.2213
2008-11-18,1.2690,1.5042,0.6575,0.5550,97.38,1.1976,1.2237
2008-11-19,1.2595,1.5095,0.6501,0.5506,96.75,1.2103,1.2370
2008-11-20,1.2525,1.4789,0.6191,0.5312,94.98,1.2197,1.2850
2008-11-21,1.2531,1.4816,0.6254,0.5313,95.42,1.2237,1.2849
2008-11-24,1.2890,1.5177,0.6501,0.5471,96.69,1.1968,1.2246
2008-11-25,1.3030,1.5349,0.6488,0.5469,95.53,1.1863,1.2214
2008-11-26,1.2828,1.5218,0.6470,0.5492,95.46,1.2064,1.2338
2008-11-27,,,,,,,
2008-11-28,1.2694,1.5348,0.6546,0.5500,95.46,1.2165,1.2360
2008-12-01,1.2634,1.4840,0.6447,0.5355,93.71,1.2076,1.2370
2008-12-02,1.2724,1.4949,0.6443,0.5319,93.64,1.2062,1.2422
2008-12-03,1.2669,1.4783,0.6482,0.5336,93.25,1.2142,1.2573
2008-12-04,1.2840,1.4791,0.6527,0.5382,92.78,1.1971,1.2540
2008-12-05,1.2654,1.4606,0.6343,0.5248,92.18,1.2238,1.2971
2008-12-08,1.2942,1.4831,0.6644,0.5449,92.77,1.2036,1.2570
2008-12-09,1.2937,1.4776,0.6600,0.5434,92.44,1.2062,1.2602
2008-12-10,1.3024,1.4830,0.6615,0.5477,92.94,1.1949,1.2553
2008-12-11,1.3294,1.4953,0.6779,0.5557,91.96,1.1872,1.2181
2008-12-12,1.3349,1.4874,0.6580,0.5448,91.26,1.1796,1.2453
2008-12-15,1.3664,1.5278,0.6713,0.5556,90.68,1.1590,1.2350
2008-12-16,1.3810,1.5320,0.6775,0.5652,89.98,1.1406,1.2238
2008-12-17,1.4358,1.5457,0.6967,0.5892,87.84,1.0852,1.2058
2008-12-18,1.4298,1.5103,0.6985,0.5936,89.81,1.0775,1.1962
2008-12-19,1.3875,1.4854,0.6806,0.5758,89.48,1.1105,1.2273
2008-12-22,1.3952,1.4805,0.6832,0.5742,90.07,1.0949,1.2188
2008-12-23,1.3966,1.4761,0.6804,0.5669,90.57,1.0856,1.2160
2008-12-24,1.3964,1.4673,0.6826,0.5745,90.68,1.0788,1.2125
2008-12-25,,,,,,,
2008-12-26,1.4062,1.4700,0.6814,0.5760,90.65,1.0700,1.2207
2008-12-29,1.4232,1.4591,0.6950,0.5825,90.20,1.0414,1.2162
2008-12-30,1.4085,1.4395,0.6906,0.5770,90.37,1.0567,1.2215
2008-12-31,1.3919,1.4619,0.6983,0.5815,90.79,1.0673,1.2240
2009-01-01,,,,,,,
2009-01-02,1.3946,1.4520,0.7083,0.5850,91.12,1.0685,1.2101
2009-01-05,1.3576,1.4602,0.7146,0.5880,93.20,1.1077,1.1920
2009-01-06,1.3445,1.4777,0.7187,0.5945,94.20,1.1212,1.1822
2009-01-07,1.3718,1.5254,0.7212,0.6006,92.70,1.0941,1.1850
2009-01-08,1.3714,1.5190,0.7071,0.5929,91.15,1.0925,1.1890
2009-01-09,1.3495,1.5239,0.7063,0.5933,90.25,1.1096,1.1920
2009-01-12,1.3347,1.4827,0.6814,0.5787,88.92,1.1139,1.2075
2009-01-13,1.3198,1.4528,0.6675,0.5523,89.65,1.1212,1.2255
2009-01-14,1.3174,1.4617,0.6640,0.5429,89.28,1.1179,1.2373
2009-01-15,1.3094,1.4602,0.6558,0.5305,89.59,1.1232,1.2623
2009-01-16,1.3244,1.4737,0.6660,0.5415,90.29,1.1177,1.2540
2009-01-19,,,,,,,
2009-01-20,1.2946,1.4023,0.6574,0.5273,90.19,1.1432,1.2604
2009-01-21,1.2870,1.3728,0.6495,0.5215,87.80,1.1473,1.2749
2009-01-22,1.2955,1.3840,0.6544,0.5265,88.64,1.1538,1.2624
2009-01-23,1.2849,1.3658,0.6522,0.5270,88.72,1.1629,1.2478
2009-01-26,1.3123,1.3960,0.6610,0.5306,89.25,1.1437,1.2200
2009-01-27,1.3159,1.4148,0.6602,0.5284,88.99,1.1388,1.2292
2009-01-28,1.3244,1.4317,0.6699,0.5345,88.87,1.1442,1.2096
2009-01-29,1.2988,1.4262,0.6550,0.5161,89.77,1.1507,1.2187
2009-01-30,1.2804,1.4413,0.6380,0.5084,89.83,1.1612,1.2365
2009-02-02,1.2808,1.4228,0.6320,0.5026,89.86,1.1640,1.2408
2009-02-03,1.3010,1.4394,0.6476,0.5113,89.09,1.1419,1.2334
2009-02-04,1.2857,1.4472,0.6499,0.5117,89.53,1.1579,1.2268
2009-02-05,1.2838,1.4633,0.6539,0.5155,91.01,1.1654,1.2307
2009-02-06,1.2874,1.4775,0.6715,0.5300,91.95,1.1694,1.2388
2009-02-09,1.3064,1.4936,0.6834,0.5442,91.47,1.1566,1.2190
2009-02-10,1.2966,1.4604,0.6589,0.5286,90.65,1.1535,1.2332
2009-02-11,1.2893,1.4367,0.6549,0.5260,90.66,1.1599,1.2418
2009-02-12,1.2822,1.4248,0.6507,0.5203,90.55,1.1634,1.2478
2009-02-13,1.2879,1.4422,0.6595,0.5266,91.84,1.1581,1.2435
2009-02-16,,,,,,,
2009-02-17,1.2571,1.4224,0.6386,0.5110,92.17,1.1744,1.2606
2009-02-18,1.2547,1.4235,0.6385,0.5107,93.81,1.1813,1.2592
2009-02-19,1.2675,1.4307,0.6450,0.5123,94.09,1.1742,1.2590
2009-02-20,1.2690,1.4333,0.6419,0.5074,93.87,1.1681,1.2543
2009-02-23,1.2747,1.4553,0.6456,0.5102,94.63,1.1633,1.2508
2009-02-24,1.2742,1.4408,0.6429,0.5099,96.60,1.1670,1.2468
2009-02-25,1.2731,1.4265,0.6476,0.5117,97.33,1.1646,1.2558
2009-02-26,1.2764,1.4342,0.6536,0.5113,98.55,1.1647,1.2455
2009-02-27,1.2662,1.4276,0.6419,0.5030,97.74,1.1672,1.2710
2009-03-02,1.2580,1.3989,0.6301,0.4926,97.17,1.1723,1.2891
2009-03-03,1.2549,1.4034,0.6388,0.4952,98.16,1.1755,1.2937
2009-03-04,1.2607,1.4142,0.6499,0.5060,99.34,1.1762,1.2768
2009-03-05,1.2565,1.4124,0.6408,0.5015,98.32,1.1727,1.2875
2009-03-06,1.2674,1.4110,0.6408,0.5041,97.88,1.1525,1.2865
2009-03-09,1.2636,1.3757,0.6311,0.4927,98.87,1.1634,1.2995
2009-03-10,1.2752,1.3840,0.6473,0.5031,98.39,1.1540,1.2796
2009-03-11,1.2774,1.3780,0.6497,0.5064,97.74,1.1585,1.2808
2009-03-12,1.2799,1.3811,0.6473,0.5140,97.86,1.1893,1.2909
2009-03-13,1.2891,1.3972,0.6576,0.5244,98.04,1.1880,1.2752
2009-03-16,1.2997,1.4091,0.6611,0.5320,98.17,1.1819,1.2723
2009-03-17,1.2972,1.4018,0.6591,0.5284,98.85,1.1826,1.2717
2009-03-18,1.3110,1.3974,0.6589,0.5285,98.08,1.1667,1.2715
2009-03-19,1.3730,1.4584,0.6927,0.5608,93.85,1.1184,1.2336
2009-03-20,1.3566,1.4435,0.6892,0.5605,96.18,1.1243,1.2370
2009-03-23,1.3569,1.4496,0.6994,0.5694,97.30,1.1290,1.2322
2009-03-24,1.3524,1.4730,0.7017,0.5683,97.86,1.1285,1.2263
2009-03-25,1.3539,1.4585,0.7009,0.5688,97.70,1.1239,1.2245
2009-03-26,1.3560,1.4497,0.7022,0.5795,98.47,1.1272,1.2327
2009-03-27,1.3306,1.4325,0.6946,0.5713,97.99,1.1435,1.2392
2009-03-30,1.3146,1.4148,0.6788,0.5619,97.44,1.1532,1.2582
2009-03-31,1.3261,1.4300,0.6925,0.5692,99.15,1.1395,1.2606
2009-04-01,1.3223,1.4402,0.6941,0.5635,98.93,1.1465,1.2640
2009-04-02,1.3458,1.4700,0.7169,0.5818,99.48,1.1349,1.2380
2009-04-03,1.3447,1.4801,0.7103,0.5800,99.94,1.1321,1.2335
2009-04-06,1.3363,1.4712,0.7101,0.5871,100.65,1.1388,1.2427
2009-04-07,1.3282,1.4744,0.7160,0.5798,100.71,1.1443,1.2339
2009-04-08,1.3288,1.4692,0.7110,0.5787,99.95,1.1459,1.2353
2009-04-09,1.3149,1.4623,0.7168,0.5808,100.43,1.1583,1.2273
2009-04-10,1.3143,1.4635,0.7189,0.5829,100.30,1.1575,1.2273
2009-04-13,1.3354,1.4831,0.7288,0.5886,100.12,1.1356,1.2210
2009-04-14,1.3277,1.4907,0.7286,0.5857,99.08,1.1387,1.2093
2009-04-15,1.3182,1.4990,0.7228,0.5759,99.37,1.1453,1.2040
2009-04-16,1.3197,1.4909,0.7201,0.5709,99.29,1.1471,1.2062
2009-04-17,1.3030,1.4778,0.7204,0.5674,99.21,1.1674,1.2146
2009-04-20,1.2903,1.4532,0.7020,0.5559,98.29,1.1713,1.2338
2009-04-21,1.2978,1.4688,0.7095,0.5628,98.60,1.1654,1.2373
2009-04-22,1.3012,1.4496,0.7109,0.5590,98.14,1.1634,1.2361
2009-04-23,1.3048,1.4635,0.7105,0.5579,97.88,1.1581,1.2291
2009-04-24,1.3277,1.4697,0.7220,0.5722,97.08,1.1368,1.2095
2009-04-27,1.3136,1.4678,0.7157,0.5694,96.57,1.1472,1.2106
2009-04-28,1.3061,1.4607,0.7043,0.5590,96.49,1.1517,1.2238
2009-04-29,1.3324,1.4802,0.7268,0.5759,96.97,1.1309,1.2008
2009-04-30,1.3244,1.4799,0.7317,0.5695,98.76,1.1402,1.1939
2009-05-01,1.3267,1.4881,0.7290,0.5687,99.24,1.1364,1.1868
2009-05-04,1.3365,1.4985,0.7388,0.5740,99.12,1.1289,1.1779
2009-05-05,1.3375,1.5099,0.7436,0.5821,98.76,1.1297,1.1758
2009-05-06,1.3313,1.5063,0.7467,0.5825,98.60,1.1313,1.1726
2009-05-07,1.3411,1.5019,0.7579,0.5962,99.00,1.1278,1.1714
2009-05-08,1.3494,1.5090,0.7609,0.5984,99.01,1.1202,1.1580
2009-05-11,1.3620,1.5145,0.7614,0.6062,97.45,1.1067,1.1591
2009-05-12,1.3638,1.5240,0.7635,0.6040,96.59,1.1052,1.1671
2009-05-13,1.3612,1.5165,0.7570,0.5947,95.75,1.1061,1.1686
2009-05-14,1.3608,1.5195,0.7573,0.5944,95.62,1.1060,1.1726
2009-05-15,1.3539,1.5222,0.7526,0.5879,94.89,1.1132,1.1756
2009-05-18,1.3503,1.5309,0.7596,0.5910,96.05,1.1181,1.1656
2009-05-19,1.3608,1.5501,0.7741,0.6024,96.10,1.1121,1.1567
2009-05-20,1.3765,1.5670,0.7770,0.6095,95.16,1.1022,1.1434
2009-05-21,1.3804,1.5763,0.7743,0.6059,94.97,1.1010,1.1412
2009-05-22,1.4005,1.5892,0.7853,0.6215,94.45,1.0847,1.1234
2009-05-25,,,,,,,
2009-05-26,1.3992,1.5938,0.7842,0.6221,94.81,1.0833,1.1199
2009-05-27,1.3924,1.6068,0.7874,0.6230,95.01,1.0861,1.1120
2009-05-28,1.3948,1.5956,0.7861,0.6259,96.76,1.0838,1.1123
2009-05-29,1.4126,1.6160,0.7993,0.6370,95.55,1.0692,1.0957
2009-06-01,1.4192,1.6448,0.8101,0.6509,96.53,1.0688,1.0870
2009-06-02,1.4270,1.6515,0.8194,0.6551,95.72,1.0624,1.0828
2009-06-03,1.4194,1.6405,0.8103,0.6397,95.72,1.0684,1.0973
2009-06-04,1.4187,1.6173,0.7990,0.6315,96.37,1.0679,1.0997
2009-06-05,1.3990,1.6017,0.8012,0.6328,98.18,1.0852,1.1144
2009-06-08,1.3884,1.5976,0.7851,0.6178,98.56,1.0929,1.1228
2009-06-09,1.4014,1.6267,0.7980,0.6246,97.60,1.0822,1.1042
2009-06-10,1.3983,1.6334,0.8043,0.6295,98.13,1.0816,1.1100
2009-06-11,1.4093,1.6547,0.8195,0.6455,97.83,1.0721,1.0977
2009-06-12,1.4040,1.6523,0.8132,0.6428,98.17,1.0756,1.1170
2009-06-15,1.3784,1.6268,0.7920,0.6290,98.03,1.0942,1.1338
2009-06-16,1.3878,1.6446,0.8000,0.6345,96.26,1.0853,1.1325
2009-06-17,1.3850,1.6293,0.7887,0.6285,95.65,1.0870,1.1371
2009-06-18,1.3978,1.6369,0.8038,0.6437,96.36,1.0827,1.1273
2009-06-19,1.3998,1.6537,0.8111,0.6476,96.15,1.0773,1.1287
2009-06-22,1.3846,1.6343,0.7896,0.6316,95.90,1.0875,1.1547
2009-06-23,1.4035,1.6344,0.7901,0.6365,95.32,1.0707,1.1557
2009-06-24,1.4015,1.6486,0.8028,0.6459,95.38,1.0842,1.1462
2009-06-25,1.3953,1.6336,0.7990,0.6430,96.21,1.0960,1.1576
2009-06-26,1.4056,1.6498,0.8053,0.6445,95.19,1.0856,1.1527
2009-06-29,1.4058,1.6533,0.8066,0.6504,95.84,1.0849,1.1580
2009-06-30,1.4020,1.6452,0.8055,0.6447,96.42,1.0867,1.1626
2009-07-01,1.4186,1.6524,0.8105,0.6452,96.41,1.0720,1.1446
2009-07-02,1.4018,1.6398,0.7948,0.6295,95.90,1.0836,1.1600
2009-07-03,1.3991,1.6336,0.7986,0.6306,95.95,1.0863,1.1625
2009-07-06,1.3938,1.6230,0.7922,0.6301,95.00,1.0877,1.1608
2009-07-07,1.3965,1.6158,0.7963,0.6353,95.11,1.0858,1.1630
2009-07-08,1.3852,1.6027,0.7780,0.6242,92.90,1.0923,1.1650
2009-07-09,1.4026,1.6301,0.7834,0.6303,92.79,1.0773,1.1623
2009-07-10,1.3926,1.6185,0.7751,0.6259,92.33,1.0856,1.1649
2009-07-13,1.3973,1.6179,0.7807,0.6310,92.74,1.0842,1.1541
2009-07-14,1.3971,1.6294,0.7895,0.6353,93.03,1.0850,1.1401
2009-07-15,1.4116,1.6439,0.8041,0.6494,94.09,1.0746,1.1192
2009-07-16,1.4115,1.6417,0.8019,0.6445,93.59,1.0755,1.1172
2009-07-17,1.4120,1.6330,0.8013,0.6432,94.08,1.0766,1.1168
2009-07-20,1.4211,1.6494,0.8131,0.6551,94.52,1.0688,1.1065
2009-07-21,1.4196,1.6419,0.8123,0.6545,93.36,1.0677,1.1077
2009-07-22,1.4220,1.6439,0.8161,0.6574,93.77,1.0659,1.0980
2009-07-23,1.4266,1.6562,0.8206,0.6614,94.75,1.0667,1.0867
2009-07-24,1.4213,1.6432,0.8162,0.6570,94.86,1.0701,1.0843
2009-07-27,1.4212,1.6486,0.8212,0.6551,95.32,1.0729,1.0833
2009-07-28,1.4215,1.6477,0.8287,0.6592,94.60,1.0704,1.0802
2009-07-29,1.4033,1.6379,0.8164,0.6541,95.13,1.0882,1.0881
2009-07-30,1.4066,1.6483,0.8272,0.6531,95.67,1.0894,1.0814
2009-07-31,1.4279,1.6713,0.8339,0.6605,94.54,1.0668,1.0791
2009-08-03,1.4416,1.6956,0.8428,0.6683,95.23,1.0578,1.0650
2009-08-04,1.4400,1.6932,0.8422,0.6671,95.41,1.0605,1.0685
2009-08-05,1.4391,1.6977,0.8384,0.6722,94.98,1.0630,1.0722
2009-08-06,1.4357,1.6774,0.8397,0.6710,95.56,1.0658,1.0760
2009-08-07,1.4180,1.6669,0.8371,0.6724,97.65,1.0826,1.0838
2009-08-10,1.4143,1.6487,0.8377,0.6756,97.23,1.0855,1.0848
2009-08-11,1.4141,1.6501,0.8296,0.6686,95.94,1.0825,1.0987
2009-08-12,1.4215,1.6538,0.8333,0.6725,96.16,1.0765,1.0875
2009-08-13,1.4283,1.6580,0.8396,0.6777,95.46,1.0715,1.0881
2009-08-14,1.4216,1.6529,0.8323,0.6776,94.64,1.0719,1.0973
2009-08-17,1.4088,1.6323,0.8234,0.6685,94.33,1.0787,1.1077
2009-08-18,1.4075,1.6418,0.8201,0.6713,94.72,1.0795,1.1097
2009-08-19,1.4262,1.6555,0.8293,0.6748,93.87,1.0630,1.0968
2009-08-20,1.4235,1.6494,0.8308,0.6756,94.12,1.0659,1.0902
2009-08-21,1.4305,1.6503,0.8349,0.6829,94.60,1.0613,1.0799
2009-08-24,1.4320,1.6417,0.8407,0.6884,94.47,1.0606,1.0740
2009-08-25,1.4350,1.6430,0.8412,0.6890,94.28,1.0575,1.0727
2009-08-26,1.4230,1.6235,0.8273,0.6798,94.25,1.0697,1.0988
2009-08-27,1.4272,1.6212,0.8355,0.6825,93.57,1.0667,1.0961
2009-08-28,1.4358,1.6331,0.8425,0.6869,93.55,1.0560,1.0875
2009-08-31,1.4354,1.6314,0.8439,0.6856,92.82,1.0569,1.0967
2009-09-01,1.4235,1.6168,0.8306,0.6794,93.09,1.0653,1.1028
2009-09-02,1.4246,1.6269,0.8323,0.6721,92.43,1.0628,1.1060
2009-09-03,1.4278,1.6354,0.8406,0.6787,92.54,1.0598,1.1034
2009-09-04,1.4278,1.6378,0.8485,0.6862,92.75,1.0613,1.0894
2009-09-07,,,,,,,
2009-09-08,1.4497,1.6512,0.8636,0.6967,92.21,1.0463,1.0762
2009-09-09,1.4573,1.6557,0.8639,0.6971,91.85,1.0403,1.0783
2009-09-10,1.4568,1.6649,0.8596,0.6983,91.86,1.0396,1.0811
2009-09-11,1.4586,1.6695,0.8649,0.7079,90.30,1.0373,1.0742
2009-09-14,1.4613,1.6588,0.8604,0.7000,90.85,1.0359,1.0859
2009-09-15,1.4617,1.6436,0.8603,0.7019,90.95,1.0374,1.0760
2009-09-16,1.4698,1.6501,0.8724,0.7131,91.00,1.0328,1.0662
2009-09-17,1.4735,1.6522,0.8731,0.7113,91.15,1.0290,1.0615
2009-09-18,1.4704,1.6266,0.8668,0.7091,91.31,1.0293,1.0721
2009-09-21,1.4692,1.6228,0.8636,0.7074,91.87,1.0317,1.0775
2009-09-22,1.4795,1.6380,0.8736,0.7219,91.08,1.0237,1.0683
2009-09-23,1.4752,1.6404,0.8722,0.7228,91.45,1.0259,1.0722
2009-09-24,1.4696,1.6068,0.8686,0.7203,91.16,1.0279,1.0864
2009-09-25,1.4682,1.5967,0.8655,0.7168,89.83,1.0277,1.0918
2009-09-28,1.4650,1.5910,0.8734,0.7188,89.34,1.0301,1.0860
2009-09-29,1.4553,1.5924,0.8701,0.7144,90.26,1.0385,1.0872
2009-09-30,1.4630,1.6004,0.8824,0.7233,89.49,1.0375,1.0719
2009-10-01,1.4532,1.5950,0.8730,0.7168,89.73,1.0424,1.0773
2009-10-02,1.4590,1.5878,0.8656,0.7165,89.62,1.0345,1.0843
2009-10-05,1.4647,1.5926,0.8772,0.7260,89.56,1.0322,1.0755
2009-10-06,1.4744,1.5904,0.8912,0.7365,88.77,1.0248,1.0570
2009-10-07,1.4675,1.5899,0.8878,0.7329,88.76,1.0333,1.0619
2009-10-08,1.4777,1.6090,0.9072,0.7438,88.44,1.0270,1.0533
2009-10-09,1.4715,1.5896,0.9034,0.7323,89.69,1.0316,1.0425
2009-10-12,,,,,,,
2009-10-13,1.4839,1.5896,0.9074,0.7354,89.71,1.0230,1.0297
2009-10-14,1.4899,1.5974,0.9133,0.7376,89.44,1.0172,1.0289
2009-10-15,1.4945,1.6249,0.9204,0.7453,90.39,1.0136,1.0304
2009-10-16,1.4889,1.6350,0.9158,0.7396,90.73,1.0188,1.0389
2009-10-19,1.4947,1.6400,0.9266,0.7530,90.72,1.0130,1.0307
2009-10-20,1.4905,1.6380,0.9209,0.7459,90.83,1.0144,1.0494
2009-10-21,1.5009,1.6610,0.9275,0.7564,91.04,1.0064,1.0413
2009-10-22,1.5003,1.6595,0.9223,0.7541,91.42,1.0069,1.0476
2009-10-23,1.5029,1.6351,0.9255,0.7567,91.88,1.0070,1.0507
2009-10-26,1.4941,1.6351,0.9200,0.7495,91.96,1.0136,1.0618
2009-10-27,1.4821,1.6334,0.9163,0.7456,92.04,1.0218,1.0644
2009-10-28,1.4763,1.6375,0.9013,0.7318,91.07,1.0232,1.0757
2009-10-29,1.4819,1.6559,0.9143,0.7321,91.41,1.0194,1.0702
2009-10-30,1.4755,1.6479,0.9038,0.7230,90.50,1.0238,1.0767
2009-11-02,1.4828,1.6410,0.9083,0.7225,90.56,1.0177,1.0742
2009-11-03,1.4658,1.6383,0.8985,0.7178,90.30,1.0306,1.0701
2009-11-04,1.4836,1.6571,0.9087,0.7250,90.96,1.0183,1.0644
2009-11-05,1.4857,1.6565,0.9083,0.7189,90.45,1.0170,1.0649
2009-11-06,1.4835,1.6586,0.9164,0.7243,89.86,1.0182,1.0717
2009-11-09,1.4999,1.6721,0.9293,0.7414,89.92,1.0077,1.0563
2009-11-10,1.4960,1.6681,0.9278,0.7409,89.82,1.0092,1.0516
2009-11-11,,,,,,,
2009-11-12,1.4865,1.6543,0.9248,0.7336,90.40,1.0164,1.0513
2009-11-13,1.4886,1.6657,0.9311,0.7418,89.55,1.0141,1.0500
2009-11-16,1.4977,1.6795,0.9369,0.7470,89.28,1.0075,1.0458
2009-11-17,1.4830,1.6768,0.9264,0.7430,89.41,1.0192,1.0589
2009-11-18,1.4990,1.6756,0.9302,0.7465,89.36,1.0080,1.0496
2009-11-19,1.4905,1.6658,0.9186,0.7310,88.95,1.0149,1.0634
2009-11-20,1.4870,1.6529,0.9155,0.7252,88.90,1.0177,1.0698
2009-11-23,1.4968,1.6599,0.9247,0.7342,89.14,1.0097,1.0550
2009-11-24,1.4937,1.6577,0.9169,0.7238,88.58,1.0116,1.0608
2009-11-25,1.5085,1.6671,0.9282,0.7294,87.65,1.0004,1.0499
2009-11-26,,,,,,,
2009-11-27,1.4963,1.6494,0.9089,0.7113,86.87,1.0063,1.0620
2009-11-30,1.4994,1.6409,0.9143,0.7151,86.12,1.0050,1.0570
2009-12-01,1.5100,1.6626,0.9249,0.7285,86.62,0.9984,1.0430
2009-12-02,1.5059,1.6641,0.9262,0.7237,87.13,1.0006,1.0465
2009-12-03,1.5081,1.6578,0.9265,0.7233,88.20,0.9995,1.0539
2009-12-04,1.4885,1.6515,0.9149,0.7169,89.87,1.0136,1.0515
2009-12-07,1.4820,1.6429,0.9130,0.7130,89.44,1.0199,1.0508
2009-12-08,1.4741,1.6302,0.9083,0.7104,88.41,1.0245,1.0599
2009-12-09,1.4725,1.6242,0.9077,0.7125,87.83,1.0262,1.0550
2009-12-10,1.4716,1.6257,0.9163,0.7295,88.20,1.0270,1.0518
2009-12-11,1.4601,1.6236,0.9112,0.7239,89.23,1.0356,1.0583
2009-12-14,1.4645,1.6285,0.9156,0.7289,88.65,1.0321,1.0590
2009-12-15,1.4514,1.6234,0.9066,0.7218,89.91,1.0421,1.0622
2009-12-16,1.4577,1.6369,0.9014,0.7223,89.52,1.0355,1.0579
2009-12-17,1.4317,1.6135,0.8855,0.7099,90.35,1.0491,1.0713
2009-12-18,1.4281,1.6083,0.8866,0.7090,90.47,1.0452,1.0679
2009-12-21,1.4319,1.6083,0.8833,0.7088,90.95,1.0441,1.0592
2009-12-22,1.4243,1.5956,0.8777,0.7023,91.67,1.0486,1.0555
2009-12-23,1.4341,1.5955,0.8811,0.7057,91.52,1.0380,1.0476
2009-12-24,1.4367,1.5941,0.8828,0.7050,91.69,1.0369,1.0485
2009-12-25,,,,,,,
2009-12-28,1.4392,1.6001,0.8875,0.7089,91.57,1.0341,1.0430
2009-12-29,1.4356,1.5892,0.8969,0.7198,91.95,1.0365,1.0400
2009-12-30,1.4316,1.6050,0.8945,0.7213,92.66,1.0391,1.0523
2009-12-31,1.4332,1.6167,0.8979,0.7255,93.08,1.0358,1.0461
2010-01-01,,,,,,,
2010-01-04,1.4419,1.6109,0.9133,0.7327,92.55,1.0294,1.0377
2010-01-05,1.4402,1.6009,0.9143,0.7357,91.48,1.0322,1.0371
2010-01-06,1.4404,1.6016,0.9189,0.7355,92.53,1.0282,1.0333
2010-01-07,1.4314,1.5912,0.9168,0.7325,93.31,1.0341,1.0351
2010-01-08,1.4357,1.5993,0.9218,0.7338,92.70,1.0296,1.0345
2010-01-11,1.4536,1.6146,0.9295,0.7423,91.90,1.0154,1.0317
2010-01-12,1.4523,1.6181,0.9242,0.7416,90.95,1.0160,1.0374
2010-01-13,1.4492,1.6288,0.9225,0.7394,91.38,1.0194,1.0319
2010-01-14,1.4478,1.6320,0.9306,0.7425,91.03,1.0206,1.0260
2010-01-15,1.4376,1.6240,0.9234,0.7380,90.79,1.0264,1.0287
2010-01-18,,,,,,,
2010-01-19,1.4269,1.6370,0.9232,0.7381,91.13,1.0340,1.0325
2010-01-20,1.4094,1.6287,0.9085,0.7195,91.23,1.0453,1.0477
2010-01-21,1.4106,1.6214,0.9053,0.7142,90.25,1.0426,1.0483
2010-01-22,1.4154,1.6120,0.9050,0.7130,90.07,1.0400,1.0561
2010-01-25,1.4146,1.6236,0.9030,0.7143,90.12,1.0403,1.0582
2010-01-26,1.4063,1.6109,0.8949,0.7040,89.63,1.0466,1.0669
2010-01-27,1.4053,1.6204,0.8967,0.7070,89.41,1.0472,1.0657
2010-01-28,1.3993,1.6242,0.9024,0.7119,90.08,1.0517,1.0584
2010-01-29,1.3870,1.6009,0.8873,0.7046,90.38,1.0557,1.0652
2010-02-01,1.3904,1.5924,0.8877,0.7066,90.80,1.0586,1.0651
2010-02-02,1.3955,1.5968,0.8843,0.7116,90.39,1.0557,1.0607
2010-02-03,1.3907,1.5915,0.8818,0.7079,91.11,1.0590,1.0608
2010-02-04,1.3759,1.5763,0.8646,0.6873,89.11,1.0655,1.0735
2010-02-05,1.3608,1.5619,0.8617,0.6840,89.25,1.0779,1.0727
2010-02-08,1.3699,1.5650,0.8693,0.6878,89.32,1.0696,1.0692
2010-02-09,1.3795,1.5679,0.8772,0.6940,89.45,1.0641,1.0690
2010-02-10,1.3722,1.5606,0.8740,0.6922,89.88,1.0682,1.0667
2010-02-11,1.3640,1.5674,0.8886,0.7000,89.82,1.0747,1.0522
2010-02-12,1.3625,1.5669,0.8839,0.6950,90.00,1.0767,1.0529
2010-02-15,,,,,,,
2010-02-16,1.3742,1.5732,0.8994,0.7049,90.46,1.0681,1.0427
2010-02-17,1.3623,1.5704,0.8994,0.7042,90.79,1.0768,1.0455
2010-02-18,1.3563,1.5582,0.8971,0.7016,91.43,1.0806,1.0450
2010-02-19,1.3538,1.5437,0.8954,0.6959,91.94,1.0824,1.0419
2010-02-22,1.3590,1.5477,0.8994,0.7010,91.11,1.0773,1.0428
2010-02-23,1.3537,1.5464,0.8935,0.6950,90.04,1.0818,1.0517
2010-02-24,1.3576,1.5432,0.8941,0.6935,90.06,1.0779,1.0551
2010-02-25,1.3476,1.5201,0.8811,0.6861,88.85,1.0858,1.0675
2010-02-26,1.3660,1.5239,0.8961,0.7000,88.84,1.0711,1.0520
2010-03-01,1.3516,1.4974,0.9001,0.6991,89.28,1.0827,1.0421
2010-03-02,1.3564,1.4940,0.9043,0.6962,88.95,1.0790,1.0325
2010-03-03,1.3731,1.5124,0.9077,0.6949,88.43,1.0652,1.0286
2010-03-04,1.3571,1.5031,0.8997,0.6875,89.02,1.0780,1.0307
2010-03-05,1.3608,1.5115,0.9065,0.6952,90.32,1.0751,1.0284
2010-03-08,1.3613,1.5060,0.9084,0.6988,90.30,1.0744,1.0286
2010-03-09,1.3586,1.5003,0.9138,0.7027,89.89,1.0765,1.0249
2010-03-10,1.3658,1.4977,0.9170,0.7079,90.62,1.0702,1.0241
2010-03-11,1.3674,1.5052,0.9150,0.6996,90.60,1.0689,1.0262
2010-03-12,1.3753,1.5188,0.9152,0.7006,90.46,1.0599,1.0187
2010-03-15,1.3652,1.5043,0.9117,0.6999,90.45,1.0635,1.0216
2010-03-16,1.3758,1.5192,0.9148,0.7073,90.43,1.0556,1.0147
2010-03-17,1.3739,1.5296,0.9225,0.7160,90.42,1.0551,1.0110
2010-03-18,1.3603,1.5247,0.9201,0.7135,90.46,1.0630,1.0139
2010-03-19,1.3530,1.5014,0.9164,0.7091,90.50,1.0615,1.0153
2010-03-22,1.3531,1.5071,0.9154,0.7054,90.02,1.0580,1.0193
2010-03-23,1.3535,1.5067,0.9186,0.7067,90.24,1.0561,1.0176
2010-03-24,1.3347,1.4914,0.9090,0.7023,91.89,1.0692,1.0268
2010-03-25,1.3344,1.4884,0.9119,0.7085,92.69,1.0697,1.0188
2010-03-26,1.3398,1.4906,0.9042,0.7036,92.56,1.0662,1.0283
2010-03-29,1.3465,1.4969,0.9152,0.7088,92.65,1.0634,1.0201
2010-03-30,1.3409,1.5090,0.9183,0.7094,92.89,1.0671,1.0189
2010-03-31,1.3526,1.5186,0.9169,0.7098,93.40,1.0528,1.0156
2010-04-01,1.3569,1.5290,0.9212,0.7079,93.83,1.0559,1.0073
2010-04-02,1.3487,1.5197,0.9187,0.7060,94.51,1.0632,1.0110
2010-04-05,1.3486,1.5284,0.9210,0.7048,94.28,1.0619,1.0025
2010-04-06,1.3378,1.5230,0.9254,0.7010,93.81,1.0704,1.0001
2010-04-07,1.3364,1.5246,0.9287,0.7079,93.59,1.0716,1.0028
2010-04-08,1.3360,1.5272,0.9283,0.7068,93.16,1.0723,1.0019
2010-04-09,1.3468,1.5371,0.9326,0.7160,93.28,1.0672,1.0055
2010-04-12,1.3587,1.5368,0.9297,0.7134,93.21,1.0598,1.0015
2010-04-13,1.3592,1.5416,0.9274,0.7132,92.78,1.0573,1.0029
2010-04-14,1.3666,1.5484,0.9359,0.7148,93.01,1.0512,0.9960
2010-04-15,1.3540,1.5465,0.9322,0.7107,93.04,1.0595,1.0013
2010-04-16,1.3487,1.5395,0.9252,0.7079,92.03,1.0624,1.0145
2010-04-19,1.3458,1.5263,0.9185,0.7070,92.18,1.0650,1.0199
2010-04-20,1.3446,1.5375,0.9312,0.7116,93.28,1.0673,0.9984
2010-04-21,1.3383,1.5397,0.9278,0.7091,93.24,1.0708,0.9983
2010-04-22,1.3298,1.5368,0.9246,0.7094,93.01,1.0778,1.0014
2010-04-23,1.3360,1.5363,0.9229,0.7146,94.18,1.0743,1.0026
2010-04-26,1.3336,1.5466,0.9273,0.7238,94.06,1.0753,1.0009
2010-04-27,1.3230,1.5285,0.9170,0.7110,93.01,1.0837,1.0169
2010-04-28,1.3130,1.5160,0.9220,0.7167,94.07,1.0910,1.0125
2010-04-29,1.3243,1.5303,0.9277,0.7230,94.16,1.0824,1.0052
2010-04-30,1.3302,1.5308,0.9306,0.7320,94.24,1.0767,1.0112
2010-05-03,1.3183,1.5242,0.9255,0.7307,94.68,1.0868,1.0134
2010-05-04,1.3037,1.5135,0.9125,0.7232,94.58,1.0987,1.0215
2010-05-05,1.2890,1.5134,0.9095,0.7181,94.30,1.1118,1.0264
2010-05-06,1.2689,1.4889,0.8939,0.7143,92.22,1.1092,1.0437
2010-05-07,1.2721,1.4739,0.8890,0.7150,91.67,1.1085,1.0423
2010-05-10,1.2861,1.4980,0.9016,0.7221,93.39,1.1069,1.0245
2010-05-11,1.2715,1.4952,0.8990,0.7208,92.83,1.1059,1.0193
2010-05-12,1.2642,1.4855,0.8926,0.7134,92.93,1.1101,1.0197
2010-05-13,1.2568,1.4659,0.8998,0.7176,92.70,1.1146,1.0148
2010-05-14,1.2390,1.4557,0.8886,0.7113,91.94,1.1304,1.0343
2010-05-17,1.2299,1.4388,0.8735,0.6940,92.08,1.1392,1.0400
2010-05-18,1.2358,1.4439,0.8727,0.6979,92.52,1.1342,1.0329
2010-05-19,1.2317,1.4349,0.8380,0.6707,91.16,1.1564,1.0510
2010-05-20,1.2370,1.4344,0.8250,0.6699,90.07,1.1500,1.0656
2010-05-21,1.2575,1.4466,0.8302,0.6803,90.21,1.1485,1.0564
2010-05-24,1.2406,1.4437,0.8324,0.6752,90.49,1.1561,1.0587
2010-05-25,1.2279,1.4352,0.8172,0.6657,89.89,1.1593,1.0776
2010-05-26,1.2224,1.4401,0.8291,0.6664,90.28,1.1602,1.0647
2010-05-27,1.2370,1.4569,0.8467,0.6819,90.71,1.1500,1.0491
2010-05-28,1.2369,1.4492,0.8491,0.6798,90.81,1.1534,1.0497
2010-05-31,,,,,,,
2010-06-01,1.2266,1.4673,0.8396,0.6813,91.16,1.1548,1.0476
2010-06-02,1.2206,1.4641,0.8355,0.6787,92.21,1.1575,1.0404
2010-06-03,1.2193,1.4616,0.8420,0.6824,92.33,1.1540,1.0413
2010-06-04,1.1998,1.4493,0.8279,0.6728,91.83,1.1614,1.0516
2010-06-07,1.1959,1.4498,0.8192,0.6640,92.00,1.1613,1.0537
2010-06-08,1.1995,1.4422,0.8232,0.6652,91.30,1.1510,1.0517
2010-06-09,1.2045,1.4585,0.8337,0.6725,91.54,1.1455,1.0395
2010-06-10,1.2111,1.4674,0.8469,0.6850,91.04,1.1418,1.0336
2010-06-11,1.2077,1.4545,0.8493,0.6890,91.72,1.1521,1.0329
2010-06-14,1.2277,1.4770,0.8634,0.7001,91.80,1.1378,1.0251
2010-06-15,1.2327,1.4827,0.8616,0.6965,91.25,1.1310,1.0287
2010-06-16,1.2323,1.4838,0.8648,0.6991,91.39,1.1267,1.0236
2010-06-17,1.2365,1.4806,0.8648,0.7023,90.92,1.1137,1.0283
2010-06-18,1.2360,1.4787,0.8699,0.7052,90.79,1.1107,1.0237
2010-06-21,1.2385,1.4826,0.8818,0.7127,91.18,1.1080,1.0197
2010-06-22,1.2303,1.4850,0.8791,0.7087,90.59,1.1047,1.0201
2010-06-23,1.2310,1.4952,0.8739,0.7136,89.82,1.1053,1.0390
2010-06-24,1.2288,1.4986,0.8671,0.7057,89.40,1.1048,1.0429
2010-06-25,1.2332,1.4985,0.8682,0.7099,89.35,1.0937,1.0369
2010-06-28,1.2316,1.5098,0.8738,0.7089,89.23,1.0860,1.0337
2010-06-29,1.2187,1.5081,0.8525,0.6942,88.39,1.0810,1.0531
2010-06-30,1.2291,1.4947,0.8480,0.6901,88.49,1.0774,1.0606
2010-07-01,1.2464,1.5126,0.8380,0.6867,87.42,1.0675,1.0622
2010-07-02,1.2577,1.5179,0.8432,0.6899,87.69,1.0635,1.0647
2010-07-05,,,,,,,
2010-07-06,1.2646,1.5180,0.8555,0.6972,87.55,1.0587,1.0497
2010-07-07,1.2594,1.5179,0.8568,0.6976,87.16,1.0545,1.0525
2010-07-08,1.2683,1.5157,0.8767,0.7085,88.44,1.0502,1.0410
2010-07-09,1.2639,1.5095,0.8753,0.7088,88.48,1.0577,1.0328
2010-07-12,1.2573,1.5016,0.8733,0.7095,88.53,1.0621,1.0377
2010-07-13,1.2719,1.5175,0.8821,0.7195,88.24,1.0524,1.0281
2010-07-14,1.2755,1.5284,0.8854,0.7244,88.59,1.0556,1.0304
2010-07-15,1.2893,1.5376,0.8781,0.7226,87.41,1.0421,1.0401
2010-07-16,1.2919,1.5289,0.8707,0.7112,86.40,1.0522,1.0536
2010-07-19,1.2963,1.5222,0.8692,0.7065,86.77,1.0524,1.0557
2010-07-20,1.2905,1.5255,0.8788,0.7123,87.22,1.0481,1.0526
2010-07-21,1.2818,1.5201,0.8824,0.7177,87.30,1.0520,1.0422
2010-07-22,1.2903,1.5283,0.8920,0.7239,87.00,1.0403,1.0373
2010-07-23,1.2874,1.5425,0.8946,0.7286,87.31,1.0529,1.0376
2010-07-26,1.2983,1.5490,0.8998,0.7321,87.20,1.0480,1.0312
2010-07-27,1.2983,1.5538,0.9017,0.7329,87.88,1.0622,1.0357
2010-07-28,1.2998,1.5611,0.8929,0.7273,87.62,1.0578,1.0356
2010-07-29,1.3064,1.5591,0.8981,0.7220,86.87,1.0412,1.0368
2010-07-30,1.3069,1.5714,0.9051,0.7261,86.43,1.0410,1.0293
2010-08-02,1.3174,1.5897,0.9135,0.7339,86.42,1.0379,1.0227
2010-08-03,1.3239,1.5941,0.9150,0.7350,85.88,1.0384,1.0219
2010-08-04,1.3158,1.5887,0.9160,0.7348,86.26,1.0514,1.0184
2010-08-05,1.3157,1.5860,0.9131,0.7269,85.83,1.0475,1.0154
2010-08-06,1.3282,1.5979,0.9165,0.7295,85.25,1.0365,1.0272
2010-08-09,1.3241,1.5945,0.9170,0.7298,85.88,1.0457,1.0266
2010-08-10,1.3095,1.5776,0.9086,0.7204,85.88,1.0575,1.0347
2010-08-11,1.2899,1.5688,0.9006,0.7175,85.36,1.0584,1.0455
2010-08-12,1.2866,1.5573,0.8964,0.7098,85.83,1.0485,1.0433
2010-08-13,1.2767,1.5580,0.8955,0.7080,86.20,1.0526,1.0400
2010-08-16,1.2838,1.5679,0.8976,0.7086,85.33,1.0378,1.0429
2010-08-17,1.2890,1.5586,0.9067,0.7144,85.51,1.0434,1.0311
2010-08-18,1.2872,1.5619,0.8995,0.7159,85.31,1.0404,1.0286
2010-08-19,1.2837,1.5612,0.8928,0.7071,85.27,1.0310,1.0397
2010-08-20,1.2687,1.5515,0.8881,0.7025,85.63,1.0372,1.0499
2010-08-23,1.2663,1.5532,0.8930,0.7080,85.16,1.0391,1.0512
2010-08-24,1.2675,1.5471,0.8862,0.7069,84.16,1.0307,1.0563
2010-08-25,1.2652,1.5460,0.8807,0.6980,84.56,1.0273,1.0640
2010-08-26,1.2717,1.5574,0.8881,0.7043,84.61,1.0253,1.0545
2010-08-27,1.2765,1.5528,0.8979,0.7106,85.10,1.0268,1.0547
2010-08-30,1.2686,1.5473,0.8940,0.7089,84.67,1.0244,1.0561
2010-08-31,1.2704,1.5358,0.8910,0.6995,84.10,1.0150,1.0640
2010-09-01,1.2813,1.5472,0.9093,0.7128,84.48,1.0149,1.0497
2010-09-02,1.2824,1.5393,0.9104,0.7152,84.15,1.0118,1.0520
2010-09-03,1.2885,1.5452,0.9155,0.7210,84.45,1.0174,1.0411
2010-09-06,,,,,,,
2010-09-07,1.2723,1.5315,0.9143,0.7217,83.75,1.0114,1.0426
2010-09-08,1.2727,1.5513,0.9185,0.7233,83.85,1.0106,1.0359
2010-09-09,1.2708,1.5448,0.9248,0.7266,83.83,1.0149,1.0323
2010-09-10,1.2731,1.5387,0.9258,0.7278,84.13,1.0175,1.0357
2010-09-13,1.2890,1.5466,0.9359,0.7337,83.53,1.0079,1.0277
2010-09-14,1.3014,1.5559,0.9436,0.7375,83.05,0.9938,1.0219
2010-09-15,1.3008,1.5641,0.9397,0.7330,85.63,1.0032,1.0281
2010-09-16,1.3079,1.5612,0.9351,0.7227,85.72,1.0143,1.0274
2010-09-17,1.3046,1.5635,0.9378,0.7263,85.77,1.0092,1.0331
2010-09-20,1.3074,1.5564,0.9479,0.7298,85.74,1.0050,1.0280
2010-09-21,1.3136,1.5551,0.9475,0.7282,85.36,1.0038,1.0314
2010-09-22,1.3385,1.5649,0.9536,0.7354,84.37,0.9865,1.0325
2010-09-23,1.3344,1.5723,0.9538,0.7320,84.32,0.9843,1.0307
2010-09-24,1.3476,1.5829,0.9584,0.7340,84.24,0.9828,1.0262
2010-09-27,1.3475,1.5851,0.9622,0.7350,84.17,0.9831,1.0260
2010-09-28,1.3583,1.5808,0.9673,0.7387,83.82,0.9756,1.0305
2010-09-29,1.3638,1.5812,0.9714,0.7382,83.61,0.9752,1.0300
2010-09-30,1.3601,1.5731,0.9640,0.7329,83.53,0.9808,1.0293
2010-10-01,1.3754,1.5829,0.9710,0.7423,83.30,0.9761,1.0214
2010-10-04,1.3688,1.5849,0.9666,0.7413,83.33,0.9723,1.0235
2010-10-05,1.3834,1.5915,0.9699,0.7486,83.17,0.9663,1.0169
2010-10-06,1.3924,1.5903,0.9781,0.7546,82.80,0.9604,1.0073
2010-10-07,1.3921,1.5930,0.9815,0.7496,82.35,0.9667,1.0167
2010-10-08,1.3923,1.5951,0.9866,0.7545,81.86,0.9609,1.0138
2010-10-11,,,,,,,
2010-10-12,1.3846,1.5799,0.9848,0.7536,81.74,0.9593,1.0111
2010-10-13,1.3964,1.5843,0.9922,0.7625,81.81,0.9588,1.0028
2010-10-14,1.4066,1.5992,0.9943,0.7584,81.44,0.9530,1.0036
2010-10-15,1.3998,1.6027,0.9883,0.7558,81.32,0.9562,1.0108
2010-10-18,1.3978,1.5907,0.9917,0.7571,81.16,0.9558,1.0145
2010-10-19,1.3827,1.5739,0.9758,0.7493,81.60,0.9702,1.0298
2010-10-20,1.3949,1.5857,0.9848,0.7536,81.14,0.9615,1.0245
2010-10-21,1.3973,1.5753,0.9838,0.7501,81.16,0.9642,1.0232
2010-10-22,1.3904,1.5677,0.9784,0.7451,81.48,0.9792,1.0262
2010-10-25,1.3986,1.5748,0.9933,0.7538,80.61,0.9711,1.0197
2010-10-26,1.3873,1.5871,0.9863,0.7498,81.28,0.9824,1.0220
2010-10-27,1.3788,1.5782,0.9699,0.7436,81.55,0.9893,1.0321
2010-10-28,1.3929,1.5945,0.9787,0.7548,80.99,0.9834,1.0194
2010-10-29,1.3894,1.6020,0.9798,0.7625,80.48,0.9850,1.0187
2010-11-01,1.3888,1.6050,0.9878,0.7676,80.66,0.9935,1.0133
2010-11-02,1.4026,1.6010,0.9990,0.7717,80.80,0.9782,1.0098
2010-11-03,1.4014,1.6080,0.9967,0.7753,81.41,0.9793,1.0090
2010-11-04,1.4224,1.6282,1.0143,0.7946,80.61,0.9629,1.0022
2010-11-05,1.4033,1.6211,1.0138,0.7944,81.35,0.9580,1.0012
2010-11-08,1.3927,1.6150,1.0134,0.7902,81.14,0.9642,1.0021
2010-11-09,1.3865,1.6050,1.0120,0.7867,81.15,0.9646,1.0013
2010-11-10,1.3728,1.6071,1.0025,0.7811,82.53,0.9739,1.0016
2010-11-11,,,,,,,
2010-11-12,1.3700,1.6172,0.9906,0.7766,82.44,0.9758,1.0079
2010-11-15,1.3615,1.6064,0.9904,0.7770,82.90,0.9837,1.0064
2010-11-16,1.3517,1.5881,0.9755,0.7674,83.41,0.9924,1.0231
2010-11-17,1.3555,1.5941,0.9821,0.7720,83.15,0.9895,1.0205
2010-11-18,1.3618,1.6010,0.9890,0.7773,83.64,0.9969,1.0172
2010-11-19,1.3654,1.5961,0.9846,0.7771,83.49,0.9979,1.0206
2010-11-22,1.3612,1.5932,0.9867,0.7721,83.46,0.9917,1.0187
2010-11-23,1.3388,1.5824,0.9730,0.7618,82.86,0.9951,1.0240
2010-11-24,1.3350,1.5774,0.9822,0.7625,83.38,0.9945,1.0110
2010-11-25,,,,,,,
2010-11-26,1.3243,1.5616,0.9640,0.7505,84.08,1.0016,1.0188
2010-11-29,1.3092,1.5557,0.9594,0.7447,84.34,1.0012,1.0227
2010-11-30,1.3036,1.5578,0.9607,0.7445,83.56,0.9985,1.0266
2010-12-01,1.3149,1.5603,0.9675,0.7497,84.00,0.9997,1.0160
2010-12-02,1.3228,1.5610,0.9774,0.7561,83.53,0.9901,1.0045
2010-12-03,1.3367,1.5723,0.9877,0.7625,82.73,0.9764,1.0059
2010-12-06,1.3275,1.5680,0.9883,0.7601,82.70,0.9848,1.0056
2010-12-07,1.3323,1.5802,0.9894,0.7615,83.04,0.9828,1.0093
2010-12-08,1.3242,1.5792,0.9780,0.7482,84.16,0.9879,1.0100
2010-12-09,1.3206,1.5733,0.9823,0.7467,83.85,0.9846,1.0098
2010-12-10,1.3242,1.5809,0.9856,0.7486,83.87,0.9796,1.0091
2010-12-13,1.3389,1.5882,0.9942,0.7552,83.57,0.9668,1.0046
2010-12-14,1.3395,1.5795,0.9998,0.7534,83.52,0.9610,1.0039
2010-12-15,1.3306,1.5613,0.9917,0.7441,84.04,0.9619,1.0033
2010-12-16,1.3206,1.5612,0.9866,0.7368,84.23,0.9660,1.0056
2010-12-17,1.3155,1.5480,0.9854,0.7360,84.15,0.9707,1.0125
2010-12-20,1.3124,1.5521,0.9933,0.7423,83.72,0.9638,1.0176
2010-12-21,1.3131,1.5462,0.9972,0.7438,83.76,0.9585,1.0173
2010-12-22,1.3089,1.5390,1.0003,0.7424,83.56,0.9503,1.0143
2010-12-23,1.3101,1.5400,1.0051,0.7489,82.97,0.9620,1.0095
2010-12-24,,,,,,,
2010-12-27,1.3146,1.5382,1.0026,0.7479,82.91,0.9626,1.0086
2010-12-28,1.3122,1.5361,1.0112,0.7554,82.21,0.9516,1.0006
2010-12-29,1.3183,1.5463,1.0153,0.7654,81.90,0.9496,1.0004
2010-12-30,1.3269,1.5392,1.0122,0.7687,81.67,0.9369,1.0009
2010-12-31,,,,,,,
2011-01-03,1.3371,1.5490,1.0200,0.7764,81.56,0.9329,0.9903
2011-01-04,1.3306,1.5586,1.0044,0.7672,81.96,0.9478,0.9985
2011-01-05,1.3171,1.5497,1.0003,0.7618,83.22,0.9644,0.9946
2011-01-06,1.3027,1.5490,0.9959,0.7589,83.15,0.9630,0.9953
2011-01-07,1.2944,1.5560,0.9954,0.7582,83.04,0.9650,0.9932
2011-01-10,1.2945,1.5583,0.9936,0.7631,82.78,0.9686,0.9923
2011-01-11,1.2978,1.5628,0.9873,0.7601,83.36,0.9755,0.9901
2011-01-12,1.3066,1.5716,0.9934,0.7598,83.29,0.9717,0.9864
2011-01-13,1.3364,1.5870,1.0003,0.7700,82.72,0.9624,0.9866
2011-01-14,1.3328,1.5874,0.9886,0.7680,82.99,0.9657,0.9902
2011-01-17,,,,,,,
2011-01-18,1.3399,1.6000,0.9980,0.7705,82.66,0.9633,0.9912
2011-01-19,1.3495,1.5991,1.0030,0.7720,82.03,0.9585,0.9938
2011-01-20,1.3443,1.5875,0.9868,0.7562,83.02,0.9656,1.0001
2011-01-21,1.3581,1.5997,0.9892,0.7580,82.63,0.9590,0.9943
2011-01-24,1.3653,1.5995,1.0001,0.7643,82.44,0.9488,0.9933
2011-01-25,1.3644,1.5818,0.9910,0.7640,82.35,0.9451,0.9984
2011-01-26,1.3688,1.5886,0.9948,0.7663,82.27,0.9436,0.9954
2011-01-27,1.3688,1.5905,0.9907,0.7718,83.03,0.9464,0.9940
2011-01-28,1.3607,1.5838,0.9926,0.7724,82.03,0.9429,0.9989
2011-01-31,1.3715,1.6042,0.9976,0.7735,81.97,0.9402,1.0020
2011-02-01,1.3793,1.6124,1.0122,0.7800,81.48,0.9388,0.9921
2011-02-02,1.3779,1.6167,1.0062,0.7794,81.82,0.9406,0.9883
2011-02-03,1.3654,1.6159,1.0143,0.7737,81.48,0.9435,0.9901
2011-02-04,1.3584,1.6089,1.0139,0.7688,81.99,0.9557,0.9899
2011-02-07,1.3557,1.6111,1.0139,0.7706,82.40,0.9569,0.9885
2011-02-08,1.3687,1.6091,1.0176,0.7775,81.92,0.9570,0.9905
2011-02-09,1.3688,1.6089,1.0095,0.7712,82.47,0.9611,0.9946
2011-02-10,1.3637,1.6132,1.0061,0.7678,83.11,0.9659,0.9955
2011-02-11,1.3520,1.5986,1.0001,0.7592,83.52,0.9755,0.9900
2011-02-14,1.3474,1.6023,1.0024,0.7568,83.32,0.9708,0.9883
2011-02-15,1.3494,1.6128,0.9989,0.7517,83.79,0.9677,0.9885
2011-02-16,1.3547,1.6063,0.9984,0.7526,83.73,0.9616,0.9853
2011-02-17,1.3612,1.6172,1.0116,0.7596,83.25,0.9508,0.9839
2011-02-18,1.3673,1.6245,1.0144,0.7634,83.22,0.9483,0.9827
2011-02-21,,,,,,,
2011-02-22,1.3661,1.6129,0.9992,0.7490,82.94,0.9393,0.9860
2011-02-23,1.3758,1.6221,1.0001,0.7453,82.39,0.9320,0.9922
2011-02-24,1.3794,1.6106,1.0088,0.7476,81.67,0.9252,0.9842
2011-02-25,1.3757,1.6078,1.0155,0.7514,81.76,0.9282,0.9808
2011-02-28,1.3793,1.6247,1.0174,0.7522,81.94,0.9305,0.9737
2011-03-01,1.3813,1.6309,1.0159,0.7508,81.86,0.9284,0.9742
2011-03-02,1.3869,1.6311,1.0157,0.7422,81.62,0.9220,0.9733
2011-03-03,1.3947,1.6266,1.0131,0.7403,82.41,0.9306,0.9746
2011-03-04,1.3983,1.6250,1.0111,0.7367,82.35,0.9263,0.9715
2011-03-07,1.3976,1.6204,1.0110,0.7363,82.12,0.9256,0.9737
2011-03-08,1.3912,1.6164,1.0113,0.7409,82.69,0.9346,0.9712
2011-03-09,1.3906,1.6202,1.0111,0.7398,82.78,0.9298,0.9686
2011-03-10,1.3823,1.6063,1.0017,0.7359,82.98,0.9320,0.9729
2011-03-11,1.3864,1.6033,1.0110,0.7449,81.77,0.9276,0.9732
2011-03-14,1.3975,1.6181,1.0073,0.7375,81.65,0.9253,0.9758
2011-03-15,1.3968,1.6064,0.9900,0.7303,80.82,0.9187,0.9831
2011-03-16,1.3922,1.6028,0.9842,0.7294,80.17,0.9120,0.9921
2011-03-17,1.4021,1.6143,0.9823,0.7208,78.74,0.8998,0.9886
2011-03-18,1.4141,1.6187,0.9953,0.7297,81.14,0.9025,0.9846
2011-03-21,1.4184,1.6276,1.0044,0.7328,81.11,0.9057,0.9772
2011-03-22,1.4212,1.6387,1.0118,0.7414,81.00,0.9041,0.9769
2011-03-23,1.4124,1.6246,1.0105,0.7397,80.94,0.9064,0.9820
2011-03-24,1.4200,1.6159,1.0219,0.7515,80.82,0.9061,0.9748
2011-03-25,1.4144,1.6086,1.0282,0.7554,81.12,0.9143,0.9779
2011-03-28,1.4104,1.6024,1.0281,0.7544,81.67,0.9169,0.9757
2011-03-29,1.4090,1.5983,1.0264,0.7557,82.38,0.9205,0.9758
2011-03-30,1.4095,1.6038,1.0319,0.7621,82.98,0.9213,0.9715
2011-03-31,1.4183,1.6048,1.0358,0.7639,82.76,0.9157,0.9717
2011-04-01,1.4215,1.6132,1.0387,0.7668,84.05,0.9243,0.9629
2011-04-04,1.4221,1.6129,1.0352,0.7671,83.98,0.9224,0.9677
2011-04-05,1.4230,1.6282,1.0346,0.7702,84.65,0.9242,0.9635
2011-04-06,1.4333,1.6314,1.0425,0.7784,85.26,0.9172,0.9587
2011-04-07,1.4287,1.6304,1.0456,0.7773,84.98,0.9178,0.9593
2011-04-08,1.4437,1.6341,1.0531,0.7820,84.99,0.9105,0.9564
2011-04-11,1.4454,1.6386,1.0534,0.7816,84.58,0.9067,0.9547
2011-04-12,1.4455,1.6263,1.0470,0.7850,83.79,0.8980,0.9624
2011-04-13,1.4477,1.6285,1.0504,0.7899,83.59,0.8939,0.9638
2011-04-14,1.4464,1.6350,1.0523,0.7920,83.23,0.8924,0.9626
2011-04-15,1.4443,1.6325,1.0558,0.7971,83.13,0.8935,0.9615
2011-04-18,1.4211,1.6229,1.0490,0.7869,82.43,0.8986,0.9689
2011-04-19,1.4319,1.6315,1.0507,0.7874,82.41,0.8990,0.9572
2011-04-20,1.4513,1.6405,1.0677,0.7974,82.58,0.8914,0.9523
2011-04-21,1.4585,1.6572,1.0747,0.8021,81.81,0.8821,0.9518
2011-04-22,1.4545,1.6517,1.0735,0.8015,81.92,0.8865,0.9535
2011-04-25,1.4576,1.6497,1.0717,0.7996,81.93,0.8806,0.9541
2011-04-26,1.4625,1.6465,1.0772,0.8050,81.93,0.8803,0.9508
2011-04-27,1.4659,1.6530,1.0790,0.8015,82.60,0.8807,0.9550
2011-04-28,1.4785,1.6636,1.0893,0.8008,81.57,0.8736,0.9513
2011-04-29,1.4821,1.6691,1.0937,0.8068,81.31,0.8666,0.9486
2011-05-02,1.4870,1.6690,1.0970,0.8088,81.23,0.8640,0.9492
2011-05-03,1.4875,1.6536,1.0921,0.8051,81.02,0.8609,0.9489
2011-05-04,1.4859,1.6524,1.0765,0.7897,80.69,0.8582,0.9579
2011-05-05,1.4583,1.6427,1.0642,0.7867,80.12,0.8698,0.9667
2011-05-06,1.4495,1.6417,1.0763,0.7954,80.51,0.8732,0.9616
2011-05-09,1.4301,1.6338,1.0754,0.7923,80.66,0.8753,0.9660
2011-05-10,1.4358,1.6331,1.0803,0.7930,80.75,0.8805,0.9611
2011-05-11,1.4269,1.6412,1.0756,0.7913,80.78,0.8846,0.9581
2011-05-12,1.4229,1.6290,1.0652,0.7967,80.75,0.8842,0.9656
2011-05-13,1.4141,1.6179,1.0565,0.7854,80.76,0.8907,0.9708
2011-05-16,1.4219,1.6240,1.0620,0.7850,80.82,0.8818,0.9701
2011-05-17,1.4155,1.6206,1.0539,0.7782,81.39,0.8848,0.9772
2011-05-18,1.4270,1.6148,1.0617,0.7893,81.37,0.8792,0.9722
2011-05-19,1.4254,1.6179,1.0614,0.7879,81.78,0.8840,0.9703
2011-05-20,1.4172,1.6222,1.0644,0.7934,81.64,0.8776,0.9735
2011-05-23,1.4015,1.6102,1.0496,0.7881,81.81,0.8831,0.9791
2011-05-24,1.4107,1.6185,1.0555,0.7976,82.12,0.8800,0.9773
2011-05-25,1.4102,1.6277,1.0537,0.8000,81.96,0.8720,0.9765
2011-05-26,1.4088,1.6346,1.0590,0.8083,81.44,0.8666,0.9809
2011-05-27,1.4287,1.6494,1.0711,0.8187,80.75,0.8520,0.9771
2011-05-30,,,,,,,
2011-05-31,1.4376,1.6439,1.0660,0.8231,81.29,0.8525,0.9688
2011-06-01,1.4431,1.6391,1.0716,0.8224,80.82,0.8401,0.9713
2011-06-02,1.4426,1.6325,1.0617,0.8134,80.98,0.8438,0.9794
2011-06-03,1.4604,1.6397,1.0714,0.8154,80.38,0.8352,0.9768
2011-06-06,1.4620,1.6362,1.0737,0.8164,80.19,0.8360,0.9784
2011-06-07,1.4675,1.6444,1.0713,0.8208,80.21,0.8388,0.9743
2011-06-08,1.4587,1.6381,1.0635,0.8166,79.87,0.8369,0.9778
2011-06-09,1.4534,1.6382,1.0642,0.8295,80.07,0.8412,0.9732
2011-06-10,1.4365,1.6254,1.0567,0.8237,80.26,0.8419,0.9769
2011-06-13,1.4368,1.6308,1.0562,0.8136,80.16,0.8369,0.9778
2011-06-14,1.4473,1.6388,1.0691,0.8184,80.50,0.8444,0.9684
2011-06-15,1.4221,1.6218,1.0621,0.8093,80.71,0.8508,0.9778
2011-06-16,1.4155,1.6130,1.0541,0.8033,80.70,0.8507,0.9842
2011-06-17,1.4326,1.6186,1.0620,0.8107,80.10,0.8462,0.9797
2011-06-20,1.4320,1.6206,1.0587,0.8118,80.26,0.8416,0.9785
2011-06-21,1.4399,1.6232,1.0598,0.8120,80.15,0.8433,0.9722
2011-06-22,1.4403,1.6131,1.0633,0.8179,80.06,0.8356,0.9725
2011-06-23,1.4166,1.5977,1.0484,0.8107,80.45,0.8379,0.9800
2011-06-24,1.4189,1.5985,1.0523,0.8118,80.32,0.8373,0.9847
2011-06-27,1.4282,1.5972,1.0439,0.8059,80.89,0.8367,0.9859
2011-06-28,1.4368,1.6016,1.0521,0.8101,80.85,0.8298,0.9819
2011-06-29,1.4428,1.6070,1.0673,0.8225,80.80,0.8349,0.9703
2011-06-30,1.4523,1.6067,1.0732,0.8284,80.64,0.8413,0.9642
2011-07-01,1.4508,1.6070,1.0754,0.8273,80.81,0.8479,0.9608
2011-07-04,,,,,,,
2011-07-05,1.4470,1.6085,1.0698,0.8282,81.14,0.8452,0.9608
2011-07-06,1.4329,1.5998,1.0696,0.8282,80.90,0.8393,0.9656
2011-07-07,1.4349,1.5967,1.0764,0.8304,81.26,0.8440,0.9585
2011-07-08,1.4251,1.6030,1.0727,0.8335,80.64,0.8376,0.9627
2011-07-11,1.4034,1.5932,1.0662,0.8296,80.37,0.8351,0.9663
2011-07-12,1.4014,1.5940,1.0626,0.8209,79.53,0.8335,0.9667
2011-07-13,1.4167,1.6111,1.0763,0.8360,78.99,0.8213,0.9582
2011-07-14,1.4182,1.6125,1.0741,0.8443,79.11,0.8167,0.9584
2011-07-15,1.4156,1.6149,1.0656,0.8439,79.03,0.8158,0.9542
2011-07-18,1.4042,1.6024,1.0565,0.8427,79.10,0.8177,0.9616
2011-07-19,1.4156,1.6135,1.0699,0.8556,78.91,0.8166,0.9505
2011-07-20,1.4188,1.6139,1.0727,0.8549,78.76,0.8204,0.9479
2011-07-21,1.4372,1.6301,1.0837,0.8631,78.47,0.8172,0.9449
2011-07-22,1.4366,1.6319,1.0851,0.8645,78.44,0.8166,0.9500
2011-07-25,1.4357,1.6285,1.0853,0.8662,78.31,0.8062,0.9448
2011-07-26,1.4495,1.6392,1.0942,0.8707,78.04,0.8027,0.9448
2011-07-27,1.4373,1.6357,1.1026,0.8695,77.99,0.8023,0.9474
2011-07-28,1.4303,1.6338,1.1025,0.8726,77.87,0.8041,0.9483
2011-07-29,1.4388,1.6455,1.1001,0.8776,77.18,0.7881,0.9539
2011-08-01,1.4202,1.6278,1.0930,0.8743,76.87,0.7813,0.9593
2011-08-02,1.4232,1.6287,1.0840,0.8722,77.13,0.7712,0.9577
2011-08-03,1.4320,1.6406,1.0721,0.8630,76.87,0.7660,0.9632
2011-08-04,1.4158,1.6308,1.0516,0.8449,79.01,0.7674,0.9765
2011-08-05,1.4158,1.6362,1.0380,0.8318,78.48,0.7600,0.9843
2011-08-08,1.4241,1.6354,1.0351,0.8317,77.53,0.7553,0.9889
2011-08-09,1.4242,1.6194,1.0192,0.8202,77.16,0.7313,0.9893
2011-08-10,1.4193,1.6169,1.0210,0.8120,76.41,0.7296,0.9909
2011-08-11,1.4230,1.6228,1.0269,0.8237,76.68,0.7559,0.9891
2011-08-12,1.4239,1.6284,1.0352,0.8319,76.79,0.7711,0.9879
2011-08-15,1.4452,1.6387,1.0478,0.8293,76.73,0.7802,0.9838
2011-08-16,1.4421,1.6424,1.0491,0.8368,76.76,0.7926,0.9816
2011-08-17,1.4436,1.6591,1.0543,0.8387,76.46,0.7891,0.9818
2011-08-18,1.4320,1.6489,1.0393,0.8263,76.52,0.7904,0.9899
2011-08-19,1.4408,1.6544,1.0444,0.8243,76.46,0.7856,0.9848
2011-08-22,1.4384,1.6452,1.0417,0.8239,76.77,0.7877,0.9901
2011-08-23,1.4431,1.6509,1.0510,0.8349,76.59,0.7891,0.9876
2011-08-24,1.4402,1.6375,1.0471,0.8281,76.78,0.7950,0.9878
2011-08-25,1.4380,1.6289,1.0457,0.8289,77.38,0.7959,0.9842
2011-08-26,1.4463,1.6321,1.0573,0.8403,76.62,0.8055,0.9854
2011-08-29,1.4510,1.6398,1.0619,0.8449,76.96,0.8188,0.9778
2011-08-30,1.4435,1.6279,1.0676,0.8535,76.75,0.8173,0.9791
2011-08-31,1.4406,1.6269,1.0702,0.8551,76.50,0.8038,0.9783
2011-09-01,1.4283,1.6179,1.0750,0.8517,76.81,0.7951,0.9751
2011-09-02,1.4203,1.6190,1.0677,0.8492,76.79,0.7862,0.9815
2011-09-05,,,,,,,
2011-09-06,1.3999,1.5954,1.0510,0.8230,77.48,0.8593,0.9908
2011-09-07,1.4058,1.5948,1.0614,0.8290,77.39,0.8599,0.9882
2011-09-08,1.3947,1.6021,1.0630,0.8363,77.43,0.8714,0.9856
2011-09-09,1.3666,1.5870,1.0446,0.8214,77.31,0.8840,0.9970
2011-09-12,1.3635,1.5814,1.0312,0.8211,77.15,0.8834,0.9957
2011-09-13,1.3680,1.5805,1.0320,0.8240,76.88,0.8795,0.9901
2011-09-14,1.3710,1.5773,1.0234,0.8216,76.71,0.8772,0.9913
2011-09-15,1.3858,1.5808,1.0313,0.8251,76.70,0.8705,0.9867
2011-09-16,1.3783,1.5802,1.0380,0.8311,76.89,0.8753,0.9813
2011-09-19,1.3636,1.5674,1.0217,0.8225,76.48,0.8839,0.9897
2011-09-20,1.3697,1.5718,1.0293,0.8264,76.52,0.8879,0.9922
2011-09-21,1.3724,1.5619,1.0209,0.8147,76.38,0.8932,0.9985
2011-09-22,1.3446,1.5358,0.9764,0.7790,76.31,0.9073,1.0327
2011-09-23,1.3518,1.5475,0.9784,0.7790,76.30,0.9035,1.0280
2011-09-26,1.3516,1.5553,0.9751,0.7716,76.35,0.9022,1.0338
2011-09-27,1.3606,1.5681,0.9962,0.7934,76.60,0.8959,1.0190
2011-09-28,1.3628,1.5648,0.9895,0.7856,76.51,0.8955,1.0226
2011-09-29,1.3639,1.5685,0.9818,0.7767,76.68,0.8947,1.0338
2011-09-30,1.3449,1.5624,0.9744,0.7675,77.04,0.9048,1.0389
2011-10-03,1.3281,1.5474,0.9647,0.7624,76.66,0.9151,1.0440
2011-10-04,1.3294,1.5403,0.9453,0.7538,76.86,0.9223,1.0605
2011-10-05,1.3328,1.5436,0.9624,0.7628,76.86,0.9228,1.0448
2011-10-06,1.3408,1.5398,0.9699,0.7679,76.64,0.9219,1.0431
2011-10-07,1.3512,1.5628,0.9843,0.7765,76.77,0.9151,1.0326
2011-10-10,,,,,,,
2011-10-11,1.3657,1.5594,0.9978,0.7826,76.66,0.9065,1.0287
2011-10-12,1.3805,1.5757,1.0166,0.7970,77.30,0.8944,1.0163
2011-10-13,1.3730,1.5729,1.0147,0.7922,76.88,0.9000,1.0238
2011-10-14,1.3861,1.5808,1.0296,0.8021,77.36,0.8934,1.0148
2011-10-17,1.3770,1.5778,1.0241,0.7976,76.80,0.8979,1.0153
2011-10-18,1.3719,1.5654,1.0220,0.7928,76.75,0.9012,1.0165
2011-10-19,1.3775,1.5799,1.0272,0.7950,76.79,0.9022,1.0136
2011-10-20,1.3672,1.5726,1.0187,0.7890,76.91,0.9002,1.0216
2011-10-21,1.3873,1.5945,1.0330,0.8019,76.10,0.8852,1.0090
2011-10-24,1.3932,1.5986,1.0454,0.8083,76.10,0.8804,1.0040
2011-10-25,1.3911,1.5994,1.0447,0.7967,75.88,0.8794,1.0143
2011-10-26,1.3838,1.5905,1.0348,0.7926,76.05,0.8841,1.0100
2011-10-27,1.4172,1.6081,1.0686,0.8191,75.80,0.8609,0.9942
2011-10-28,1.4164,1.6130,1.0707,0.8220,75.72,0.8625,0.9957
2011-10-31,1.3947,1.6141,1.0610,0.8120,77.97,0.8706,0.9932
2011-11-01,1.3676,1.5946,1.0302,0.7943,78.28,0.8901,1.0200
2011-11-02,1.3803,1.5974,1.0366,0.7924,78.04,0.8808,1.0125
2011-11-03,1.3744,1.5959,1.0352,0.7887,77.96,0.8834,1.0128
2011-11-04,1.3761,1.6026,1.0358,0.7927,78.17,0.8880,1.0179
2011-11-07,1.3744,1.6024,1.0339,0.7954,78.06,0.9012,1.0173
2011-11-08,1.3785,1.6076,1.0332,0.7950,77.79,0.8966,1.0139
2011-11-09,1.3596,1.5958,1.0199,0.7855,77.77,0.9060,1.0176
2011-11-10,1.3600,1.5935,1.0137,0.7763,77.58,0.9058,1.0188
2011-11-11,,,,,,,
2011-11-14,1.3625,1.5899,1.0193,0.7791,77.02,0.9072,1.0176
2011-11-15,1.3524,1.5818,1.0144,0.7693,76.99,0.9177,1.0233
2011-11-16,1.3505,1.5770,1.0137,0.7685,77.02,0.9169,1.0205
2011-11-17,1.3522,1.5801,1.0056,0.7623,76.98,0.9167,1.0224
2011-11-18,1.3521,1.5783,1.0036,0.7576,76.93,0.9159,1.0260
2011-11-21,1.3525,1.5662,0.9842,0.7475,76.97,0.9158,1.0386
2011-11-22,1.3500,1.5646,0.9831,0.7456,77.07,0.9145,1.0371
2011-11-23,1.3347,1.5511,0.9686,0.7405,77.41,0.9202,1.0479
2011-11-24,,,,,,,
2011-11-25,1.3244,1.5467,0.9737,0.7417,77.66,0.9289,1.0487
2011-11-28,1.3334,1.5538,0.9924,0.7550,78.05,0.9215,1.0327
2011-11-29,1.3343,1.5625,1.0018,0.7627,77.86,0.9194,1.0296
2011-11-30,1.3453,1.5705,1.0244,0.7769,77.58,0.9106,1.0199
2011-12-01,1.3487,1.5698,1.0227,0.7779,77.60,0.9135,1.0172
2011-12-02,1.3386,1.5592,1.0221,0.7776,77.88,0.9219,1.0165
2011-12-05,1.3463,1.5689,1.0298,0.7814,77.77,0.9179,1.0140
2011-12-06,1.3397,1.5580,1.0227,0.7777,77.73,0.9267,1.0116
2011-12-07,1.3386,1.5691,1.0268,0.7778,77.69,0.9251,1.0106
2011-12-08,1.3324,1.5635,1.0187,0.7730,77.67,0.9275,1.0190
2011-12-09,1.3368,1.5642,1.0190,0.7733,77.58,0.9243,1.0202
2011-12-12,1.3188,1.5597,1.0059,0.7617,77.87,0.9360,1.0273
2011-12-13,1.3094,1.5528,1.0097,0.7641,77.86,0.9418,1.0283
2011-12-14,1.2972,1.5445,0.9904,0.7507,78.08,0.9530,1.0403
2011-12-15,1.3013,1.5486,0.9936,0.7542,77.87,0.9402,1.0338
2011-12-16,1.3025,1.5514,0.9962,0.7622,77.65,0.9372,1.0388
2011-12-19,1.3017,1.5531,0.9915,0.7569,77.96,0.9364,1.0364
2011-12-20,1.3076,1.5674,1.0069,0.7698,77.76,0.9309,1.0284
2011-12-21,1.3040,1.5680,1.0070,0.7674,78.00,0.9378,1.0286
2011-12-22,1.3045,1.5667,1.0140,0.7750,78.13,0.9368,1.0213
2011-12-23,1.3040,1.5615,1.0148,0.7740,78.13,0.9379,1.0208
2011-12-26,,,,,,,
2011-12-27,1.3074,1.5671,1.0160,0.7720,77.83,0.9339,1.0201
2011-12-28,1.2926,1.5478,1.0092,0.7690,77.98,0.9430,1.0232
2011-12-29,1.2952,1.5386,1.0134,0.7714,77.71,0.9412,1.0208
2011-12-30,1.2973,1.5537,1.0251,0.7805,76.98,0.9374,1.0168
2012-01-02,,,,,,,
2012-01-03,1.3061,1.5655,1.0380,0.7903,76.67,0.9319,1.0089
2012-01-04,1.2930,1.5638,1.0348,0.7876,76.68,0.9417,1.0134
2012-01-05,1.2783,1.5480,1.0253,0.7804,77.18,0.9528,1.0197
2012-01-06,1.2723,1.5431,1.0235,0.7818,77.06,0.9555,1.0231
2012-01-09,1.2745,1.5436,1.0215,0.7850,76.88,0.9520,1.0272
2012-01-10,1.2782,1.5489,1.0323,0.7947,76.84,0.9486,1.0161
2012-01-11,1.2686,1.5325,1.0295,0.7950,76.90,0.9554,1.0192
2012-01-12,1.2818,1.5325,1.0311,0.7927,76.76,0.9444,1.0197
2012-01-13,1.2682,1.5301,1.0292,0.7923,76.90,0.9534,1.0246
2012-01-16,,,,,,,
2012-01-17,1.2740,1.5356,1.0395,0.8005,76.80,0.9492,1.0130
2012-01-18,1.2825,1.5410,1.0395,0.8059,76.81,0.9427,1.0138
2012-01-19,1.2937,1.5484,1.0417,0.8021,77.23,0.9335,1.0094
2012-01-20,1.2948,1.5540,1.0471,0.8059,76.97,0.9327,1.0142
2012-01-23,1.3035,1.5582,1.0534,0.8108,76.92,0.9268,1.0079
2012-01-24,1.3004,1.5595,1.0470,0.8093,77.78,0.9290,1.0096
2012-01-25,1.2978,1.5570,1.0481,0.8056,78.13,0.9310,1.0119
2012-01-26,1.3152,1.5706,1.0651,0.8215,77.47,0.9174,0.9986
2012-01-27,1.3192,1.5716,1.0645,0.8239,76.68,0.9142,1.0014
2012-01-30,1.3123,1.5690,1.0590,0.8199,76.28,0.9178,1.0030
2012-01-31,1.3053,1.5754,1.0598,0.8246,76.34,0.9220,1.0050
2012-02-01,1.3179,1.5849,1.0700,0.8321,76.11,0.9141,0.9984
2012-02-02,1.3167,1.5813,1.0718,0.8351,76.13,0.9144,0.9985
2012-02-03,1.3106,1.5779,1.0762,0.8360,76.54,0.9208,0.9944
2012-02-06,1.3130,1.5832,1.0743,0.8345,76.54,0.9188,0.9953
2012-02-07,1.3244,1.5891,1.0798,0.8364,76.88,0.9129,0.9947
2012-02-08,1.3253,1.5820,1.0785,0.8337,76.90,0.9126,0.9969
2012-02-09,1.3297,1.5838,1.0806,0.8366,77.42,0.9103,0.9941
2012-02-10,1.3187,1.5748,1.0676,0.8283,77.57,0.9176,1.0016
2012-02-13,1.3211,1.5780,1.0741,0.8349,77.52,0.9149,0.9995
2012-02-14,1.3149,1.5691,1.0691,0.8321,78.39,0.9185,0.9988
2012-02-15,1.3087,1.5710,1.0742,0.8382,78.22,0.9223,0.9965
2012-02-16,1.3110,1.5795,1.0759,0.8335,78.77,0.9209,0.9962
2012-02-17,1.3149,1.5813,1.0695,0.8327,79.33,0.9180,0.9970
2012-02-20,,,,,,,
2012-02-21,1.3255,1.5796,1.0692,0.8362,79.73,0.9114,0.9956
2012-02-22,1.3251,1.5677,1.0629,0.8296,80.30,0.9107,0.9999
2012-02-23,1.3308,1.5700,1.0688,0.8335,80.21,0.9059,0.9983
2012-02-24,1.3463,1.5869,1.0707,0.8365,80.88,0.8949,0.9988
2012-02-27,1.3410,1.5845,1.0764,0.8404,80.42,0.8987,0.9982
2012-02-28,1.3452,1.5887,1.0765,0.8377,80.44,0.8961,0.9956
2012-02-29,1.3359,1.5951,1.0777,0.8397,81.10,0.9023,0.9866
2012-03-01,1.3320,1.5953,1.0803,0.8399,81.16,0.9051,0.9848
2012-03-02,1.3202,1.5852,1.0747,0.8315,81.56,0.9134,0.9887
2012-03-05,1.3226,1.5870,1.0668,0.8216,81.43,0.9116,0.9936
2012-03-06,1.3114,1.5720,1.0551,0.8126,80.86,0.9186,1.0013
2012-03-07,1.3149,1.5746,1.0583,0.8195,81.06,0.9169,0.9994
2012-03-08,1.3256,1.5822,1.0618,0.8242,81.50,0.9092,0.9920
2012-03-09,1.3108,1.5677,1.0590,0.8218,82.59,0.9200,0.9894
2012-03-12,1.3141,1.5615,1.0490,0.8175,82.21,0.9177,0.9934
2012-03-13,1.3109,1.5736,1.0540,0.8229,82.66,0.9198,0.9905
2012-03-14,1.3025,1.5686,1.0446,0.8093,83.78,0.9313,0.9914
2012-03-15,1.3070,1.5669,1.0528,0.8195,83.28,0.9236,0.9928
2012-03-16,1.3171,1.5845,1.0584,0.8240,83.34,0.9160,0.9912
2012-03-19,1.3242,1.5894,1.0608,0.8256,83.31,0.9109,0.9878
2012-03-20,1.3222,1.5857,1.0485,0.8176,83.62,0.9122,0.9933
2012-03-21,1.3190,1.5848,1.0439,0.8137,83.62,0.9143,0.9928
2012-03-22,1.3194,1.5807,1.0370,0.8081,82.50,0.9136,1.0002
2012-03-23,1.3263,1.5864,1.0456,0.8171,82.35,0.9085,0.9983
2012-03-26,1.3328,1.5939,1.0511,0.8209,82.84,0.9041,0.9922
2012-03-27,1.3336,1.5972,1.0490,0.8206,83.15,0.9038,0.9928
2012-03-28,1.3300,1.5855,1.0369,0.8177,82.74,0.9064,0.9983
2012-03-29,1.3265,1.5911,1.0326,0.8173,82.28,0.9084,0.9998
2012-03-30,1.3334,1.5985,1.0367,0.8200,82.41,0.9026,0.9990
2012-04-02,1.3325,1.6022,1.0426,0.8240,82.16,0.9037,0.9916
2012-04-03,1.3337,1.5966,1.0372,0.8194,82.18,0.9024,0.9909
2012-04-04,1.3126,1.5879,1.0255,0.8146,82.62,0.9168,0.9961
2012-04-05,1.3064,1.5822,1.0303,0.8156,82.33,0.9200,0.9927
2012-04-06,1.3089,1.5877,1.0311,0.8197,81.56,0.9176,0.9971
2012-04-09,1.3087,1.5879,1.0319,0.8228,81.36,0.9180,0.9971
2012-04-10,1.3068,1.5836,1.0262,0.8132,80.94,0.9195,1.0027
2012-04-11,1.3104,1.5892,1.0295,0.8178,80.88,0.9165,1.0040
2012-04-12,1.3171,1.5939,1.0441,0.8270,80.87,0.9125,0.9951
2012-04-13,1.3082,1.5851,1.0372,0.8243,80.99,0.9189,0.9978
2012-04-16,1.3067,1.5865,1.0340,0.8189,80.46,0.9199,1.0025
2012-04-17,1.3123,1.5931,1.0405,0.8223,80.72,0.9156,0.9878
2012-04-18,1.3122,1.6020,1.0367,0.8173,81.29,0.9162,0.9902
2012-04-19,1.3132,1.6058,1.0337,0.8150,81.57,0.9155,0.9927
2012-04-20,1.3212,1.6123,1.0375,0.8173,81.60,0.9095,0.9912
2012-04-23,1.3129,1.6102,1.0299,0.8113,81.16,0.9152,0.9935
2012-04-24,1.3207,1.6135,1.0299,0.8118,81.21,0.9098,0.9882
2012-04-25,1.3210,1.6146,1.0333,0.8133,81.33,0.9097,0.9848
2012-04-26,1.3232,1.6188,1.0383,0.8145,80.78,0.9081,0.9840
2012-04-27,1.3248,1.6239,1.0447,0.8199,80.48,0.9066,0.9807
2012-04-30,1.3229,1.6225,1.0410,0.8174,79.81,0.9081,0.9886
2012-05-01,1.3226,1.6221,1.0345,0.8156,80.17,0.9087,0.9839
2012-05-02,1.3154,1.6193,1.0304,0.8094,80.19,0.9135,0.9890
2012-05-03,1.3147,1.6185,1.0260,0.8002,80.36,0.9138,0.9869
2012-05-04,1.3091,1.6148,1.0190,0.7951,79.84,0.9176,0.9955
2012-05-07,1.3052,1.6192,1.0201,0.7956,79.88,0.9204,0.9938
2012-05-08,1.3015,1.6159,1.0117,0.7873,79.79,0.9228,0.9997
2012-05-09,1.2954,1.6130,1.0066,0.7849,79.64,0.9272,1.0014
2012-05-10,1.2959,1.6161,1.0113,0.7871,79.91,0.9269,1.0015
2012-05-11,1.2937,1.6080,1.0065,0.7868,79.86,0.9283,0.9967
2012-05-14,1.2847,1.6116,0.9998,0.7798,79.83,0.9349,1.0018
2012-05-15,1.2769,1.6025,0.9977,0.7725,80.09,0.9405,1.0029
2012-05-16,1.2730,1.5933,0.9933,0.7660,80.32,0.9435,1.0099
2012-05-17,1.2709,1.5823,0.9925,0.7657,79.26,0.9450,1.0162
2012-05-18,1.2721,1.5788,0.9819,0.7542,79.14,0.9442,1.0211
2012-05-21,1.2769,1.5790,0.9853,0.7601,79.31,0.9406,1.0223
2012-05-22,1.2735,1.5775,0.9874,0.7609,79.98,0.9431,1.0191
2012-05-23,1.2569,1.5691,0.9709,0.7470,79.33,0.9555,1.0274
2012-05-24,1.2583,1.5698,0.9774,0.7534,79.47,0.9558,1.0274
2012-05-25,1.2518,1.5648,0.9778,0.7558,79.64,0.9592,1.0285
2012-05-28,,,,,,,
2012-05-29,1.2488,1.5630,0.9825,0.7607,79.44,0.9617,1.0253
2012-05-30,1.2405,1.5532,0.9733,0.7550,78.93,0.9682,1.0289
2012-05-31,1.2364,1.5405,0.9711,0.7527,78.29,0.9713,1.0349
2012-06-01,1.2420,1.5383,0.9688,0.7537,78.21,0.9671,1.0378
2012-06-04,1.2495,1.5382,0.9719,0.7568,78.30,0.9610,1.0417
2012-06-05,1.2437,1.5355,0.9722,0.7546,78.57,0.9656,1.0414
2012-06-06,1.2535,1.5475,0.9905,0.7681,79.11,0.9579,1.0298
2012-06-07,1.2568,1.5557,0.9936,0.7712,79.67,0.9558,1.0244
2012-06-08,1.2482,1.5433,0.9869,0.7673,79.47,0.9620,1.0332
2012-06-11,1.2504,1.5515,0.9925,0.7732,79.50,0.9604,1.0281
2012-06-12,1.2477,1.5562,0.9925,0.7756,79.44,0.9624,1.0269
2012-06-13,1.2596,1.5557,0.9973,0.7781,79.35,0.9533,1.0270
2012-06-14,1.2608,1.5533,0.9989,0.7817,79.29,0.9525,1.0247
2012-06-15,1.2633,1.5654,1.0057,0.7876,78.65,0.9506,1.0244
2012-06-18,1.2578,1.5665,1.0088,0.7905,78.95,0.9547,1.0264
2012-06-19,1.2692,1.5732,1.0196,0.7990,78.92,0.9461,1.0177
2012-06-20,1.2703,1.5750,1.0194,0.7966,79.54,0.9453,1.0193
2012-06-21,1.2586,1.5633,1.0095,0.7926,80.18,0.9542,1.0250
2012-06-22,1.2545,1.5582,1.0059,0.7905,80.52,0.9572,1.0258
2012-06-25,1.2480,1.5555,0.9981,0.7859,79.50,0.9621,1.0301
2012-06-26,1.2471,1.5620,1.0046,0.7910,79.46,0.9630,1.0264
2012-06-27,1.2457,1.5549,1.0071,0.7906,79.83,0.9642,1.0258
2012-06-28,1.2433,1.5503,1.0025,0.7862,79.35,0.9661,1.0331
2012-06-29,1.2668,1.5686,1.0236,0.8027,79.81,0.9485,1.0190
2012-07-02,1.2584,1.5679,1.0239,0.8027,79.42,0.9544,1.0193
2012-07-03,1.2620,1.5702,1.0294,0.8059,79.77,0.9517,1.0123
2012-07-04,,,,,,,
2012-07-05,1.2384,1.5531,1.0291,0.8048,79.95,0.9698,1.0130
2012-07-06,1.2283,1.5480,1.0187,0.7965,79.61,0.9777,1.0198
2012-07-09,1.2299,1.5507,1.0176,0.7955,79.66,0.9764,1.0210
2012-07-10,1.2255,1.5506,1.0218,0.7969,79.44,0.9798,1.0202
2012-07-11,1.2244,1.5532,1.0252,0.7983,79.70,0.9808,1.0195
2012-07-12,1.2199,1.5425,1.0131,0.7898,79.29,0.9843,1.0215
2012-07-13,1.2232,1.5550,1.0212,0.7947,79.20,0.9817,1.0151
2012-07-16,1.2267,1.5635,1.0236,0.7971,78.80,0.9791,1.0156
2012-07-17,1.2234,1.5613,1.0281,0.7957,79.04,0.9818,1.0141
2012-07-18,1.2261,1.5636,1.0347,0.7991,78.79,0.9795,1.0112
2012-07-19,1.2257,1.5719,1.0423,0.8032,78.60,0.9798,1.0076
2012-07-20,1.2176,1.5630,1.0383,0.7992,78.49,0.9863,1.0113
2012-07-23,1.2126,1.5512,1.0270,0.7891,78.38,0.9904,1.0172
2012-07-24,1.2062,1.5521,1.0253,0.7876,78.19,0.9957,1.0207
2012-07-25,1.2132,1.5479,1.0275,0.7859,78.21,0.9899,1.0181
2012-07-26,1.2280,1.5683,1.0390,0.8015,78.24,0.9780,1.0101
2012-07-27,1.2370,1.5728,1.0441,0.8076,78.55,0.9709,1.0059
2012-07-30,1.2250,1.5694,1.0489,0.8085,78.20,0.9804,1.0033
2012-07-31,1.2315,1.5686,1.0522,0.8115,78.10,0.9753,1.0014
2012-08-01,1.2299,1.5596,1.0518,0.8124,78.19,0.9767,1.0017
2012-08-02,1.2149,1.5500,1.0451,0.8090,78.22,0.9886,1.0061
2012-08-03,1.2390,1.5650,1.0566,0.8198,78.60,0.9697,0.9986
2012-08-06,1.2422,1.5625,1.0591,0.8218,78.17,0.9669,0.9988
2012-08-07,1.2422,1.5658,1.0571,0.8174,78.71,0.9672,0.9964
2012-08-08,1.2364,1.5659,1.0573,0.8156,78.44,0.9714,0.9946
2012-08-09,1.2278,1.5623,1.0567,0.8110,78.64,0.9781,0.9923
2012-08-10,1.2298,1.5679,1.0569,0.8126,78.24,0.9764,0.9917
2012-08-13,1.2339,1.5690,1.0507,0.8082,78.34,0.9733,0.9933
2012-08-14,1.2329,1.5692,1.0506,0.8073,78.82,0.9742,0.9914
2012-08-15,1.2288,1.5686,1.0509,0.8073,78.89,0.9774,0.9890
2012-08-16,1.2356,1.5738,1.0505,0.8098,79.25,0.9719,0.9881
2012-08-17,1.2315,1.5697,1.0427,0.8080,79.50,0.9752,0.9883
2012-08-20,1.2343,1.5707,1.0457,0.8101,79.41,0.9730,0.9890
2012-08-21,1.2472,1.5788,1.0493,0.8120,79.43,0.9630,0.9864
2012-08-22,1.2472,1.5800,1.0446,0.8098,79.19,0.9628,0.9928
2012-08-23,1.2583,1.5882,1.0479,0.8162,78.46,0.9542,0.9928
2012-08-24,1.2533,1.5815,1.0411,0.8116,78.65,0.9581,0.9919
2012-08-27,1.2514,1.5800,1.0387,0.8098,78.67,0.9597,0.9892
2012-08-28,1.2564,1.5828,1.0383,0.8057,78.50,0.9558,0.9864
2012-08-29,1.2538,1.5839,1.0366,0.8024,78.72,0.9578,0.9873
2012-08-30,1.2497,1.5794,1.0301,0.7987,78.55,0.9608,0.9925
2012-08-31,1.2578,1.5864,1.0334,0.8037,78.30,0.9546,0.9862
2012-09-03,,,,,,,
2012-09-04,1.2566,1.5889,1.0230,0.7940,78.35,0.9558,0.9862
2012-09-05,1.2603,1.5907,1.0195,0.7952,78.34,0.9548,0.9901
2012-09-06,1.2626,1.5922,1.0288,0.8016,78.96,0.9539,0.9824
2012-09-07,1.2796,1.6016,1.0390,0.8113,78.14,0.9452,0.9777
2012-09-10,1.2795,1.6009,1.0363,0.8111,78.24,0.9438,0.9761
2012-09-11,1.2858,1.6071,1.0442,0.8182,77.78,0.9387,0.9723
2012-09-12,1.2894,1.6111,1.0453,0.8195,77.86,0.9376,0.9756
2012-09-13,1.2912,1.6125,1.0449,0.8235,77.41,0.9395,0.9754
2012-09-14,1.3142,1.6244,1.0561,0.8291,78.22,0.9250,0.9710
2012-09-17,1.3125,1.6263,1.0490,0.8274,78.68,0.9266,0.9723
2012-09-18,1.3051,1.6251,1.0446,0.8280,78.59,0.9288,0.9743
2012-09-19,1.3065,1.6219,1.0480,0.8285,78.40,0.9266,0.9747
2012-09-20,1.2948,1.6198,1.0410,0.8265,78.30,0.9336,0.9775
2012-09-21,1.2990,1.6251,1.0469,0.8305,78.17,0.9327,0.9757
2012-09-24,1.2909,1.6199,1.0417,0.8218,77.90,0.9371,0.9800
2012-09-25,1.2945,1.6232,1.0445,0.8274,77.91,0.9348,0.9770
2012-09-26,1.2852,1.6145,1.0357,0.8231,77.78,0.9401,0.9845
2012-09-27,1.2874,1.6217,1.0440,0.8320,77.62,0.9388,0.9812
2012-09-28,1.2856,1.6132,1.0388,0.8293,77.92,0.9400,0.9837
2012-10-01,1.2900,1.6142,1.0374,0.8289,78.00,0.9376,0.9827
2012-10-02,1.2951,1.6186,1.0292,0.8309,78.01,0.9342,0.9827
2012-10-03,1.2909,1.6077,1.0218,0.8203,78.57,0.9382,0.9870
2012-10-04,1.3001,1.6165,1.0229,0.8191,78.44,0.9316,0.9821
2012-10-05,1.3059,1.6196,1.0218,0.8231,78.66,0.9284,0.9763
2012-10-08,,,,,,,
2012-10-09,1.2876,1.5987,1.0188,0.8168,78.23,0.9400,0.9787
2012-10-10,1.2888,1.6007,1.0242,0.8177,78.26,0.9392,0.9786
2012-10-11,1.2928,1.6028,1.0261,0.8175,78.44,0.9353,0.9785
2012-10-12,1.2946,1.6075,1.0228,0.8176,78.31,0.9334,0.9797
2012-10-15,1.2950,1.6069,1.0245,0.8189,78.76,0.9330,0.9783
2012-10-16,1.3036,1.6101,1.0270,0.8137,78.92,0.9273,0.9854
2012-10-17,1.3133,1.6165,1.0380,0.8218,78.74,0.9217,0.9795
2012-10-18,1.3106,1.6141,1.0397,0.8224,79.24,0.9225,0.9811
2012-10-19,1.3022,1.6003,1.0328,0.8161,79.26,0.9286,0.9930
2012-10-22,1.3063,1.6028,1.0318,0.8176,79.84,0.9263,0.9938
2012-10-23,1.2971,1.5932,1.0249,0.8115,79.79,0.9328,0.9934
2012-10-24,1.2946,1.6015,1.0335,0.8153,79.82,0.9342,0.9945
2012-10-25,1.2958,1.6119,1.0349,0.8209,80.04,0.9336,0.9942
2012-10-26,1.2938,1.6098,1.0358,0.8226,79.63,0.9348,0.9990
2012-10-29,1.2906,1.6025,1.0329,0.8189,79.81,0.9366,1.0003
2012-10-30,1.2979,1.6083,1.0370,0.8204,79.58,0.9309,0.9992
2012-10-31,1.2958,1.6111,1.0370,0.8220,79.94,0.9311,0.9994
2012-11-01,1.2937,1.6142,1.0402,0.8264,80.14,0.9326,0.9973
2012-11-02,1.2848,1.6036,1.0367,0.8261,80.53,0.9396,0.9962
2012-11-05,1.2790,1.5977,1.0370,0.8253,80.17,0.9434,0.9965
2012-11-06,1.2818,1.5985,1.0438,0.8277,80.28,0.9424,0.9936
2012-11-07,1.2759,1.5975,1.0408,0.8255,79.85,0.9454,0.9971
2012-11-08,1.2740,1.5979,1.0429,0.8174,79.74,0.9462,0.9985
2012-11-09,1.2715,1.5912,1.0395,0.8148,79.46,0.9483,1.0007
2012-11-12,,,,,,,
2012-11-13,1.2716,1.5885,1.0434,0.8196,79.42,0.9470,1.0015
2012-11-14,1.2740,1.5849,1.0397,0.8117,80.20,0.9450,1.0017
2012-11-15,1.2783,1.5865,1.0315,0.8095,81.16,0.9418,1.0024
2012-11-16,1.2715,1.5866,1.0318,0.8092,81.28,0.9472,1.0029
2012-11-19,1.2806,1.5908,1.0406,0.8182,81.18,0.9404,0.9963
2012-11-20,1.2814,1.5927,1.0383,0.8154,81.72,0.9403,0.9969
2012-11-21,1.2816,1.5936,1.0344,0.8117,82.36,0.9394,0.9980
2012-11-22,,,,,,,
2012-11-23,1.2959,1.6032,1.0451,0.8240,82.34,0.9296,0.9927
2012-11-26,1.2966,1.6014,1.0450,0.8220,82.11,0.9284,0.9949
2012-11-27,1.2940,1.6028,1.0461,0.8211,82.23,0.9310,0.9936
2012-11-28,1.2923,1.5997,1.0470,0.8229,81.84,0.9313,0.9927
2012-11-29,1.2953,1.6026,1.0423,0.8216,82.06,0.9293,0.9928
2012-11-30,1.3010,1.6027,1.0429,0.8201,82.54,0.9264,0.9931
2012-12-03,1.3066,1.6104,1.0433,0.8219,82.24,0.9250,0.9929
2012-12-04,1.3081,1.6097,1.0477,0.8243,81.86,0.9272,0.9926
2012-12-05,1.3077,1.6102,1.0460,0.8255,82.40,0.9262,0.9913
2012-12-06,1.2968,1.6066,1.0491,0.8325,82.29,0.9330,0.9909
2012-12-07,1.2942,1.6031,1.0486,0.8328,82.37,0.9333,0.9890
2012-12-10,1.2930,1.6068,1.0492,0.8343,82.37,0.9330,0.9871
2012-12-11,1.2992,1.6103,1.0518,0.8381,82.42,0.9333,0.9867
2012-12-12,1.3038,1.6132,1.0539,0.8411,83.10,0.9286,0.9854
2012-12-13,1.3077,1.6130,1.0529,0.8440,83.54,0.9243,0.9845
2012-12-14,1.3134,1.6139,1.0555,0.8447,83.52,0.9196,0.9860
2012-12-17,1.3169,1.6203,1.0548,0.8444,83.70,0.9174,0.9841
2012-12-18,1.3224,1.6256,1.0527,0.8421,84.00,0.9130,0.9852
2012-12-19,1.3260,1.6275,1.0497,0.8368,84.32,0.9115,0.9868
2012-12-20,1.3224,1.6268,1.0478,0.8333,84.33,0.9130,0.9882
2012-12-21,1.3166,1.6167,1.0420,0.8245,84.10,0.9172,0.9941
2012-12-24,1.3179,1.6113,1.0370,0.8226,84.81,0.9161,0.9913
2012-12-25,,,,,,,
2012-12-26,1.3228,1.6118,1.0350,0.8159,85.62,0.9128,0.9945
2012-12-27,1.3228,1.6106,1.0360,0.8173,86.06,0.9138,0.9949
2012-12-28,1.3220,1.6157,1.0384,0.8209,86.12,0.9130,0.9951
2012-12-31,1.3186,1.6262,1.0393,0.8267,86.64,0.9155,0.9958
2013-01-01,,,,,,,
2013-01-02,1.3195,1.6255,1.0492,0.8332,87.10,0.9166,0.9859
2013-01-03,1.3110,1.6151,1.0515,0.8326,86.92,0.9222,0.9853
2013-01-04,1.3047,1.6036,1.0454,0.8285,88.14,0.9262,0.9856
2013-01-07,1.3099,1.6080,1.0479,0.8351,87.68,0.9227,0.9859
2013-01-08,1.3068,1.6040,1.0486,0.8346,87.31,0.9250,0.9871
2013-01-09,1.3078,1.6024,1.0518,0.8398,87.90,0.9244,0.9867
2013-01-10,1.3220,1.6125,1.0579,0.8426,88.16,0.9162,0.9859
2013-01-11,1.3353,1.6128,1.0538,0.8371,89.22,0.9120,0.9842
2013-01-14,1.3369,1.6077,1.0561,0.8399,89.34,0.9174,0.9841
2013-01-15,1.3342,1.6089,1.0559,0.8388,88.65,0.9275,0.9839
2013-01-16,1.3305,1.6009,1.0563,0.8409,88.64,0.9313,0.9850
2013-01-17,1.3356,1.5991,1.0540,0.8410,89.41,0.9331,0.9853
2013-01-18,1.3303,1.5876,1.0495,0.8351,89.90,0.9346,0.9937
2013-01-21,,,,,,,
2013-01-22,1.3304,1.5862,1.0557,0.8401,88.62,0.9278,0.9934
2013-01-23,1.3308,1.5848,1.0555,0.8434,88.44,0.9295,0.9986
2013-01-24,1.3378,1.5789,1.0467,0.8390,90.04,0.9288,1.0024
2013-01-25,1.3456,1.5799,1.0421,0.8374,91.04,0.9252,1.0078
2013-01-28,1.3459,1.5686,1.0401,0.8306,90.73,0.9272,1.0070
2013-01-29,1.3484,1.5751,1.0466,0.8376,90.65,0.9216,1.0029
2013-01-30,1.3564,1.5793,1.0422,0.8310,91.05,0.9124,1.0033
2013-01-31,1.3584,1.5856,1.0433,0.8397,91.28,0.9093,0.9992
2013-02-01,1.3692,1.5744,1.0412,0.8464,92.54,0.9030,0.9987
2013-02-04,1.3527,1.5737,1.0422,0.8458,92.57,0.9087,0.9976
2013-02-05,1.3569,1.5652,1.0389,0.8443,93.34,0.9084,0.9972
2013-02-06,1.3528,1.5655,1.0322,0.8429,93.56,0.9100,0.9959
2013-02-07,1.3382,1.5712,1.0285,0.8303,93.24,0.9176,0.9992
2013-02-08,1.3366,1.5814,1.0319,0.8353,92.72,0.9183,1.0021
2013-02-11,1.3414,1.5668,1.0286,0.8371,93.44,0.9186,1.0064
2013-02-12,1.3450,1.5654,1.0308,0.8421,93.14,0.9172,1.0029
2013-02-13,1.3448,1.5544,1.0345,0.8407,93.39,0.9182,1.0020
2013-02-14,1.3334,1.5502,1.0349,0.8472,93.10,0.9232,1.0007
2013-02-15,1.3362,1.5518,1.0304,0.8457,93.64,0.9226,1.0069
2013-02-18,,,,,,,
2013-02-19,1.3387,1.5432,1.0350,0.8483,93.54,0.9220,1.0117
2013-02-20,1.3350,1.5301,1.0286,0.8368,93.53,0.9241,1.0162
2013-02-21,1.3204,1.5263,1.0251,0.8350,92.96,0.9317,1.0184
2013-02-22,1.3166,1.5256,1.0318,0.8382,93.35,0.9314,1.0222
2013-02-25,1.3172,1.5112,1.0284,0.8380,93.35,0.9314,1.0264
2013-02-26,1.3054,1.5125,1.0208,0.8248,91.38,0.9326,1.0279
2013-02-27,1.3104,1.5134,1.0202,0.8234,91.88,0.9310,1.0249
2013-02-28,1.3079,1.5192,1.0241,0.8286,92.36,0.9336,1.0286
2013-03-01,1.2988,1.5033,1.0210,0.8248,93.38,0.9448,1.0285
2013-03-04,1.2996,1.5084,1.0164,0.8231,93.32,0.9423,1.0298
2013-03-05,1.3019,1.5098,1.0237,0.8296,93.39,0.9433,1.0289
2013-03-06,1.2990,1.5036,1.0248,0.8292,93.64,0.9470,1.0314
2013-03-07,1.3098,1.5032,1.0263,0.8270,95.00,0.9432,1.0303
2013-03-08,1.2992,1.4926,1.0227,0.8201,96.00,0.9535,1.0273
2013-03-11,1.3014,1.4898,1.0264,0.8251,96.12,0.9496,1.0268
2013-03-12,1.3023,1.4877,1.0317,0.8256,95.96,0.9472,1.0259
2013-03-13,1.2949,1.4925,1.0294,0.8241,96.00,0.9518,1.0272
2013-03-14,1.2974,1.5039,1.0387,0.8203,96.16,0.9512,1.0263
2013-03-15,1.3076,1.5124,1.0398,0.8267,95.26,0.9396,1.0202
2013-03-18,1.2956,1.5113,1.0393,0.8245,94.92,0.9449,1.0218
2013-03-19,1.2888,1.5118,1.0363,0.8239,94.85,0.9460,1.0272
2013-03-20,1.2950,1.5133,1.0389,0.8221,95.51,0.9439,1.0268
2013-03-21,1.2928,1.5180,1.0439,0.8328,95.06,0.9454,1.0239
2013-03-22,1.2996,1.5239,1.0447,0.8352,94.48,0.9402,1.0224
2013-03-25,1.2881,1.5184,1.0452,0.8347,94.34,0.9473,1.0217
2013-03-26,1.2858,1.5156,1.0484,0.8380,94.22,0.9484,1.0167
2013-03-27,1.2782,1.5112,1.0435,0.8359,94.38,0.9534,1.0169
2013-03-28,1.2842,1.5184,1.0427,0.8382,94.02,0.9468,1.0155
2013-03-29,1.2816,1.5193,1.0409,0.8360,94.16,0.9490,1.0174
2013-04-01,1.2857,1.5232,1.0421,0.8377,93.30,0.9460,1.0166
2013-04-02,1.2836,1.5113,1.0457,0.8426,93.43,0.9485,1.0147
2013-04-03,1.2847,1.5140,1.0481,0.8442,92.96,0.9451,1.0134
2013-04-04,1.2854,1.5198,1.0397,0.8381,96.12,0.9458,1.0139
2013-04-05,1.3027,1.5336,1.0385,0.8421,96.86,0.9324,1.0190
2013-04-08,1.3008,1.5257,1.0389,0.8454,98.90,0.9346,1.0199
2013-04-09,1.3092,1.5317,1.0490,0.8512,99.02,0.9317,1.0162
2013-04-10,1.3060,1.5315,1.0539,0.8567,99.61,0.9333,1.0148
2013-04-11,1.3124,1.5403,1.0564,0.8650,99.42,0.9294,1.0107
2013-04-12,1.3094,1.5373,1.0503,0.8572,98.98,0.9290,1.0134
2013-04-15,1.3082,1.5320,1.0393,0.8487,98.00,0.9303,1.0208
2013-04-16,1.3141,1.5316,1.0366,0.8488,97.86,0.9256,1.0226
2013-04-17,1.3049,1.5255,1.0306,0.8457,97.74,0.9306,1.0263
2013-04-18,1.3072,1.5282,1.0301,0.8422,98.22,0.9306,1.0257
2013-04-19,1.3066,1.5254,1.0297,0.8436,99.28,0.9324,1.0264
2013-04-22,1.3050,1.5262,1.0255,0.8406,99.29,0.9349,1.0262
2013-04-23,1.3012,1.5267,1.0262,0.8409,99.43,0.9427,1.0259
2013-04-24,1.2997,1.5258,1.0256,0.8455,99.39,0.9484,1.0270
2013-04-25,1.3004,1.5434,1.0308,0.8517,99.42,0.9455,1.0193
2013-04-26,1.3024,1.5479,1.0275,0.8509,97.84,0.9414,1.0170
2013-04-29,1.3090,1.5497,1.0348,0.8565,98.09,0.9370,1.0138
2013-04-30,1.3168,1.5539,1.0372,0.8580,97.52,0.9298,1.0072
2013-05-01,1.3192,1.5578,1.0285,0.8494,97.28,0.9268,1.0083
2013-05-02,1.3066,1.5519,1.0260,0.8497,97.96,0.9348,1.0083
2013-05-03,1.3112,1.5563,1.0313,0.8538,99.10,0.9340,1.0077
2013-05-06,1.3067,1.5538,1.0248,0.8509,99.35,0.9393,1.0074
2013-05-07,1.3085,1.5468,1.0162,0.8443,99.00,0.9402,1.0051
2013-05-08,1.3177,1.5563,1.0183,0.8394,98.90,0.9349,1.0023
2013-05-09,1.3105,1.5502,1.0192,0.8446,99.29,0.9406,1.0026
2013-05-10,1.2955,1.5334,0.9987,0.8274,101.74,0.9594,1.0123
2013-05-13,1.2981,1.5291,0.9965,0.8245,101.84,0.9576,1.0108
2013-05-14,1.2969,1.5258,0.9903,0.8214,102.18,0.9602,1.0149
2013-05-15,1.2857,1.5198,0.9884,0.8224,102.44,0.9680,1.0173
2013-05-16,1.2898,1.5302,0.9846,0.8190,102.22,0.9618,1.0162
2013-05-17,1.2818,1.5173,0.9737,0.8082,102.98,0.9731,1.0268
2013-05-20,1.2865,1.5223,0.9788,0.8153,102.54,0.9675,1.0272
2013-05-21,1.2910,1.5170,0.9800,0.8161,102.36,0.9680,1.0277
2013-05-22,1.2864,1.5038,0.9686,0.8084,103.52,0.9814,1.0331
2013-05-23,1.2944,1.5120,0.9759,0.8166,101.66,0.9668,1.0315
2013-05-24,1.2920,1.5126,0.9675,0.8098,100.98,0.9621,1.0322
2013-05-27,,,,,,,
2013-05-28,1.2870,1.5061,0.9642,0.8094,102.07,0.9734,1.0371
2013-05-29,1.2944,1.5121,0.9632,0.8131,100.91,0.9613,1.0369
2013-05-30,1.3042,1.5207,0.9662,0.8076,101.06,0.9558,1.0309
2013-05-31,1.2988,1.5185,0.9608,0.7973,100.83,0.9583,1.0337
2013-06-03,1.3098,1.5349,0.9770,0.8099,99.18,0.9442,1.0290
2013-06-04,1.3075,1.5304,0.9640,0.7992,100.15,0.9485,1.0348
2013-06-05,1.3088,1.5392,0.9533,0.7945,99.16,0.9422,1.0346
2013-06-06,1.3248,1.5601,0.9592,0.8012,97.76,0.9300,1.0240
2013-06-07,1.3242,1.5558,0.9494,0.7883,97.20,0.9342,1.0208
2013-06-10,1.3234,1.5556,0.9469,0.7911,98.88,0.9357,1.0185
2013-06-11,1.3278,1.5587,0.9421,0.7869,96.82,0.9271,1.0191
2013-06-12,1.3354,1.5697,0.9513,0.7976,95.36,0.9181,1.0202
2013-06-13,1.3314,1.5698,0.9601,0.8030,94.29,0.9234,1.0170
2013-06-14,1.3330,1.5686,0.9587,0.8065,94.34,0.9222,1.0175
2013-06-17,1.3341,1.5709,0.9541,0.7995,94.87,0.9254,1.0175
2013-06-18,1.3407,1.5625,0.9493,0.8001,95.20,0.9186,1.0209
2013-06-19,1.3404,1.5657,0.9536,0.8042,95.22,0.9192,1.0187
2013-06-20,1.3214,1.5469,0.9188,0.7727,98.18,0.9296,1.0383
2013-06-21,1.3113,1.5373,0.9191,0.7713,97.48,0.9354,1.0467
2013-06-24,1.3091,1.5404,0.9236,0.7729,97.70,0.9345,1.0532
2013-06-25,1.3080,1.5418,0.9248,0.7730,97.87,0.9388,1.0512
2013-06-26,1.3006,1.5332,0.9291,0.7812,97.43,0.9432,1.0468
2013-06-27,1.3016,1.5235,0.9282,0.7785,98.40,0.9464,1.0479
2013-06-28,1.3010,1.5210,0.9165,0.7755,99.21,0.9450,1.0513
2013-07-01,1.3060,1.5247,0.9247,0.7830,99.62,0.9452,1.0499
2013-07-02,1.3017,1.5171,0.9158,0.7760,100.43,0.9492,1.0529
2013-07-03,1.3005,1.5264,0.9087,0.7779,99.82,0.9475,1.0521
2013-07-04,,,,,,,
2013-07-05,1.2831,1.4910,0.9070,0.7711,100.94,0.9624,1.0566
2013-07-08,1.2863,1.4932,0.9114,0.7803,101.07,0.9644,1.0578
2013-07-09,1.2774,1.4837,0.9161,0.7857,101.08,0.9736,1.0530
2013-07-10,1.2846,1.4935,0.9145,0.7794,100.10,0.9682,1.0510
2013-07-11,1.3046,1.5127,0.9149,0.7802,98.80,0.9496,1.0389
2013-07-12,1.3048,1.5108,0.9049,0.7781,99.39,0.9468,1.0393
2013-07-15,1.3039,1.5088,0.9086,0.7804,100.04,0.9508,1.0412
2013-07-16,1.3144,1.5122,0.9226,0.7879,99.37,0.9408,1.0388
2013-07-17,1.3094,1.5184,0.9209,0.7894,99.70,0.9428,1.0423
2013-07-18,1.3078,1.5193,0.9152,0.7884,100.60,0.9468,1.0395
2013-07-19,1.3142,1.5260,0.9200,0.7946,100.30,0.9401,1.0362
2013-07-22,1.3193,1.5366,0.9252,0.7964,99.60,0.9357,1.0336
2013-07-23,1.3212,1.5354,0.9259,0.7969,99.76,0.9368,1.0305
2013-07-24,1.3228,1.5367,0.9186,0.7944,100.21,0.9354,1.0298
2013-07-25,1.3234,1.5333,0.9192,0.8055,99.56,0.9336,1.0283
2013-07-26,1.3269,1.5368,0.9242,0.8072,98.24,0.9289,1.0292
2013-07-29,1.3262,1.5355,0.9210,0.8025,97.80,0.9308,1.0259
2013-07-30,1.3266,1.5244,0.9060,0.7975,98.02,0.9298,1.0292
2013-07-31,1.3282,1.5177,0.8957,0.7951,98.35,0.9284,1.0287
2013-08-01,1.3217,1.5145,0.8919,0.7868,99.30,0.9353,1.0338
2013-08-02,1.3268,1.5277,0.8901,0.7823,99.04,0.9293,1.0379
2013-08-05,1.3257,1.5347,0.8914,0.7799,98.54,0.9302,1.0394
2013-08-06,1.3296,1.5367,0.8972,0.7887,97.85,0.9266,1.0378
2013-08-07,1.3329,1.5514,0.9014,0.7977,96.72,0.9222,1.0415
2013-08-08,1.3392,1.5555,0.9111,0.8036,96.03,0.9194,1.0347
2013-08-09,1.3338,1.5507,0.9187,0.8038,96.24,0.9221,1.0302
2013-08-12,1.3312,1.5475,0.9177,0.8036,96.44,0.9248,1.0297
2013-08-13,1.3247,1.5451,0.9093,0.7944,98.06,0.9340,1.0345
2013-08-14,1.3256,1.5531,0.9140,0.8033,98.15,0.9354,1.0319
2013-08-15,1.3263,1.5573,0.9105,0.8046,97.81,0.9334,1.0339
2013-08-16,1.3321,1.5621,0.9193,0.8118,97.60,0.9269,1.0344
2013-08-19,1.3348,1.5665,0.9132,0.8085,97.94,0.9247,1.0334
2013-08-20,1.3426,1.5678,0.9094,0.7988,97.12,0.9178,1.0374
2013-08-21,1.3368,1.5678,0.9013,0.7879,97.66,0.9211,1.0442
2013-08-22,1.3362,1.5580,0.9026,0.7836,98.53,0.9236,1.0511
2013-08-23,1.3392,1.5578,0.9038,0.7818,98.57,0.9207,1.0512
2013-08-26,1.3369,1.5568,0.9039,0.7855,98.64,0.9229,1.0513
2013-08-27,1.3387,1.5528,0.8964,0.7795,97.30,0.9186,1.0504
2013-08-28,1.3326,1.5520,0.8949,0.7802,97.65,0.9221,1.0491
2013-08-29,1.3228,1.5488,0.8924,0.7761,98.46,0.9316,1.0526
2013-08-30,1.3196,1.5468,0.8901,0.7729,98.22,0.9313,1.0554
2013-09-02,,,,,,,
2013-09-03,1.3164,1.5544,0.9055,0.7786,99.43,0.9363,1.0532
2013-09-04,1.3212,1.5643,0.9187,0.7925,99.61,0.9356,1.0482
2013-09-05,1.3120,1.5593,0.9132,0.7900,100.08,0.9437,1.0499
2013-09-06,1.3166,1.5633,0.9205,0.8007,99.04,0.9385,1.0390
2013-09-09,1.3260,1.5724,0.9233,0.8020,99.55,0.9314,1.0366
2013-09-10,1.3260,1.5731,0.9289,0.8052,100.22,0.9344,1.0357
2013-09-11,1.3301,1.5807,0.9312,0.8064,100.08,0.9314,1.0336
2013-09-12,1.3315,1.5819,0.9271,0.8150,99.24,0.9286,1.0319
2013-09-13,1.3276,1.5861,0.9243,0.8144,99.38,0.9319,1.0341
2013-09-16,1.3350,1.5927,0.9331,0.8185,98.98,0.9258,1.0316
2013-09-17,1.3357,1.5901,0.9364,0.8248,99.16,0.9266,1.0290
2013-09-18,1.3351,1.5965,0.9344,0.8218,99.04,0.9260,1.0312
2013-09-19,1.3527,1.6043,0.9444,0.8360,99.33,0.9112,1.0237
2013-09-20,1.3522,1.6021,0.9397,0.8372,99.38,0.9104,1.0287
2013-09-23,1.3520,1.6066,0.9444,0.8386,98.76,0.9100,1.0290
2013-09-24,1.3490,1.6006,0.9404,0.8293,98.76,0.9114,1.0294
2013-09-25,1.3536,1.6080,0.9386,0.8270,98.62,0.9082,1.0294
2013-09-26,1.3484,1.6012,0.9354,0.8276,98.95,0.9105,1.0321
2013-09-27,1.3537,1.6135,0.9324,0.8273,98.30,0.9050,1.0300
2013-09-30,1.3535,1.6179,0.9342,0.8323,98.29,0.9041,1.0284
2013-10-01,1.3534,1.6208,0.9387,0.8272,98.05,0.9064,1.0333
2013-10-02,1.3592,1.6224,0.9366,0.8270,97.36,0.9017,1.0330
2013-10-03,1.3642,1.6169,0.9382,0.8291,97.08,0.8972,1.0324
2013-10-04,1.3582,1.6069,0.9443,0.8327,97.20,0.9052,1.0306
2013-10-07,1.3569,1.6082,0.9436,0.8330,97.02,0.9050,1.0306
2013-10-08,1.3582,1.6089,0.9449,0.8304,96.94,0.9040,1.0330
2013-10-09,1.3513,1.5943,0.9434,0.8295,97.23,0.9104,1.0396
2013-10-10,1.3535,1.5975,0.9466,0.8300,98.09,0.9104,1.0382
2013-10-11,1.3559,1.5945,0.9473,0.8334,98.42,0.9103,1.0383
2013-10-14,,,,,,,
2013-10-15,1.3494,1.5974,0.9523,0.8369,98.58,0.9152,1.0372
2013-10-16,1.3490,1.5904,0.9529,0.8406,98.90,0.9163,1.0345
2013-10-17,1.3664,1.6166,0.9642,0.8512,97.85,0.9028,1.0285
2013-10-18,1.3693,1.6184,0.9671,0.8497,97.77,0.9013,1.0287
2013-10-21,1.3672,1.6149,0.9662,0.8467,98.14,0.9019,1.0296
2013-10-22,1.3778,1.6221,0.9705,0.8517,98.18,0.8947,1.0282
2013-10-23,1.3786,1.6171,0.9632,0.8393,97.28,0.8918,1.0384
2013-10-24,1.3810,1.6186,0.9601,0.8346,97.36,0.8916,1.0421
2013-10-25,1.3794,1.6158,0.9578,0.8282,97.46,0.8939,1.0449
2013-10-28,1.3786,1.6131,0.9569,0.8284,97.70,0.8954,1.0443
2013-10-29,1.3770,1.6059,0.9498,0.8265,98.09,0.8982,1.0445
2013-10-30,1.3771,1.6078,0.9491,0.8247,98.14,0.8964,1.0454
2013-10-31,1.3594,1.6068,0.9471,0.8277,98.10,0.9056,1.0429
2013-11-01,1.3488,1.5922,0.9438,0.8231,98.78,0.9124,1.0442
2013-11-04,1.3516,1.5950,0.9510,0.8286,98.62,0.9106,1.0414
2013-11-05,1.3470,1.6044,0.9487,0.8297,98.60,0.9126,1.0447
2013-11-06,1.3530,1.6080,0.9518,0.8383,98.60,0.9109,1.0418
2013-11-07,1.3390,1.6069,0.9469,0.8345,98.56,0.9184,1.0441
2013-11-08,1.3357,1.5995,0.9381,0.8254,99.03,0.9220,1.0486
2013-11-11,,,,,,,
2013-11-12,1.3428,1.5916,0.9290,0.8214,99.65,0.9176,1.0500
2013-11-13,1.3456,1.6033,0.9324,0.8261,99.31,0.9155,1.0468
2013-11-14,1.3468,1.6077,0.9321,0.8281,99.93,0.9152,1.0497
2013-11-15,1.3480,1.6107,0.9365,0.8331,100.17,0.9152,1.0457
2013-11-18,1.3520,1.6110,0.9400,0.8370,100.04,0.9121,1.0426
2013-11-19,1.3529,1.6110,0.9412,0.8341,100.14,0.9114,1.0467
2013-11-20,1.3451,1.6150,0.9369,0.8291,100.02,0.9158,1.0446
2013-11-21,1.3470,1.6155,0.9249,0.8209,100.95,0.9146,1.0506
2013-11-22,1.3547,1.6211,0.9163,0.8169,101.29,0.9072,1.0534
2013-11-25,1.3502,1.6146,0.9148,0.8188,101.70,0.9125,1.0554
2013-11-26,1.3555,1.6187,0.9120,0.8193,101.38,0.9080,1.0547
2013-11-27,1.3563,1.6267,0.9072,0.8126,102.18,0.9091,1.0595
2013-11-28,,,,,,,
2013-11-29,1.3606,1.6373,0.9125,0.8157,102.45,0.9047,1.0597
2013-12-02,1.3552,1.6365,0.9098,0.8178,103.04,0.9076,1.0632
2013-12-03,1.3604,1.6416,0.9123,0.8245,102.36,0.9030,1.0660
2013-12-04,1.3555,1.6352,0.9009,0.8173,102.48,0.9052,1.0696
2013-12-05,1.3664,1.6328,0.9069,0.8211,101.82,0.8976,1.0638
2013-12-06,1.3690,1.6327,0.9091,0.8271,102.88,0.8939,1.0663
2013-12-09,1.3726,1.6403,0.9084,0.8270,103.22,0.8914,1.0641
2013-12-10,1.3765,1.6424,0.9150,0.8317,102.80,0.8876,1.0622
2013-12-11,1.3798,1.6389,0.9066,0.8226,102.38,0.8856,1.0605
2013-12-12,1.3752,1.6326,0.8925,0.8238,103.11,0.8902,1.0641
2013-12-13,1.3724,1.6294,0.8961,0.8265,103.28,0.8904,1.0594
2013-12-16,1.3757,1.6311,0.8969,0.8267,102.91,0.8876,1.0577
2013-12-17,1.3748,1.6254,0.8903,0.8246,102.63,0.8870,1.0611
2013-12-18,1.3766,1.6388,0.8884,0.8226,103.18,0.8872,1.0645
2013-12-19,1.3666,1.6382,0.8858,0.8171,104.16,0.8964,1.0677
2013-12-20,1.3673,1.6355,0.8918,0.8214,104.07,0.8952,1.0679
2013-12-23,1.3701,1.6356,0.8940,0.8212,104.06,0.8942,1.0602
2013-12-24,1.3676,1.6371,0.8920,0.8186,104.26,0.8961,1.0618
2013-12-25,,,,,,,
2013-12-26,1.3690,1.6425,0.8885,0.8158,104.72,0.8963,1.0648
2013-12-27,1.3766,1.6491,0.8886,0.8180,105.05,0.8893,1.0697
2013-12-30,1.3816,1.6522,0.8922,0.8219,105.00,0.8866,1.0640
2013-12-31,1.3779,1.6574,0.8929,0.8229,105.25,0.8904,1.0637
2014-01-01,,,,,,,
2014-01-02,1.3670,1.6441,0.8924,0.8204,104.84,0.8998,1.0634
2014-01-03,1.3606,1.6424,0.8976,0.8296,104.46,0.9044,1.0612
2014-01-06,1.3636,1.6412,0.8961,0.8292,104.38,0.9036,1.0658
2014-01-07,1.3618,1.6421,0.8923,0.8290,104.54,0.9086,1.0742
2014-01-08,1.3586,1.6461,0.8909,0.8279,104.87,0.9102,1.0802
2014-01-09,1.3591,1.6459,0.8886,0.8248,104.74,0.9085,1.0850
2014-01-10,1.3664,1.6470,0.8985,0.8294,104.06,0.9032,1.0915
2014-01-13,1.3647,1.6379,0.9053,0.8363,103.31,0.9026,1.0868
2014-01-14,1.3682,1.6450,0.8980,0.8399,103.80,0.9009,1.0934
2014-01-15,1.3604,1.6375,0.8925,0.8348,104.42,0.9084,1.0932
2014-01-16,1.3600,1.6335,0.8802,0.8322,104.32,0.9064,1.0926
2014-01-17,1.3554,1.6429,0.8778,0.8259,104.32,0.9100,1.0959
2014-01-20,,,,,,,
2014-01-21,1.3560,1.6469,0.8801,0.8315,104.14,0.9092,1.0971
2014-01-22,1.3546,1.6571,0.8839,0.8306,104.36,0.9116,1.1069
2014-01-23,1.3680,1.6612,0.8774,0.8322,103.65,0.9002,1.1128
2014-01-24,1.3680,1.6491,0.8715,0.8253,102.41,0.8949,1.1063
2014-01-27,1.3679,1.6588,0.8735,0.8229,102.26,0.8956,1.1097
2014-01-28,1.3662,1.6581,0.8770,0.8257,102.80,0.8984,1.1148
2014-01-29,1.3663,1.6561,0.8763,0.8279,102.20,0.8948,1.1147
2014-01-30,1.3549,1.6487,0.8771,0.8136,102.83,0.9042,1.1171
2014-01-31,1.3500,1.6450,0.8743,0.8090,102.28,0.9052,1.1116
2014-02-03,1.3523,1.6307,0.8777,0.8107,101.11,0.9014,1.1074
2014-02-04,1.3507,1.6300,0.8935,0.8201,101.62,0.9050,1.1056
2014-02-05,1.3519,1.6308,0.8911,0.8205,101.38,0.9042,1.1100
2014-02-06,1.3604,1.6345,0.8967,0.8272,101.84,0.8992,1.1065
2014-02-07,1.3614,1.6395,0.8959,0.8283,102.32,0.8992,1.1014
2014-02-10,1.3644,1.6419,0.8944,0.8274,102.14,0.8967,1.1048
2014-02-11,1.3654,1.6468,0.9045,0.8340,102.63,0.8969,1.1024
2014-02-12,1.3592,1.6578,0.9028,0.8320,102.48,0.9006,1.0992
2014-02-13,1.3669,1.6643,0.8979,0.8339,102.20,0.8944,1.0979
2014-02-14,1.3690,1.6736,0.9023,0.8367,101.82,0.8928,1.0981
2014-02-17,,,,,,,
2014-02-18,1.3758,1.6696,0.9039,0.8312,102.31,0.8878,1.0952
2014-02-19,1.3762,1.6718,0.9027,0.8308,102.30,0.8868,1.1045
2014-02-20,1.3690,1.6640,0.8981,0.8283,102.32,0.8912,1.1104
2014-02-21,1.3722,1.6630,0.8961,0.8283,102.71,0.8888,1.1128
2014-02-24,1.3744,1.6641,0.9042,0.8337,102.44,0.8885,1.1058
2014-02-25,1.3749,1.6696,0.9025,0.8336,102.20,0.8870,1.1085
2014-02-26,1.3668,1.6648,0.8962,0.8294,102.36,0.8922,1.1117
2014-02-27,1.3724,1.6693,0.8960,0.8383,102.12,0.8872,1.1137
2014-02-28,1.3806,1.6750,0.8933,0.8390,102.08,0.8810,1.1075
2014-03-03,1.3763,1.6712,0.8929,0.8371,101.36,0.8810,1.1090
2014-03-04,1.3731,1.6665,0.8940,0.8379,102.18,0.8869,1.1113
2014-03-05,1.3734,1.6729,0.8984,0.8422,102.32,0.8872,1.1050
2014-03-06,1.3848,1.6743,0.9100,0.8490,103.03,0.8810,1.0965
2014-03-07,1.3868,1.6725,0.9071,0.8455,103.38,0.8785,1.1088
2014-03-10,1.3880,1.6633,0.9021,0.8465,103.23,0.8781,1.1104
2014-03-11,1.3867,1.6628,0.9020,0.8488,103.18,0.8783,1.1085
2014-03-12,1.3904,1.6605,0.8972,0.8488,102.74,0.8743,1.1130
2014-03-13,1.3927,1.6677,0.9058,0.8568,102.12,0.8726,1.1059
2014-03-14,1.3924,1.6630,0.9040,0.8551,101.46,0.8712,1.1087
2014-03-17,1.3927,1.6645,0.9092,0.8575,101.62,0.8726,1.1052
2014-03-18,1.3913,1.6574,0.9134,0.8631,101.37,0.8743,1.1089
2014-03-19,1.3910,1.6629,0.9103,0.8621,101.54,0.8747,1.1177
2014-03-20,1.3784,1.6511,0.9042,0.8538,102.39,0.8833,1.1251
2014-03-21,1.3783,1.6498,0.9090,0.8548,102.38,0.8836,1.1191
2014-03-24,1.3784,1.6491,0.9126,0.8546,102.21,0.8840,1.1218
2014-03-25,1.3777,1.6507,0.9147,0.8557,102.32,0.8862,1.1176
2014-03-26,1.3786,1.6566,0.9225,0.8606,102.30,0.8854,1.1143
2014-03-27,1.3752,1.6627,0.9262,0.8679,102.10,0.8859,1.1056
2014-03-28,1.3753,1.6637,0.9239,0.8655,102.92,0.8869,1.1066
2014-03-31,1.3777,1.6675,0.9275,0.8684,102.98,0.8840,1.1053
2014-04-01,1.3804,1.6639,0.9252,0.8670,103.52,0.8825,1.1026
2014-04-02,1.3761,1.6634,0.9236,0.8557,103.82,0.8870,1.1030
2014-04-03,1.3708,1.6583,0.9219,0.8537,103.94,0.8921,1.1035
2014-04-04,1.3704,1.6594,0.9292,0.8585,103.39,0.8918,1.0978
2014-04-07,1.3745,1.6616,0.9265,0.8599,103.04,0.8876,1.0971
2014-04-08,1.3802,1.6743,0.9356,0.8672,102.12,0.8836,1.0919
2014-04-09,1.3816,1.6751,0.9368,0.8661,101.85,0.8816,1.0902
2014-04-10,1.3892,1.6781,0.9424,0.8708,101.43,0.8758,1.0912
2014-04-11,1.3898,1.6736,0.9401,0.8686,101.56,0.8748,1.0960
2014-04-14,1.3824,1.6741,0.9409,0.8668,101.81,0.8784,1.0968
2014-04-15,1.3806,1.6725,0.9342,0.8630,101.60,0.8805,1.0980
2014-04-16,1.3820,1.6794,0.9380,0.8609,102.30,0.8813,1.1027
2014-04-17,1.3832,1.6809,0.9339,0.8583,102.22,0.8812,1.0997
2014-04-18,1.3816,1.6792,0.9330,0.8593,102.43,0.8832,1.1024
2014-04-21,1.3790,1.6792,0.9337,0.8562,102.56,0.8851,1.1020
2014-04-22,1.3804,1.6833,0.9365,0.8608,102.60,0.8851,1.1025
2014-04-23,1.3814,1.6768,0.9283,0.8581,102.26,0.8828,1.1034
2014-04-24,1.3828,1.6797,0.9257,0.8560,102.34,0.8817,1.1026
2014-04-25,1.3838,1.6810,0.9272,0.8582,102.12,0.8809,1.1041
2014-04-28,1.3844,1.6812,0.9254,0.8531,102.46,0.8807,1.1032
2014-04-29,1.3808,1.6829,0.9266,0.8544,102.57,0.8845,1.0963
2014-04-30,1.3870,1.6883,0.9282,0.8605,102.14,0.8800,1.0956
2014-05-01,1.3867,1.6900,0.9275,0.8628,102.30,0.8797,1.0965
2014-05-02,1.3864,1.6865,0.9257,0.8645,102.34,0.8789,1.0973
2014-05-05,1.3884,1.6870,0.9276,0.8682,102.06,0.8774,1.0955
2014-05-06,1.3924,1.6976,0.9360,0.8766,101.57,0.8744,1.0890
2014-05-07,1.3917,1.6964,0.9336,0.8672,101.72,0.8758,1.0895
2014-05-08,1.3864,1.6944,0.9382,0.8657,101.66,0.8784,1.0856
2014-05-09,1.3763,1.6849,0.9358,0.8611,101.74,0.8860,1.0899
2014-05-12,1.3760,1.6871,0.9364,0.8620,102.10,0.8876,1.0886
2014-05-13,1.3711,1.6838,0.9369,0.8650,102.20,0.8894,1.0892
2014-05-14,1.3718,1.6784,0.9379,0.8670,101.75,0.8894,1.0887
2014-05-15,1.3712,1.6791,0.9346,0.8637,101.44,0.8898,1.0887
2014-05-16,1.3708,1.6827,0.9367,0.8635,101.50,0.8910,1.0883
2014-05-19,1.3716,1.6822,0.9343,0.8636,101.26,0.8916,1.0861
2014-05-20,1.3702,1.6847,0.9259,0.8574,101.26,0.8916,1.0900
2014-05-21,1.3657,1.6869,0.9215,0.8545,101.44,0.8951,1.0935
2014-05-22,1.3652,1.6859,0.9222,0.8562,101.76,0.8948,1.0897
2014-05-23,1.3628,1.6822,0.9235,0.8548,101.88,0.8958,1.0870
2014-05-26,,,,,,,
2014-05-27,1.3618,1.6800,0.9240,0.8536,102.14,0.8977,1.0869
2014-05-28,1.3596,1.6709,0.9227,0.8492,101.78,0.8982,1.0867
2014-05-29,1.3608,1.6719,0.9289,0.8464,101.58,0.8970,1.0837
2014-05-30,1.3640,1.6764,0.9298,0.8485,101.77,0.8944,1.0867
2014-06-02,1.3606,1.6756,0.9250,0.8471,102.30,0.8980,1.0894
2014-06-03,1.3624,1.6753,0.9255,0.8432,102.42,0.8964,1.0915
2014-06-04,1.3619,1.6747,0.9269,0.8423,102.69,0.8956,1.0937
2014-06-05,1.3618,1.6796,0.9321,0.8481,102.44,0.8944,1.0935
2014-06-06,1.3639,1.6794,0.9328,0.8500,102.50,0.8938,1.0936
2014-06-09,1.3589,1.6798,0.9347,0.8493,102.52,0.8974,1.0908
2014-06-10,1.3543,1.6753,0.9365,0.8510,102.37,0.8996,1.0914
2014-06-11,1.3532,1.6795,0.9391,0.8561,101.94,0.8998,1.0867
2014-06-12,1.3556,1.6853,0.9430,0.8684,101.83,0.8982,1.0851
2014-06-13,1.3522,1.6953,0.9396,0.8653,102.06,0.9008,1.0868
2014-06-16,1.3578,1.6988,0.9400,0.8682,101.82,0.8969,1.0849
2014-06-17,1.3543,1.6965,0.9340,0.8659,102.18,0.8998,1.0851
2014-06-18,1.3567,1.6951,0.9340,0.8679,102.16,0.8976,1.0870
2014-06-19,1.3620,1.7046,0.9406,0.8716,101.84,0.8932,1.0828
2014-06-20,1.3586,1.7014,0.9387,0.8691,102.14,0.8960,1.0766
2014-06-23,1.3593,1.7010,0.9417,0.8709,101.90,0.8948,1.0731
2014-06-24,1.3588,1.6971,0.9380,0.8686,102.13,0.8955,1.0739
2014-06-25,1.3638,1.6986,0.9398,0.8737,101.75,0.8918,1.0721
2014-06-26,1.3610,1.7018,0.9405,0.8764,101.66,0.8933,1.0706
2014-06-27,1.3631,1.7016,0.9413,0.8765,101.39,0.8919,1.0676
2014-06-30,1.3690,1.7105,0.9427,0.8755,101.28,0.8868,1.0676
2014-07-01,1.3681,1.7147,0.9488,0.8772,101.51,0.8871,1.0652
2014-07-02,1.3656,1.7165,0.9444,0.8771,101.76,0.8886,1.0667
2014-07-03,1.3610,1.7152,0.9358,0.8763,102.19,0.8934,1.0633
2014-07-04,,,,,,,
2014-07-07,1.3604,1.7128,0.9371,0.8768,101.84,0.8934,1.0662
2014-07-08,1.3614,1.7127,0.9400,0.8788,101.53,0.8924,1.0674
2014-07-09,1.3630,1.7130,0.9396,0.8805,101.70,0.8918,1.0648
2014-07-10,1.3600,1.7122,0.9387,0.8814,101.26,0.8926,1.0658
2014-07-11,1.3598,1.7108,0.9383,0.8804,101.33,0.8926,1.0720
2014-07-14,1.3620,1.7079,0.9392,0.8803,101.58,0.8918,1.0721
2014-07-15,1.3573,1.7149,0.9366,0.8767,101.62,0.8953,1.0766
2014-07-16,1.3530,1.7131,0.9362,0.8711,101.69,0.8984,1.0749
2014-07-17,1.3530,1.7104,0.9372,0.8691,101.30,0.8973,1.0753
2014-07-18,1.3515,1.7069,0.9386,0.8678,101.37,0.8989,1.0737
2014-07-21,1.3524,1.7067,0.9377,0.8693,101.34,0.8980,1.0736
2014-07-22,1.3470,1.7058,0.9388,0.8657,101.54,0.9022,1.0744
2014-07-23,1.3462,1.7036,0.9450,0.8689,101.50,0.9024,1.0739
2014-07-24,1.3468,1.6981,0.9419,0.8587,101.82,0.9024,1.0741
2014-07-25,1.3431,1.6972,0.9404,0.8548,101.81,0.9045,1.0814
2014-07-28,1.3440,1.6991,0.9410,0.8550,101.82,0.9037,1.0800
2014-07-29,1.3410,1.6939,0.9378,0.8497,102.12,0.9068,1.0851
2014-07-30,1.3378,1.6903,0.9315,0.8469,102.90,0.9096,1.0908
2014-07-31,1.3390,1.6889,0.9301,0.8490,102.75,0.9086,1.0889
2014-08-01,1.3436,1.6832,0.9304,0.8510,102.45,0.9048,1.0918
2014-08-04,1.3414,1.6841,0.9328,0.8525,102.47,0.9068,1.0916
2014-08-05,1.3366,1.6874,0.9301,0.8460,102.77,0.9102,1.0969
2014-08-06,1.3355,1.6833,0.9327,0.8457,102.34,0.9095,1.0926
2014-08-07,1.3362,1.6849,0.9283,0.8492,102.06,0.9086,1.0922
2014-08-08,1.3412,1.6778,0.9277,0.8472,101.91,0.9050,1.0982
2014-08-11,1.3385,1.6787,0.9263,0.8464,102.14,0.9063,1.0933
2014-08-12,1.3357,1.6806,0.9270,0.8435,102.22,0.9082,1.0944
2014-08-13,1.3367,1.6696,0.9302,0.8459,102.48,0.9079,1.0929
2014-08-14,1.3376,1.6694,0.9322,0.8493,102.44,0.9056,1.0910
2014-08-15,1.3392,1.6686,0.9306,0.8488,102.19,0.9026,1.0910
2014-08-18,1.3358,1.6720,0.9330,0.8477,102.54,0.9066,1.0888
2014-08-19,1.3320,1.6620,0.9311,0.8443,102.86,0.9089,1.0929
2014-08-20,1.3284,1.6633,0.9306,0.8402,103.36,0.9116,1.0944
2014-08-21,1.3284,1.6589,0.9302,0.8402,103.78,0.9112,1.0949
2014-08-22,1.3237,1.6574,0.9309,0.8393,103.97,0.9142,1.0949
2014-08-25,1.3206,1.6585,0.9296,0.8351,103.96,0.9144,1.0980
2014-08-26,1.3189,1.6570,0.9320,0.8337,104.12,0.9167,1.0950
2014-08-27,1.3192,1.6573,0.9335,0.8369,103.98,0.9148,1.0890
2014-08-28,1.3178,1.6579,0.9352,0.8376,103.78,0.9150,1.0857
2014-08-29,1.3150,1.6585,0.9344,0.8367,104.00,0.9174,1.0858
2014-09-01,,,,,,,
2014-09-02,1.3124,1.6502,0.9276,0.8309,105.10,0.9196,1.0923
2014-09-03,1.3136,1.6451,0.9341,0.8315,104.88,0.9186,1.0872
2014-09-04,1.2926,1.6349,0.9361,0.8310,105.22,0.9327,1.0862
2014-09-05,1.2956,1.6312,0.9376,0.8327,104.94,0.9306,1.0890
2014-09-08,1.2948,1.6141,0.9300,0.8285,105.65,0.9317,1.0933
2014-09-09,1.2909,1.6088,0.9207,0.8245,106.32,0.9348,1.1010
2014-09-10,1.2908,1.6134,0.9153,0.8245,106.76,0.9382,1.0954
2014-09-11,1.2936,1.6225,0.9115,0.8187,106.87,0.9349,1.1032
2014-09-12,1.2955,1.6243,0.9047,0.8156,107.24,0.9337,1.1075
2014-09-15,1.2951,1.6243,0.9027,0.8166,107.18,0.9344,1.1050
2014-09-16,1.2976,1.6290,0.9096,0.8207,106.91,0.9314,1.0985
2014-09-17,1.2958,1.6329,0.9028,0.8151,107.58,0.9346,1.0951
2014-09-18,1.2913,1.6372,0.8984,0.8144,108.69,0.9344,1.0946
2014-09-19,1.2835,1.6314,0.8935,0.8119,108.96,0.9404,1.0968
2014-09-22,1.2829,1.6340,0.8876,0.8125,108.88,0.9410,1.1007
2014-09-23,1.2858,1.6370,0.8853,0.8066,108.82,0.9386,1.1059
2014-09-24,1.2788,1.6344,0.8870,0.8067,108.92,0.9446,1.1088
2014-09-25,1.2748,1.6313,0.8796,0.7932,108.70,0.9467,1.1105
2014-09-26,1.2686,1.6254,0.8761,0.7876,109.32,0.9513,1.1162
2014-09-29,1.2703,1.6262,0.8738,0.7788,109.34,0.9498,1.1142
2014-09-30,1.2628,1.6220,0.8737,0.7788,109.66,0.9554,1.1207
2014-10-01,1.2618,1.6216,0.8734,0.7811,109.30,0.9566,1.1171
2014-10-02,1.2670,1.6140,0.8793,0.7881,108.10,0.9532,1.1150
2014-10-03,1.2517,1.5962,0.8675,0.7772,109.70,0.9670,1.1254
2014-10-06,1.2592,1.6029,0.8747,0.7806,109.08,0.9626,1.1174
2014-10-07,1.2626,1.6072,0.8808,0.7834,108.30,0.9606,1.1182
2014-10-08,1.2683,1.6068,0.8751,0.7800,108.41,0.9564,1.1181
2014-10-09,1.2683,1.6123,0.8778,0.7864,108.00,0.9545,1.1150
2014-10-10,1.2636,1.6049,0.8719,0.7834,107.83,0.9568,1.1173
2014-10-13,,,,,,,
2014-10-14,1.2660,1.5930,0.8727,0.7855,107.15,0.9536,1.1235
2014-10-15,1.2778,1.5959,0.8794,0.7937,106.06,0.9444,1.1291
2014-10-16,1.2812,1.6065,0.8766,0.7963,105.98,0.9425,1.1265
2014-10-17,1.2755,1.6086,0.8761,0.7935,106.72,0.9468,1.1247
2014-10-20,1.2783,1.6137,0.8786,0.7967,106.87,0.9438,1.1276
2014-10-21,1.2724,1.6134,0.8797,0.7968,106.70,0.9482,1.1219
2014-10-22,1.2658,1.6070,0.8793,0.7944,107.32,0.9530,1.1218
2014-10-23,1.2658,1.6037,0.8773,0.7841,108.16,0.9535,1.1236
2014-10-24,1.2675,1.6098,0.8812,0.7863,108.06,0.9514,1.1211
2014-10-27,1.2712,1.6133,0.8799,0.7887,107.71,0.9484,1.1247
2014-10-28,1.2747,1.6157,0.8848,0.7929,108.00,0.9463,1.1176
2014-10-29,1.2762,1.6149,0.8904,0.7965,108.10,0.9452,1.1135
2014-10-30,1.2622,1.6023,0.8825,0.7840,108.94,0.9552,1.1191
2014-10-31,1.2530,1.5999,0.8791,0.7780,112.09,0.9623,1.1272
2014-11-03,1.2487,1.5986,0.8701,0.7732,113.92,0.9655,1.1319
2014-11-04,1.2554,1.5991,0.8729,0.7777,113.44,0.9596,1.1396
2014-11-05,1.2488,1.5984,0.8592,0.7728,114.62,0.9640,1.1377
2014-11-06,1.2414,1.5862,0.8580,0.7715,114.87,0.9702,1.1423
2014-11-07,1.2422,1.5844,0.8620,0.7736,114.73,0.9684,1.1360
2014-11-10,1.2425,1.5857,0.8625,0.7763,114.78,0.9678,1.1344
2014-11-11,,,,,,,
2014-11-12,1.2456,1.5815,0.8735,0.7898,115.42,0.9650,1.1284
2014-11-13,1.2476,1.5717,0.8730,0.7901,115.63,0.9634,1.1349
2014-11-14,1.2494,1.5657,0.8737,0.7910,116.52,0.9616,1.1294
2014-11-17,1.2447,1.5645,0.8718,0.7935,116.44,0.9653,1.1308
2014-11-18,1.2534,1.5648,0.8726,0.7941,116.76,0.9583,1.1305
2014-11-19,1.2548,1.5670,0.8623,0.7859,117.70,0.9572,1.1349
2014-11-20,1.2526,1.5683,0.8610,0.7852,118.14,0.9596,1.1311
2014-11-21,1.2394,1.5672,0.8674,0.7886,117.74,0.9696,1.1237
2014-11-24,1.2427,1.5701,0.8615,0.7856,118.39,0.9676,1.1279
2014-11-25,1.2472,1.5714,0.8520,0.7806,117.99,0.9645,1.1260
2014-11-26,1.2503,1.5787,0.8534,0.7881,117.60,0.9614,1.1236
2014-11-27,,,,,,,
2014-11-28,1.2438,1.5638,0.8524,0.7840,118.70,0.9658,1.1426
2014-12-01,1.2490,1.5743,0.8521,0.7899,118.14,0.9631,1.1343
2014-12-02,1.2390,1.5651,0.8457,0.7800,119.10,0.9720,1.1397
2014-12-03,1.2304,1.5700,0.8417,0.7778,119.82,0.9779,1.1359
2014-12-04,1.2432,1.5707,0.8405,0.7811,119.67,0.9674,1.1374
2014-12-05,1.2304,1.5600,0.8330,0.7718,121.38,0.9772,1.1423
2014-12-08,1.2292,1.5625,0.8296,0.7662,120.89,0.9778,1.1473
2014-12-09,1.2415,1.5694,0.8341,0.7726,118.87,0.9680,1.1422
2014-12-10,1.2425,1.5689,0.8305,0.7715,118.50,0.9680,1.1479
2014-12-11,1.2397,1.5712,0.8265,0.7801,119.40,0.9688,1.1534
2014-12-12,1.2484,1.5728,0.8268,0.7789,118.22,0.9620,1.1538
2014-12-15,1.2470,1.5663,0.8232,0.7754,117.75,0.9632,1.1629
2014-12-16,1.2504,1.5736,0.8220,0.7790,117.28,0.9604,1.1624
2014-12-17,1.2406,1.5652,0.8173,0.7730,117.64,0.9679,1.1629
2014-12-18,1.2291,1.5662,0.8168,0.7757,118.84,0.9794,1.1594
2014-12-19,1.2235,1.5609,0.8128,0.7745,119.56,0.9832,1.1626
2014-12-22,1.2252,1.5618,0.8141,0.7740,119.84,0.9820,1.1644
2014-12-23,1.2180,1.5517,0.8097,0.7712,120.68,0.9872,1.1626
2014-12-24,1.2188,1.5549,0.8109,0.7721,120.45,0.9865,1.1621
2014-12-25,,,,,,,
2014-12-26,,,,,,,
2014-12-29,1.2179,1.5524,0.8146,0.7788,120.57,0.9878,1.1631
2014-12-30,1.2174,1.5573,0.8199,0.7847,119.34,0.9880,1.1597
2014-12-31,1.2101,1.5578,0.8173,0.7796,119.85,0.9934,1.1601
2015-01-01,,,,,,,
2015-01-02,1.2015,1.5361,0.8118,0.7711,120.20,1.0004,1.1725
2015-01-05,1.1918,1.5234,0.8095,0.7702,119.64,1.0079,1.1785
2015-01-06,1.1936,1.5174,0.8118,0.7805,118.26,1.0062,1.1802
2015-01-07,1.1820,1.5073,0.8049,0.7727,119.52,1.0160,1.1851
2015-01-08,1.1811,1.5118,0.8126,0.7826,119.51,1.0169,1.1812
2015-01-09,1.1830,1.5151,0.8191,0.7832,118.66,1.0151,1.1857
2015-01-12,1.1832,1.5168,0.8165,0.7776,118.32,1.0150,1.1929
2015-01-13,1.1779,1.5166,0.8164,0.7732,118.16,1.0195,1.1947
2015-01-14,1.1806,1.5234,0.8163,0.7746,116.78,1.0172,1.1957
2015-01-15,1.1598,1.5161,0.8212,0.7791,116.95,0.8930,1.1932
2015-01-16,1.1517,1.5132,0.8194,0.7778,117.45,0.8488,1.1986
2015-01-19,,,,,,,
2015-01-20,1.1559,1.5162,0.8177,0.7693,118.48,0.8751,1.2085
2015-01-21,1.1584,1.5118,0.8101,0.7578,117.86,0.8596,1.2377
2015-01-22,1.1414,1.5052,0.8099,0.7551,117.92,0.8678,1.2370
2015-01-23,1.1279,1.5022,0.7935,0.7477,117.80,0.8760,1.2400
2015-01-26,1.1290,1.5088,0.7934,0.7425,118.38,0.8988,1.2409
2015-01-27,1.1370,1.5196,0.7939,0.7461,117.62,0.9042,1.2402
2015-01-28,1.1342,1.5165,0.7973,0.7451,117.74,0.9055,1.2452
2015-01-29,1.1308,1.5043,0.7758,0.7259,118.31,0.9226,1.2644
2015-01-30,1.1290,1.5026,0.7762,0.7248,117.44,0.9210,1.2716
2015-02-02,1.1337,1.5027,0.7818,0.7304,117.33,0.9262,1.2577
2015-02-03,1.1462,1.5129,0.7737,0.7294,117.48,0.9234,1.2452
2015-02-04,1.1418,1.5209,0.7761,0.7371,117.58,0.9238,1.2550
2015-02-05,1.1432,1.5293,0.7803,0.7391,117.40,0.9248,1.2419
2015-02-06,1.1330,1.5247,0.7807,0.7361,119.16,0.9228,1.2524
2015-02-09,1.1316,1.5217,0.7813,0.7415,118.70,0.9258,1.2448
2015-02-10,1.1316,1.5252,0.7781,0.7413,119.32,0.9263,1.2528
2015-02-11,1.1300,1.5232,0.7713,0.7382,120.38,0.9288,1.2635
2015-02-12,1.1410,1.5380,0.7763,0.7462,118.72,0.9283,1.2464
2015-02-13,1.1408,1.5394,0.7772,0.7468,118.70,0.9308,1.2449
2015-02-16,,,,,,,
2015-02-17,1.1395,1.5349,0.7816,0.7523,118.99,0.9346,1.2401
2015-02-18,1.1342,1.5430,0.7778,0.7519,119.19,0.9446,1.2456
2015-02-19,1.1392,1.5451,0.7810,0.7543,118.84,0.9472,1.2484
2015-02-20,1.1372,1.5385,0.7833,0.7534,118.68,0.9419,1.2503
2015-02-23,1.1346,1.5465,0.7807,0.7536,118.88,0.9494,1.2577
2015-02-24,1.1307,1.5434,0.7808,0.7456,119.13,0.9516,1.2601
2015-02-25,1.1363,1.5499,0.7898,0.7548,118.88,0.9496,1.2418
2015-02-26,1.1212,1.5424,0.7816,0.7555,119.36,0.9540,1.2490
2015-02-27,1.1197,1.5439,0.7810,0.7557,119.72,0.9513,1.2506
2015-03-02,1.1190,1.5371,0.7780,0.7523,120.06,0.9553,1.2535
2015-03-03,1.1212,1.5391,0.7840,0.7570,119.47,0.9590,1.2450
2015-03-04,1.1070,1.5266,0.7821,0.7584,119.76,0.9640,1.2439
2015-03-05,1.1006,1.5229,0.7763,0.7466,120.22,0.9736,1.2482
2015-03-06,1.0855,1.5063,0.7712,0.7365,120.93,0.9846,1.2615
2015-03-09,1.0846,1.5097,0.7716,0.7360,121.17,0.9873,1.2598
2015-03-10,1.0707,1.5086,0.7637,0.7272,121.20,0.9996,1.2633
2015-03-11,1.0576,1.4945,0.7582,0.7218,121.50,1.0074,1.2763
2015-03-12,1.0615,1.4907,0.7705,0.7403,121.28,1.0034,1.2692
2015-03-13,1.0524,1.4755,0.7631,0.7330,121.17,1.0047,1.2803
2015-03-16,1.0575,1.4800,0.7656,0.7390,121.30,1.0074,1.2763
2015-03-17,1.0605,1.4744,0.7615,0.7312,121.28,1.0040,1.2769
2015-03-18,1.0643,1.4686,0.7653,0.7363,120.92,0.9952,1.2771
2015-03-19,1.0621,1.4729,0.7618,0.7376,120.90,0.9921,1.2743
2015-03-20,1.0792,1.4923,0.7759,0.7555,120.28,0.9766,1.2593
2015-03-23,1.0928,1.4936,0.7848,0.7623,119.74,0.9668,1.2515
2015-03-24,1.0908,1.4870,0.7869,0.7632,119.90,0.9586,1.2510
2015-03-25,1.0986,1.4915,0.7856,0.7633,119.37,0.9574,1.2513
2015-03-26,1.0919,1.4844,0.7836,0.7584,119.01,0.9614,1.2469
2015-03-27,1.0891,1.4878,0.7754,0.7560,119.15,0.9586,1.2579
2015-03-30,1.0818,1.4792,0.7645,0.7514,120.11,0.9678,1.2687
2015-03-31,1.0741,1.4850,0.7625,0.7485,119.96,0.9712,1.2681
2015-04-01,1.0768,1.4823,0.7615,0.7461,119.62,0.9671,1.2610
2015-04-02,1.0874,1.4842,0.7566,0.7483,119.74,0.9578,1.2584
2015-04-03,1.0990,1.4916,0.7645,0.7595,118.96,0.9504,1.2465
2015-04-06,1.1008,1.4959,0.7657,0.7605,119.05,0.9524,1.2450
2015-04-07,1.0850,1.4857,0.7646,0.7507,120.36,0.9640,1.2488
2015-04-08,1.0818,1.4924,0.7715,0.7580,119.96,0.9634,1.2508
2015-04-09,1.0671,1.4739,0.7706,0.7555,120.32,0.9754,1.2580
2015-04-10,1.0598,1.4648,0.7674,0.7532,120.29,0.9807,1.2596
2015-04-13,1.0582,1.4658,0.7579,0.7448,120.32,0.9780,1.2603
2015-04-14,1.0672,1.4790,0.7638,0.7536,119.26,0.9712,1.2476
2015-04-15,1.0596,1.4782,0.7610,0.7537,119.23,0.9721,1.2378
2015-04-16,1.0742,1.4923,0.7796,0.7662,119.18,0.9584,1.2206
2015-04-17,1.0780,1.4942,0.7776,0.7684,119.02,0.9528,1.2225
2015-04-20,1.0763,1.4913,0.7727,0.7667,119.27,0.9543,1.2203
2015-04-21,1.0758,1.4944,0.7741,0.7690,119.45,0.9528,1.2274
2015-04-22,1.0729,1.5027,0.7771,0.7677,119.90,0.9662,1.2250
2015-04-23,1.0803,1.5047,0.7782,0.7585,119.69,0.9550,1.2148
2015-04-24,1.0876,1.5176,0.7825,0.7601,118.98,0.9533,1.2168
2015-04-27,1.0892,1.5235,0.7859,0.7648,119.12,0.9534,1.2106
2015-04-28,1.0979,1.5328,0.8017,0.7733,118.80,0.9538,1.2021
2015-04-29,1.1174,1.5485,0.8065,0.7737,118.83,0.9358,1.1955
2015-04-30,1.1162,1.5328,0.7867,0.7591,119.86,0.9410,1.2116
2015-05-01,1.1194,1.5137,0.7813,0.7520,120.21,0.9340,1.2191
2015-05-04,1.1145,1.5118,0.7839,0.7530,120.25,0.9357,1.2108
2015-05-05,1.1174,1.5178,0.7941,0.7563,119.87,0.9262,1.2038
2015-05-06,1.1345,1.5244,0.8005,0.7513,119.42,0.9150,1.2007
2015-05-07,1.1283,1.5223,0.7914,0.7446,119.74,0.9196,1.2139
2015-05-08,1.1241,1.5455,0.7914,0.7490,119.78,0.9274,1.2086
2015-05-11,1.1142,1.5593,0.7899,0.7350,120.05,0.9344,1.2107
2015-05-12,1.1240,1.5685,0.7989,0.7377,119.80,0.9266,1.1987
2015-05-13,1.1372,1.5748,0.8118,0.7488,119.09,0.9162,1.1950
2015-05-14,1.1368,1.5766,0.8082,0.7500,119.20,0.9146,1.1991
2015-05-15,1.1428,1.5772,0.8053,0.7489,119.36,0.9174,1.2009
2015-05-18,1.1354,1.5679,0.8001,0.7398,119.82,0.9230,1.2150
2015-05-19,1.1151,1.5523,0.7918,0.7354,120.58,0.9367,1.2213
2015-05-20,1.1079,1.5544,0.7877,0.7295,121.28,0.9395,1.2212
2015-05-21,1.1126,1.5672,0.7888,0.7320,121.06,0.9346,1.2201
2015-05-22,1.1033,1.5484,0.7828,0.7307,121.45,0.9428,1.2288
2015-05-25,,,,,,,
2015-05-26,1.0876,1.5398,0.7738,0.7228,123.08,0.9503,1.2428
2015-05-27,1.0888,1.5324,0.7712,0.7228,123.76,0.9508,1.2483
2015-05-28,1.0914,1.5291,0.7631,0.7150,124.18,0.9458,1.2474
2015-05-29,1.0994,1.5286,0.7659,0.7111,123.98,0.9404,1.2466
2015-06-01,1.0913,1.5187,0.7613,0.7098,124.64,0.9467,1.2547
2015-06-02,1.1130,1.5331,0.7748,0.7154,124.19,0.9343,1.2425
2015-06-03,1.1285,1.5351,0.7803,0.7152,124.06,0.9336,1.2437
2015-06-04,1.1271,1.5367,0.7673,0.7116,124.56,0.9342,1.2477
2015-06-05,1.1108,1.5267,0.7622,0.7046,125.58,0.9436,1.2488
2015-06-08,1.1232,1.5280,0.7650,0.7097,125.08,0.9332,1.2435
2015-06-09,1.1284,1.5383,0.7685,0.7137,124.16,0.9295,1.2316
2015-06-10,1.1307,1.5530,0.7749,0.7194,122.72,0.9292,1.2267
2015-06-11,1.1236,1.5493,0.7726,0.6990,123.62,0.9364,1.2314
2015-06-12,1.1278,1.5587,0.7742,0.6985,123.23,0.9260,1.2306
2015-06-15,1.1266,1.5572,0.7767,0.7005,123.38,0.9351,1.2321
2015-06-16,1.1238,1.5637,0.7753,0.6986,123.39,0.9325,1.2328
2015-06-17,1.1244,1.5708,0.7667,0.6913,124.25,0.9272,1.2307
2015-06-18,1.1404,1.5882,0.7831,0.6942,122.87,0.9196,1.2206
2015-06-19,1.1335,1.5881,0.7758,0.6895,122.70,0.9206,1.2273
2015-06-22,1.1378,1.5823,0.7745,0.6876,123.28,0.9188,1.2286
2015-06-23,1.1190,1.5751,0.7739,0.6851,123.71,0.9336,1.2326
2015-06-24,1.1178,1.5681,0.7689,0.6868,124.24,0.9360,1.2413
2015-06-25,1.1196,1.5728,0.7741,0.6911,123.63,0.9375,1.2346
2015-06-26,1.1156,1.5739,0.7650,0.6831,123.92,0.9351,1.2358
2015-06-29,1.1180,1.5764,0.7677,0.6854,122.50,0.9280,1.2380
2015-06-30,1.1154,1.5727,0.7704,0.6778,122.10,0.9346,1.2473
2015-07-01,1.1084,1.5617,0.7664,0.6754,123.02,0.9456,1.2559
2015-07-02,1.1090,1.5614,0.7630,0.6726,123.14,0.9436,1.2566
2015-07-03,,,,,,,
2015-07-06,1.1076,1.5619,0.7521,0.6703,122.53,0.9432,1.2623
2015-07-07,1.0952,1.5443,0.7435,0.6662,122.16,0.9482,1.2742
2015-07-08,1.1072,1.5353,0.7445,0.6741,120.54,0.9458,1.2724
2015-07-09,1.1025,1.5375,0.7438,0.6727,121.22,0.9495,1.2727
2015-07-10,1.1150,1.5503,0.7427,0.6699,122.75,0.9411,1.2713
2015-07-13,1.1020,1.5518,0.7407,0.6694,123.35,0.9492,1.2762
2015-07-14,1.1015,1.5584,0.7450,0.6707,123.39,0.9459,1.2746
2015-07-15,1.0965,1.5621,0.7366,0.6605,123.89,0.9521,1.2935
2015-07-16,1.0898,1.5601,0.7430,0.6538,124.04,0.9562,1.2938
2015-07-17,1.0848,1.5624,0.7371,0.6527,124.00,0.9608,1.2997
2015-07-20,1.0850,1.5587,0.7380,0.6571,124.24,0.9630,1.2982
2015-07-21,1.0927,1.5550,0.7429,0.6629,123.93,0.9590,1.2958
2015-07-22,1.0884,1.5617,0.7368,0.6572,124.08,0.9613,1.3023
2015-07-23,1.0976,1.5533,0.7375,0.6645,123.88,0.9581,1.3030
2015-07-24,1.0976,1.5514,0.7279,0.6586,123.74,0.9620,1.3059
2015-07-27,1.1112,1.5595,0.7304,0.6636,123.24,0.9597,1.3008
2015-07-28,1.1055,1.5617,0.7325,0.6688,123.52,0.9638,1.2933
2015-07-29,1.1026,1.5624,0.7307,0.6682,123.86,0.9630,1.2893
2015-07-30,1.0914,1.5581,0.7278,0.6589,124.38,0.9696,1.3024
2015-07-31,1.1028,1.5634,0.7332,0.6625,123.94,0.9636,1.3047
2015-08-03,1.0962,1.5603,0.7277,0.6603,123.98,0.9682,1.3141
2015-08-04,1.0953,1.5612,0.7419,0.6588,124.00,0.9732,1.3124
2015-08-05,1.0868,1.5604,0.7346,0.6519,124.84,0.9810,1.3181
2015-08-06,1.0922,1.5521,0.7343,0.6545,124.60,0.9808,1.3152
2015-08-07,1.0958,1.5467,0.7393,0.6596,124.27,0.9824,1.3122
2015-08-10,1.0994,1.5546,0.7404,0.6602,124.55,0.9848,1.3056
2015-08-11,1.1042,1.5572,0.7288,0.6537,124.90,0.9869,1.3149
2015-08-12,1.1198,1.5639,0.7375,0.6635,123.87,0.9691,1.2973
2015-08-13,1.1144,1.5595,0.7361,0.6571,124.32,0.9760,1.3078
2015-08-14,1.1110,1.5625,0.7376,0.6546,124.27,0.9780,1.3075
2015-08-17,1.1078,1.5598,0.7386,0.6580,124.33,0.9770,1.3090
2015-08-18,1.1028,1.5658,0.7334,0.6581,124.39,0.9764,1.3075
2015-08-19,1.1061,1.5645,0.7316,0.6564,124.10,0.9702,1.3165
2015-08-20,1.1200,1.5688,0.7357,0.6634,123.54,0.9621,1.3075
2015-08-21,1.1356,1.5698,0.7343,0.6706,122.11,0.9488,1.3146
2015-08-24,1.1580,1.5731,0.7202,0.6507,118.56,0.9347,1.3210
2015-08-25,1.1410,1.5698,0.7183,0.6522,119.91,0.9488,1.3295
2015-08-26,1.1390,1.5493,0.7087,0.6424,119.07,0.9472,1.3301
2015-08-27,1.1239,1.5411,0.7179,0.6478,120.89,0.9631,1.3193
2015-08-28,1.1172,1.5362,0.7129,0.6446,121.32,0.9622,1.3268
2015-08-31,1.1194,1.5363,0.7100,0.6349,121.26,0.9681,1.3223
2015-09-01,1.1263,1.5341,0.7036,0.6346,119.94,0.9622,1.3180
2015-09-02,1.1242,1.5310,0.7011,0.6343,120.00,0.9690,1.3308
2015-09-03,1.1104,1.5254,0.7025,0.6400,120.20,0.9764,1.3200
2015-09-04,1.1117,1.5195,0.6917,0.6280,119.05,0.9754,1.3272
2015-09-07,,,,,,,
2015-09-08,1.1182,1.5381,0.7023,0.6347,119.72,0.9780,1.3193
2015-09-09,1.1165,1.5363,0.7024,0.6402,120.94,0.9767,1.3221
2015-09-10,1.1262,1.5457,0.7086,0.6306,120.71,0.9735,1.3218
2015-09-11,1.1338,1.5426,0.7074,0.6314,120.66,0.9735,1.3274
2015-09-14,1.1307,1.5423,0.7137,0.6330,119.92,0.9687,1.3265
2015-09-15,1.1260,1.5352,0.7092,0.6313,120.30,0.9755,1.3261
2015-09-16,1.1304,1.5499,0.7186,0.6349,120.62,0.9688,1.3180
2015-09-17,1.1312,1.5509,0.7147,0.6322,120.90,0.9710,1.3186
2015-09-18,1.1358,1.5573,0.7222,0.6416,119.85,0.9614,1.3146
2015-09-21,1.1204,1.5506,0.7125,0.6310,120.46,0.9702,1.3249
2015-09-22,1.1133,1.5356,0.7078,0.6292,120.04,0.9733,1.3276
2015-09-23,1.1160,1.5243,0.7004,0.6244,120.12,0.9780,1.3313
2015-09-24,1.1252,1.5254,0.6998,0.6338,119.54,0.9730,1.3348
2015-09-25,1.1192,1.5172,0.7014,0.6369,120.74,0.9760,1.3322
2015-09-28,1.1236,1.5208,0.7005,0.6346,119.82,0.9735,1.3360
2015-09-29,1.1246,1.5168,0.7007,0.6368,119.76,0.9710,1.3414
2015-09-30,1.1162,1.5116,0.7020,0.6390,119.81,0.9773,1.3396
2015-10-01,1.1200,1.5162,0.7044,0.6411,119.58,0.9744,1.3240
2015-10-02,1.1276,1.5216,0.7025,0.6432,119.42,0.9684,1.3213
2015-10-05,1.1200,1.5165,0.7088,0.6505,120.36,0.9746,1.3084
2015-10-06,1.1266,1.5227,0.7143,0.6536,120.18,0.9678,1.3056
2015-10-07,1.1249,1.5315,0.7213,0.6623,119.90,0.9716,1.3038
2015-10-08,1.1282,1.5316,0.7225,0.6642,119.94,0.9674,1.3017
2015-10-09,1.1363,1.5315,0.7328,0.6700,120.30,0.9615,1.2945
2015-10-12,,,,,,,
2015-10-13,1.1382,1.5242,0.7283,0.6689,119.80,0.9594,1.2984
2015-10-14,1.1437,1.5445,0.7256,0.6767,119.21,0.9517,1.2983
2015-10-15,1.1418,1.5475,0.7316,0.6854,118.26,0.9489,1.2901
2015-10-16,1.1360,1.5441,0.7261,0.6799,119.60,0.9536,1.2932
2015-10-19,1.1320,1.5471,0.7254,0.6804,119.50,0.9560,1.2999
2015-10-20,1.1359,1.5470,0.7256,0.6755,119.79,0.9540,1.2974
2015-10-21,1.1345,1.5463,0.7226,0.6734,119.91,0.9570,1.3117
2015-10-22,1.1140,1.5399,0.7220,0.6791,120.50,0.9710,1.3087
2015-10-23,1.1016,1.5340,0.7215,0.6751,121.20,0.9769,1.3171
2015-10-26,1.1051,1.5361,0.7262,0.6794,120.87,0.9815,1.3134
2015-10-27,1.1052,1.5312,0.7233,0.6802,120.29,0.9848,1.3242
2015-10-28,1.1066,1.5319,0.7143,0.6721,120.56,0.9848,1.3149
2015-10-29,1.0963,1.5296,0.7081,0.6680,121.14,0.9915,1.3169
2015-10-30,1.1042,1.5445,0.7133,0.6766,120.70,0.9858,1.3082
2015-11-02,1.1026,1.5428,0.7141,0.6745,120.70,0.9853,1.3093
2015-11-03,1.0946,1.5404,0.7173,0.6676,121.20,0.9922,1.3107
2015-11-04,1.0861,1.5377,0.7148,0.6587,121.52,0.9933,1.3164
2015-11-05,1.0869,1.5236,0.7148,0.6627,121.71,0.9964,1.3162
2015-11-06,1.0746,1.5071,0.7034,0.6509,123.20,1.0048,1.3307
2015-11-09,1.0767,1.5124,0.7046,0.6537,123.04,1.0017,1.3274
2015-11-10,1.0686,1.5110,0.7030,0.6534,123.22,1.0076,1.3258
2015-11-11,,,,,,,
2015-11-12,1.0768,1.5206,0.7116,0.6529,122.84,1.0014,1.3309
2015-11-13,1.0722,1.5208,0.7118,0.6528,122.93,1.0088,1.3332
2015-11-16,1.0708,1.5204,0.7085,0.6488,123.11,1.0079,1.3352
2015-11-17,1.0634,1.5214,0.7115,0.6459,123.48,1.0169,1.3324
2015-11-18,1.0638,1.5210,0.7078,0.6440,123.51,1.0198,1.3351
2015-11-19,1.0746,1.5327,0.7208,0.6580,122.71,1.0140,1.3266
2015-11-20,1.0660,1.5199,0.7233,0.6558,122.80,1.0183,1.3337
2015-11-23,1.0602,1.5125,0.7188,0.6511,123.02,1.0205,1.3358
2015-11-24,1.0652,1.5057,0.7241,0.6540,122.47,1.0161,1.3308
2015-11-25,1.0616,1.5109,0.7246,0.6573,122.70,1.0220,1.3298
2015-11-26,,,,,,,
2015-11-27,1.0596,1.5040,0.7192,0.6536,122.84,1.0305,1.3360
2015-11-30,1.0562,1.5044,0.7235,0.6574,123.22,1.0282,1.3332
2015-12-01,1.0620,1.5074,0.7320,0.6679,122.88,1.0296,1.3372
2015-12-02,1.0573,1.4927,0.7309,0.6629,123.52,1.0274,1.3357
2015-12-03,1.0902,1.5088,0.7310,0.6633,123.06,0.9996,1.3393
2015-12-04,1.0884,1.5100,0.7346,0.6755,123.10,0.9986,1.3364
2015-12-07,1.0840,1.5076,0.7268,0.6648,123.31,1.0026,1.3508
2015-12-08,1.0876,1.5000,0.7211,0.6636,123.00,0.9940,1.3594
2015-12-09,1.0984,1.5168,0.7204,0.6629,121.86,0.9866,1.3595
2015-12-10,1.0948,1.5176,0.7299,0.6763,121.44,0.9888,1.3598
2015-12-11,1.1002,1.5213,0.7214,0.6727,120.94,0.9828,1.3695
2015-12-14,1.1025,1.5130,0.7258,0.6778,120.57,0.9823,1.3732
2015-12-15,1.0911,1.5044,0.7176,0.6748,121.66,0.9921,1.3729
2015-12-16,1.0937,1.5013,0.7207,0.6772,121.88,0.9852,1.3805
2015-12-17,1.0804,1.4876,0.7100,0.6692,122.75,0.9987,1.3970
2015-12-18,1.0847,1.4914,0.7197,0.6752,121.20,0.9940,1.3876
2015-12-21,1.0920,1.4906,0.7172,0.6769,120.99,0.9912,1.3989
2015-12-22,1.0978,1.4811,0.7231,0.6812,120.94,0.9866,1.3929
2015-12-23,1.0875,1.4863,0.7221,0.6789,120.94,0.9938,1.3860
2015-12-24,1.0955,1.4943,0.7269,0.6838,120.32,0.9872,1.3847
2015-12-25,,,,,,,
2015-12-28,1.0983,1.4883,0.7262,0.6853,120.30,0.9878,1.3893
2015-12-29,1.0916,1.4794,0.7293,0.6872,120.44,0.9924,1.3848
2015-12-30,1.0912,1.4832,0.7284,0.6837,120.60,0.9890,1.3883
2015-12-31,1.0859,1.4746,0.7286,0.6842,120.27,1.0017,1.3839
2016-01-01,,,,,,,
2016-01-04,1.0803,1.4686,0.7166,0.6740,119.30,1.0042,1.3970
2016-01-05,1.0743,1.4664,0.7151,0.6700,118.95,1.0096,1.3991
2016-01-06,1.0762,1.4626,0.7070,0.6642,118.54,1.0084,1.4084
2016-01-07,1.0860,1.4579,0.7025,0.6653,118.00,1.0018,1.4061
2016-01-08,1.0885,1.4523,0.6976,0.6559,117.74,0.9972,1.4150
2016-01-11,1.0878,1.4564,0.6992,0.6554,117.48,1.0000,1.4203
2016-01-12,1.0837,1.4403,0.6975,0.6523,117.78,1.0030,1.4293
2016-01-13,1.0862,1.4470,0.6996,0.6559,118.06,1.0064,1.4294
2016-01-14,1.0862,1.4409,0.6980,0.6470,118.03,1.0072,1.4374
2016-01-15,1.0964,1.4289,0.6864,0.6431,116.78,0.9984,1.4531
2016-01-18,,,,,,,
2016-01-19,1.0906,1.4171,0.6929,0.6489,117.66,1.0032,1.4513
2016-01-20,1.0908,1.4167,0.6855,0.6389,116.38,1.0032,1.4592
2016-01-21,1.0833,1.4198,0.7003,0.6522,117.61,1.0112,1.4244
2016-01-22,1.0814,1.4308,0.7014,0.6483,118.37,1.0148,1.4153
2016-01-25,1.0832,1.4245,0.6970,0.6473,118.55,1.0148,1.4248
2016-01-26,1.0846,1.4342,0.7005,0.6492,118.50,1.0189,1.4062
2016-01-27,1.0867,1.4261,0.7074,0.6527,118.90,1.0176,1.4040
2016-01-28,1.0952,1.4351,0.7085,0.6477,118.61,1.0134,1.4077
2016-01-29,1.0832,1.4184,0.7071,0.6469,121.05,1.0226,1.4074
2016-02-01,1.0888,1.4367,0.7084,0.6512,121.06,1.0202,1.4005
2016-02-02,1.0908,1.4399,0.7058,0.6497,120.27,1.0181,1.4039
2016-02-03,1.1051,1.4576,0.7134,0.6659,117.92,1.0070,1.3843
2016-02-04,1.1199,1.4580,0.7216,0.6729,116.75,0.9926,1.3724
2016-02-05,1.1131,1.4468,0.7084,0.6619,116.99,0.9938,1.3875
2016-02-08,1.1170,1.4415,0.7103,0.6637,115.70,0.9885,1.3921
2016-02-09,1.1300,1.4473,0.7065,0.6648,114.80,0.9720,1.3860
2016-02-10,1.1222,1.4473,0.7089,0.6655,114.03,0.9779,1.3969
2016-02-11,1.1362,1.4448,0.7096,0.6682,111.72,0.9706,1.3933
2016-02-12,1.1235,1.4460,0.7098,0.6628,112.96,0.9768,1.3834
2016-02-15,,,,,,,
2016-02-16,1.1140,1.4290,0.7103,0.6565,113.90,0.9884,1.3857
2016-02-17,1.1140,1.4317,0.7168,0.6628,114.14,0.9926,1.3682
2016-02-18,1.1092,1.4333,0.7150,0.6626,113.62,0.9940,1.3718
2016-02-19,1.1127,1.4343,0.7125,0.6615,112.42,0.9893,1.3798
2016-02-22,1.1018,1.4157,0.7238,0.6720,113.12,0.9986,1.3684
2016-02-23,1.1016,1.4040,0.7209,0.6660,112.17,0.9920,1.3791
2016-02-24,1.1021,1.3932,0.7177,0.6632,111.36,0.9860,1.3765
2016-02-25,1.1026,1.3937,0.7208,0.6699,112.70,0.9894,1.3572
2016-02-26,1.0932,1.3867,0.7130,0.6648,113.78,0.9967,1.3546
2016-02-29,1.0868,1.3926,0.7152,0.6601,112.90,0.9960,1.3522
2016-03-01,1.0847,1.3948,0.7172,0.6619,113.94,0.9994,1.3404
2016-03-02,1.0845,1.4059,0.7268,0.6642,113.81,0.9981,1.3466
2016-03-03,1.0948,1.4152,0.7360,0.6746,113.53,0.9920,1.3405
2016-03-04,1.1010,1.4226,0.7425,0.6799,113.91,0.9926,1.3337
2016-03-07,1.1004,1.4256,0.7467,0.6801,113.60,0.9969,1.3300
2016-03-08,1.1028,1.4225,0.7451,0.6770,112.58,0.9939,1.3388
2016-03-09,1.1022,1.4236,0.7528,0.6809,113.06,0.9957,1.3233
2016-03-10,1.1162,1.4306,0.7444,0.6667,113.10,0.9857,1.3372
2016-03-11,1.1180,1.4426,0.7572,0.6763,113.66,0.9813,1.3211
2016-03-14,1.1107,1.4324,0.7515,0.6690,113.59,0.9860,1.3291
2016-03-15,1.1112,1.4166,0.7465,0.6614,112.88,0.9852,1.3355
2016-03-16,1.1075,1.4100,0.7435,0.6601,113.69,0.9879,1.3364
2016-03-17,1.1316,1.4490,0.7637,0.6835,111.30,0.9680,1.2982
2016-03-18,1.1292,1.4514,0.7618,0.6812,111.38,0.9682,1.2980
2016-03-21,1.1260,1.4402,0.7594,0.6764,111.62,0.9678,1.3067
2016-03-22,1.1228,1.4217,0.7625,0.6760,111.82,0.9705,1.3051
2016-03-23,1.1174,1.4111,0.7533,0.6702,112.63,0.9731,1.3199
2016-03-24,1.1163,1.4143,0.7516,0.6695,112.64,0.9766,1.3270
2016-03-25,1.1164,1.4131,0.7518,0.6685,113.05,0.9780,1.3264
2016-03-28,1.1210,1.4250,0.7549,0.6729,113.29,0.9732,1.3184
2016-03-29,1.1204,1.4281,0.7567,0.6803,113.33,0.9744,1.3153
2016-03-30,1.1330,1.4390,0.7667,0.6914,112.60,0.9636,1.2962
2016-03-31,1.1390,1.4381,0.7677,0.6926,112.42,0.9583,1.2969
2016-04-01,1.1385,1.4204,0.7672,0.6899,112.06,0.9588,1.3047
2016-04-04,1.1386,1.4279,0.7614,0.6852,111.18,0.9597,1.3037
2016-04-05,1.1374,1.4149,0.7519,0.6787,110.26,0.9572,1.3175
2016-04-06,1.1430,1.4162,0.7613,0.6840,109.63,0.9537,1.3073
2016-04-07,1.1386,1.4082,0.7504,0.6774,107.98,0.9552,1.3163
2016-04-08,1.1406,1.4105,0.7554,0.6815,108.36,0.9536,1.2994
2016-04-11,1.1412,1.4240,0.7599,0.6860,107.96,0.9538,1.2912
2016-04-12,1.1395,1.4244,0.7659,0.6902,108.54,0.9546,1.2800
2016-04-13,1.1281,1.4223,0.7649,0.6916,109.21,0.9651,1.2789
2016-04-14,1.1262,1.4148,0.7705,0.6866,109.20,0.9667,1.2835
2016-04-15,1.1295,1.4217,0.7717,0.6913,108.76,0.9670,1.2857
2016-04-18,1.1322,1.4276,0.7746,0.6946,108.85,0.9636,1.2815
2016-04-19,1.1375,1.4396,0.7806,0.7034,109.16,0.9599,1.2654
2016-04-20,1.1330,1.4375,0.7817,0.6997,109.51,0.9671,1.2623
2016-04-21,1.1301,1.4338,0.7758,0.6924,109.41,0.9722,1.2713
2016-04-22,1.1239,1.4390,0.7713,0.6854,111.50,0.9774,1.2672
2016-04-25,1.1274,1.4492,0.7717,0.6856,111.08,0.9742,1.2678
2016-04-26,1.1318,1.4611,0.7741,0.6895,111.23,0.9713,1.2614
2016-04-27,1.1322,1.4554,0.7594,0.6851,111.26,0.9710,1.2637
2016-04-28,1.1325,1.4581,0.7635,0.6969,108.55,0.9687,1.2544
2016-04-29,1.1441,1.4625,0.7612,0.6984,106.90,0.9598,1.2549
2016-05-02,1.1516,1.4666,0.7641,0.7009,106.48,0.9556,1.2544
2016-05-03,1.1508,1.4543,0.7492,0.6925,106.34,0.9541,1.2686
2016-05-04,1.1486,1.4475,0.7454,0.6874,107.12,0.9574,1.2882
2016-05-05,1.1404,1.4486,0.7465,0.6894,107.32,0.9686,1.2855
2016-05-06,1.1421,1.4439,0.7358,0.6843,106.66,0.9697,1.2920
2016-05-09,1.1402,1.4409,0.7323,0.6778,108.39,0.9698,1.2994
2016-05-10,1.1386,1.4454,0.7351,0.6746,109.22,0.9746,1.2957
2016-05-11,1.1444,1.4480,0.7398,0.6845,108.48,0.9699,1.2834
2016-05-12,1.1380,1.4452,0.7314,0.6816,108.73,0.9693,1.2857
2016-05-13,1.1294,1.4369,0.7273,0.6781,109.14,0.9756,1.2939
2016-05-16,1.1328,1.4411,0.7300,0.6805,108.89,0.9772,1.2886
2016-05-17,1.1337,1.4485,0.7352,0.6840,109.02,0.9761,1.2884
2016-05-18,1.1276,1.4615,0.7285,0.6782,109.65,0.9822,1.2924
2016-05-19,1.1214,1.4608,0.7213,0.6748,109.81,0.9894,1.3114
2016-05-20,1.1207,1.4513,0.7215,0.6760,110.52,0.9920,1.3136
2016-05-23,1.1192,1.4444,0.7203,0.6754,109.47,0.9919,1.3155
2016-05-24,1.1145,1.4623,0.7184,0.6738,110.00,0.9930,1.3117
2016-05-25,1.1154,1.4694,0.7186,0.6752,110.22,0.9908,1.3089
2016-05-26,1.1184,1.4673,0.7227,0.6752,109.74,0.9898,1.2980
2016-05-27,1.1140,1.4644,0.7205,0.6729,109.86,0.9916,1.3001
2016-05-30,,,,,,,
2016-05-31,1.1135,1.4530,0.7242,0.6769,110.75,0.9934,1.3097
2016-06-01,1.1165,1.4395,0.7242,0.6807,109.55,0.9892,1.3089
2016-06-02,1.1157,1.4419,0.7225,0.6815,108.75,0.9902,1.3080
2016-06-03,1.1330,1.4521,0.7339,0.6942,106.88,0.9781,1.2947
2016-06-06,1.1354,1.4450,0.7362,0.6931,107.33,0.9720,1.2856
2016-06-07,1.1350,1.4564,0.7452,0.6981,107.30,0.9663,1.2788
2016-06-08,1.1400,1.4546,0.7479,0.7024,106.68,0.9594,1.2694
2016-06-09,1.1329,1.4467,0.7431,0.7133,106.54,0.9639,1.2728
2016-06-10,1.1281,1.4342,0.7395,0.7069,107.06,0.9632,1.2734
2016-06-13,1.1282,1.4223,0.7394,0.7064,106.07,0.9662,1.2791
2016-06-14,1.1206,1.4130,0.7360,0.7003,106.02,0.9640,1.2833
2016-06-15,1.1239,1.4185,0.7404,0.7028,105.87,0.9647,1.2912
2016-06-16,1.1158,1.4075,0.7312,0.6996,104.05,0.9662,1.3039
2016-06-17,1.1256,1.4285,0.7385,0.7056,104.20,0.9610,1.2875
2016-06-20,1.1318,1.4688,0.7458,0.7109,104.32,0.9616,1.2807
2016-06-21,1.1262,1.4668,0.7461,0.7138,104.56,0.9596,1.2817
2016-06-22,1.1286,1.4682,0.7491,0.7165,104.56,0.9584,1.2820
2016-06-23,1.1373,1.4800,0.7598,0.7242,105.90,0.9566,1.2749
2016-06-24,1.1126,1.3639,0.7451,0.7109,102.26,0.9702,1.2948
2016-06-27,1.1024,1.3217,0.7357,0.7020,101.66,0.9787,1.3076
2016-06-28,1.1054,1.3294,0.7353,0.7031,102.71,0.9812,1.3086
2016-06-29,1.1117,1.3510,0.7444,0.7121,102.68,0.9794,1.2990
2016-06-30,1.1032,1.3242,0.7432,0.7120,102.77,0.9792,1.3010
2016-07-01,1.1145,1.3281,0.7485,0.7167,102.55,0.9730,1.2897
2016-07-04,,,,,,,
2016-07-05,1.1080,1.3021,0.7456,0.7147,101.58,0.9768,1.2950
2016-07-06,1.1077,1.2921,0.7511,0.7130,101.12,0.9778,1.3003
2016-07-07,1.1065,1.2926,0.7488,0.7213,100.74,0.9781,1.2984
2016-07-08,1.1038,1.2938,0.7559,0.7293,100.65,0.9843,1.3072
2016-07-11,1.1045,1.2986,0.7534,0.7222,102.66,0.9830,1.3125
2016-07-12,1.1074,1.3237,0.7631,0.7304,104.72,0.9869,1.3016
2016-07-13,1.1112,1.3180,0.7624,0.7303,104.10,0.9834,1.2962
2016-07-14,1.1109,1.3332,0.7632,0.7199,105.40,0.9806,1.2916
2016-07-15,1.1059,1.3194,0.7587,0.7133,105.64,0.9834,1.2978
2016-07-18,1.1076,1.3279,0.7597,0.7117,106.00,0.9822,1.2984
2016-07-19,1.1014,1.3123,0.7496,0.7049,106.13,0.9850,1.3027
2016-07-20,1.1007,1.3179,0.7486,0.7033,106.65,0.9872,1.3037
2016-07-21,1.1016,1.3216,0.7497,0.6989,105.98,0.9869,1.3056
2016-07-22,1.0968,1.3091,0.7453,0.6990,106.22,0.9888,1.3178
2016-07-25,1.0980,1.3130,0.7458,0.6981,106.02,0.9869,1.3224
2016-07-26,1.0984,1.3133,0.7516,0.7038,104.83,0.9924,1.3207
2016-07-27,1.0988,1.3094,0.7460,0.7042,105.65,0.9936,1.3221
2016-07-28,1.1094,1.3151,0.7511,0.7075,104.86,0.9806,1.3170
2016-07-29,1.1168,1.3270,0.7599,0.7216,102.32,0.9690,1.3040
2016-08-01,1.1176,1.3209,0.7567,0.7196,102.26,0.9671,1.3096
2016-08-02,1.1225,1.3326,0.7611,0.7235,100.82,0.9643,1.3087
2016-08-03,1.1170,1.3335,0.7592,0.7163,101.34,0.9716,1.3078
2016-08-04,1.1134,1.3143,0.7637,0.7195,101.08,0.9738,1.3025
2016-08-05,1.1080,1.3069,0.7615,0.7138,101.74,0.9796,1.3179
2016-08-08,1.1078,1.3042,0.7656,0.7139,102.53,0.9838,1.3162
2016-08-09,1.1110,1.3010,0.7677,0.7178,101.96,0.9826,1.3116
2016-08-10,1.1171,1.2998,0.7717,0.7220,101.27,0.9759,1.3059
2016-08-11,1.1168,1.2960,0.7710,0.7242,101.46,0.9722,1.3004
2016-08-12,1.1172,1.2934,0.7669,0.7215,101.01,0.9738,1.2943
2016-08-15,1.1199,1.2874,0.7687,0.7219,101.02,0.9714,1.2922
2016-08-16,1.1277,1.3019,0.7697,0.7266,100.28,0.9622,1.2861
2016-08-17,1.1263,1.3012,0.7619,0.7219,100.24,0.9640,1.2885
2016-08-18,1.1334,1.3147,0.7684,0.7292,100.07,0.9576,1.2777
2016-08-19,1.1326,1.3061,0.7620,0.7268,100.24,0.9594,1.2878
2016-08-22,1.1314,1.3133,0.7629,0.7278,100.25,0.9625,1.2942
2016-08-23,1.1308,1.3179,0.7632,0.7307,100.20,0.9622,1.2904
2016-08-24,1.1256,1.3236,0.7605,0.7307,100.50,0.9673,1.2939
2016-08-25,1.1274,1.3177,0.7611,0.7297,100.58,0.9684,1.2934
2016-08-26,1.1237,1.3168,0.7614,0.7302,101.20,0.9718,1.2944
2016-08-29,1.1182,1.3089,0.7576,0.7254,102.13,0.9780,1.3018
2016-08-30,1.1150,1.3084,0.7516,0.7222,102.92,0.9822,1.3075
2016-08-31,1.1146,1.3129,0.7519,0.7257,103.38,0.9830,1.3122
2016-09-01,1.1194,1.3273,0.7542,0.7282,103.22,0.9792,1.3107
2016-09-02,1.1158,1.3299,0.7557,0.7286,104.18,0.9804,1.2998
2016-09-05,,,,,,,
2016-09-06,1.1237,1.3429,0.7674,0.7407,102.28,0.9718,1.2843
2016-09-07,1.1238,1.3339,0.7675,0.7451,101.72,0.9702,1.2895
2016-09-08,1.1256,1.3301,0.7666,0.7406,102.28,0.9726,1.2910
2016-09-09,1.1214,1.3257,0.7549,0.7336,102.86,0.9770,1.3034
2016-09-12,1.1230,1.3313,0.7526,0.7321,101.96,0.9736,1.3076
2016-09-13,1.1242,1.3184,0.7470,0.7262,102.14,0.9740,1.3167
2016-09-14,1.1271,1.3204,0.7485,0.7304,102.33,0.9708,1.3187
2016-09-15,1.1246,1.3215,0.7512,0.7308,102.24,0.9714,1.3145
2016-09-16,1.1160,1.3090,0.7489,0.7271,102.36,0.9794,1.3212
2016-09-19,1.1179,1.3051,0.7560,0.7317,101.82,0.9798,1.3180
2016-09-20,1.1172,1.2974,0.7552,0.7323,101.66,0.9781,1.3228
2016-09-21,1.1165,1.2978,0.7589,0.7328,100.62,0.9758,1.3186
2016-09-22,1.1229,1.3092,0.7644,0.7315,100.80,0.9678,1.3036
2016-09-23,1.1223,1.2959,0.7621,0.7235,101.04,0.9702,1.3163
2016-09-26,1.1270,1.2978,0.7642,0.7280,100.34,0.9668,1.3196
2016-09-27,1.1208,1.3005,0.7658,0.7294,100.36,0.9718,1.3247
2016-09-28,1.1200,1.2996,0.7659,0.7254,100.57,0.9724,1.3237
2016-09-29,1.1244,1.2991,0.7676,0.7285,101.48,0.9655,1.3101
2016-09-30,1.1238,1.3015,0.7667,0.7290,101.21,0.9694,1.3115
2016-10-03,1.1210,1.2840,0.7664,0.7263,101.54,0.9740,1.3138
2016-10-04,1.1212,1.2746,0.7644,0.7246,102.66,0.9780,1.3171
2016-10-05,1.1196,1.2745,0.7618,0.7173,103.53,0.9770,1.3177
2016-10-06,1.1158,1.2647,0.7580,0.7161,104.02,0.9798,1.3209
2016-10-07,1.1156,1.2434,0.7556,0.7119,103.42,0.9806,1.3306
2016-10-10,,,,,,,
2016-10-11,1.1062,1.2218,0.7545,0.7067,103.36,0.9878,1.3235
2016-10-12,1.1014,1.2195,0.7553,0.7048,104.48,0.9902,1.3277
2016-10-13,1.1038,1.2201,0.7558,0.7081,103.62,0.9870,1.3219
2016-10-14,1.0985,1.2189,0.7610,0.7087,104.10,0.9902,1.3169
2016-10-17,1.1000,1.2186,0.7626,0.7134,103.96,0.9880,1.3135
2016-10-18,1.0997,1.2310,0.7679,0.7218,103.80,0.9886,1.3105
2016-10-19,1.0966,1.2279,0.7715,0.7223,103.30,0.9894,1.3105
2016-10-20,1.0934,1.2256,0.7640,0.7203,103.92,0.9916,1.3197
2016-10-21,1.0866,1.2210,0.7597,0.7154,103.96,0.9951,1.3324
2016-10-24,1.0888,1.2204,0.7603,0.7133,104.20,0.9920,1.3387
2016-10-25,1.0890,1.2164,0.7652,0.7168,104.25,0.9940,1.3333
2016-10-26,1.0916,1.2234,0.7657,0.7156,104.42,0.9927,1.3361
2016-10-27,1.0904,1.2173,0.7606,0.7123,105.14,0.9940,1.3385
2016-10-28,1.0934,1.2155,0.7578,0.7144,105.40,0.9932,1.3383
2016-10-31,1.0962,1.2212,0.7611,0.7156,105.07,0.9890,1.3403
2016-11-01,1.1042,1.2218,0.7659,0.7176,104.59,0.9790,1.3377
2016-11-02,1.1119,1.2315,0.7667,0.7296,103.22,0.9701,1.3387
2016-11-03,1.1094,1.2454,0.7681,0.7322,103.17,0.9746,1.3384
2016-11-04,1.1121,1.2546,0.7669,0.7311,103.02,0.9682,1.3413
2016-11-07,1.1038,1.2403,0.7700,0.7324,104.60,0.9758,1.3380
2016-11-08,1.1034,1.2372,0.7733,0.7355,104.98,0.9757,1.3335
2016-11-09,1.0952,1.2474,0.7674,0.7302,104.84,0.9812,1.3406
2016-11-10,1.0882,1.2523,0.7590,0.7202,106.56,0.9878,1.3474
2016-11-11,,,,,,,
2016-11-14,1.0723,1.2469,0.7532,0.7085,108.30,0.9978,1.3581
2016-11-15,1.0726,1.2422,0.7540,0.7095,108.94,1.0015,1.3468
2016-11-16,1.0699,1.2450,0.7492,0.7079,109.16,1.0019,1.3415
2016-11-17,1.0656,1.2450,0.7455,0.7058,109.64,1.0048,1.3429
2016-11-18,1.0600,1.2327,0.7345,0.7028,110.51,1.0094,1.3518
2016-11-21,1.0597,1.2474,0.7357,0.7057,111.12,1.0112,1.3432
2016-11-22,1.0618,1.2424,0.7388,0.7048,110.98,1.0100,1.3444
2016-11-23,1.0560,1.2458,0.7391,0.7010,112.58,1.0156,1.3467
2016-11-24,,,,,,,
2016-11-25,1.0595,1.2462,0.7425,0.7045,113.17,1.0136,1.3512
2016-11-28,1.0576,1.2411,0.7478,0.7063,112.36,1.0158,1.3401
2016-11-29,1.0626,1.2505,0.7469,0.7119,112.78,1.0132,1.3435
2016-11-30,1.0578,1.2481,0.7387,0.7081,114.34,1.0187,1.3425
2016-12-01,1.0634,1.2596,0.7411,0.7072,114.34,1.0126,1.3330
2016-12-02,1.0666,1.2685,0.7445,0.7139,113.76,1.0110,1.3298
2016-12-05,1.0723,1.2708,0.7476,0.7134,114.10,1.0103,1.3271
2016-12-06,1.0717,1.2706,0.7454,0.7113,113.98,1.0093,1.3279
2016-12-07,1.0758,1.2604,0.7479,0.7160,113.50,1.0065,1.3251
2016-12-08,1.0625,1.2574,0.7448,0.7168,114.16,1.0154,1.3220
2016-12-09,1.0541,1.2590,0.7442,0.7139,115.17,1.0184,1.3162
2016-12-12,1.0606,1.2677,0.7486,0.7189,115.34,1.0157,1.3137
2016-12-13,1.0635,1.2685,0.7494,0.7204,115.26,1.0118,1.3119
2016-12-14,1.0656,1.2706,0.7512,0.7228,115.06,1.0099,1.3123
2016-12-15,1.0375,1.2389,0.7343,0.7015,118.32,1.0334,1.3397
2016-12-16,1.0456,1.2478,0.7298,0.6981,117.74,1.0258,1.3339
2016-12-19,1.0444,1.2419,0.7264,0.6949,116.60,1.0226,1.3395
2016-12-20,1.0390,1.2358,0.7252,0.6921,117.86,1.0282,1.3376
2016-12-21,1.0425,1.2348,0.7244,0.6902,117.79,1.0262,1.3401
2016-12-22,1.0452,1.2301,0.7216,0.6909,117.48,1.0246,1.3470
2016-12-23,1.0449,1.2252,0.7174,0.6870,117.22,1.0268,1.3533
2016-12-26,,,,,,,
2016-12-27,1.0458,1.2261,0.7189,0.6890,117.52,1.0284,1.3553
2016-12-28,1.0389,1.2222,0.7185,0.6910,117.66,1.0313,1.3555
2016-12-29,1.0486,1.2237,0.7220,0.6958,116.32,1.0230,1.3488
2016-12-30,1.0552,1.2337,0.7230,0.6958,116.78,1.0160,1.3426
2017-01-02,,,,,,,
2017-01-03,1.0416,1.2256,0.7231,0.6927,117.68,1.0266,1.3437
2017-01-04,1.0476,1.2299,0.7270,0.6949,117.38,1.0228,1.3293
2017-01-05,1.0598,1.2415,0.7334,0.7022,115.46,1.0107,1.3216
2017-01-06,1.0560,1.2314,0.7305,0.6973,116.85,1.0150,1.3216
2017-01-09,1.0576,1.2167,0.7364,0.7027,116.07,1.0148,1.3220
2017-01-10,1.0572,1.2165,0.7370,0.6986,115.74,1.0158,1.3208
2017-01-11,1.0501,1.2118,0.7400,0.7008,116.26,1.0203,1.3219
2017-01-12,1.0666,1.2211,0.7508,0.7138,113.87,1.0066,1.3130
2017-01-13,1.0625,1.2198,0.7481,0.7105,115.03,1.0098,1.3134
2017-01-16,,,,,,,
2017-01-17,1.0695,1.2388,0.7540,0.7183,112.96,1.0028,1.3060
2017-01-18,1.0682,1.2309,0.7553,0.7178,113.40,1.0028,1.3175
2017-01-19,1.0630,1.2319,0.7545,0.7171,115.30,1.0094,1.3327
2017-01-20,,,,,,,
2017-01-23,1.0740,1.2485,0.7564,0.7215,112.90,0.9990,1.3283
2017-01-24,1.0749,1.2531,0.7584,0.7261,113.63,0.9998,1.3152
2017-01-25,1.0743,1.2620,0.7565,0.7268,113.60,0.9996,1.3074
2017-01-26,1.0670,1.2579,0.7531,0.7232,114.70,1.0011,1.3104
2017-01-27,1.0690,1.2531,0.7549,0.7257,115.16,0.9992,1.3108
2017-01-30,1.0681,1.2478,0.7556,0.7281,113.86,0.9976,1.3092
2017-01-31,1.0794,1.2585,0.7582,0.7329,112.72,0.9888,1.3030
2017-02-01,1.0758,1.2643,0.7564,0.7251,113.29,0.9930,1.3088
2017-02-02,1.0802,1.2541,0.7673,0.7306,112.48,0.9894,1.3018
2017-02-03,1.0792,1.2504,0.7686,0.7322,112.42,0.9910,1.3003
2017-02-06,1.0731,1.2450,0.7641,0.7304,112.32,0.9934,1.3116
2017-02-07,1.0690,1.2486,0.7636,0.7316,112.14,0.9970,1.3166
2017-02-08,1.0708,1.2543,0.7648,0.7322,111.74,0.9934,1.3156
2017-02-09,1.0658,1.2516,0.7623,0.7182,113.24,1.0013,1.3139
2017-02-10,1.0650,1.2502,0.7686,0.7207,113.22,1.0028,1.3073
2017-02-13,1.0603,1.2510,0.7644,0.7175,113.79,1.0054,1.3072
2017-02-14,1.0577,1.2465,0.7638,0.7154,114.34,1.0072,1.3092
2017-02-15,1.0597,1.2465,0.7698,0.7202,114.17,1.0062,1.3082
2017-02-16,1.0660,1.2477,0.7694,0.7227,113.36,0.9992,1.3056
2017-02-17,1.0614,1.2428,0.7657,0.7182,112.86,1.0022,1.3114
2017-02-20,,,,,,,
2017-02-21,1.0551,1.2465,0.7672,0.7156,113.48,1.0083,1.3149
2017-02-22,1.0555,1.2456,0.7683,0.7161,113.46,1.0109,1.3188
2017-02-23,1.0586,1.2548,0.7716,0.7235,112.68,1.0062,1.3109
2017-02-24,1.0580,1.2499,0.7681,0.7201,112.26,1.0055,1.3106
2017-02-27,1.0624,1.2473,0.7693,0.7224,112.01,1.0051,1.3100
2017-02-28,1.0618,1.2427,0.7686,0.7229,112.06,1.0022,1.3247
2017-03-01,1.0564,1.2318,0.7664,0.7131,113.66,1.0072,1.3345
2017-03-02,1.0514,1.2267,0.7578,0.7071,114.45,1.0120,1.3384
2017-03-03,1.0552,1.2249,0.7559,0.7012,114.60,1.0118,1.3419
2017-03-06,1.0586,1.2243,0.7583,0.6999,113.92,1.0114,1.3410
2017-03-07,1.0582,1.2209,0.7603,0.6983,113.99,1.0130,1.3413
2017-03-08,1.0547,1.2152,0.7544,0.6926,114.58,1.0146,1.3479
2017-03-09,1.0586,1.2166,0.7517,0.6907,114.71,1.0131,1.3504
2017-03-10,1.0667,1.2158,0.7531,0.6919,115.02,1.0104,1.3468
2017-03-13,1.0670,1.2234,0.7581,0.6927,114.61,1.0068,1.3453
2017-03-14,1.0645,1.2168,0.7575,0.6933,114.63,1.0078,1.3462
2017-03-15,1.0630,1.2222,0.7593,0.6956,114.66,1.0080,1.3451
2017-03-16,1.0738,1.2370,0.7673,0.6979,113.02,0.9953,1.3316
2017-03-17,1.0742,1.2372,0.7690,0.7008,112.67,0.9978,1.3366
2017-03-20,1.0754,1.2365,0.7733,0.7050,112.59,0.9966,1.3357
2017-03-21,1.0810,1.2479,0.7717,0.7063,111.90,0.9936,1.3321
2017-03-22,1.0800,1.2476,0.7674,0.7056,111.06,0.9900,1.3347
2017-03-23,1.0787,1.2526,0.7644,0.7043,111.12,0.9924,1.3332
2017-03-24,1.0806,1.2491,0.7619,0.7030,111.03,0.9910,1.3373
2017-03-27,1.0882,1.2583,0.7623,0.7055,110.48,0.9830,1.3367
2017-03-28,1.0852,1.2503,0.7651,0.7037,110.56,0.9850,1.3363
2017-03-29,1.0756,1.2411,0.7660,0.7025,111.05,0.9966,1.3372
2017-03-30,1.0726,1.2489,0.7666,0.7023,111.36,0.9969,1.3278
2017-03-31,1.0698,1.2537,0.7638,0.7001,111.41,0.9998,1.3321
2017-04-03,1.0655,1.2479,0.7601,0.6997,110.96,1.0029,1.3388
2017-04-04,1.0664,1.2437,0.7567,0.6977,110.74,1.0022,1.3413
2017-04-05,1.0661,1.2488,0.7575,0.6955,111.20,1.0050,1.3410
2017-04-06,1.0651,1.2486,0.7549,0.6973,111.02,1.0046,1.3409
2017-04-07,1.0616,1.2398,0.7516,0.6957,110.76,1.0066,1.3396
2017-04-10,1.0606,1.2418,0.7500,0.6965,110.95,1.0077,1.3347
2017-04-11,1.0614,1.2484,0.7497,0.6956,109.74,1.0072,1.3333
2017-04-12,1.0611,1.2500,0.7485,0.6925,109.54,1.0054,1.3302
2017-04-13,1.0630,1.2522,0.7585,0.7011,109.23,1.0047,1.3266
2017-04-14,1.0625,1.2531,0.7575,0.7009,108.63,1.0038,1.3316
2017-04-17,1.0660,1.2587,0.7604,0.7028,108.46,1.0022,1.3277
2017-04-18,1.0706,1.2769,0.7553,0.7034,108.40,0.9978,1.3381
2017-04-19,1.0707,1.2789,0.7500,0.7002,109.06,0.9986,1.3467
2017-04-20,1.0758,1.2830,0.7540,0.7017,109.34,0.9960,1.3479
2017-04-21,1.0694,1.2783,0.7539,0.7020,109.08,0.9987,1.3502
2017-04-24,1.0846,1.2783,0.7558,0.7019,109.74,0.9964,1.3517
2017-04-25,1.0941,1.2836,0.7538,0.6949,110.88,0.9925,1.3614
2017-04-26,1.0872,1.2838,0.7462,0.6880,111.52,0.9957,1.3591
2017-04-27,1.0864,1.2889,0.7452,0.6854,111.13,0.9948,1.3664
2017-04-28,1.0895,1.2938,0.7475,0.6860,111.44,0.9944,1.3669
2017-05-01,1.0912,1.2917,0.7534,0.6914,111.78,0.9955,1.3653
2017-05-02,1.0910,1.2921,0.7523,0.6923,112.06,0.9913,1.3742
2017-05-03,1.0920,1.2916,0.7451,0.6912,112.34,0.9913,1.3705
2017-05-04,1.0967,1.2910,0.7403,0.6854,112.70,0.9890,1.3745
2017-05-05,1.0996,1.2950,0.7414,0.6915,112.63,0.9876,1.3699
2017-05-08,1.0928,1.2942,0.7386,0.6910,112.84,0.9979,1.3712
2017-05-09,1.0875,1.2939,0.7352,0.6899,114.19,1.0074,1.3715
2017-05-10,1.0873,1.2939,0.7383,0.6946,114.02,1.0088,1.3652
2017-05-11,1.0869,1.2885,0.7374,0.6849,113.77,1.0061,1.3693
2017-05-12,1.0926,1.2880,0.7397,0.6860,113.30,1.0008,1.3717
2017-05-15,1.0979,1.2917,0.7425,0.6886,113.54,0.9964,1.3648
2017-05-16,1.1072,1.2912,0.7429,0.6881,113.24,0.9878,1.3590
2017-05-17,1.1134,1.2944,0.7426,0.6926,111.46,0.9808,1.3594
2017-05-18,1.1130,1.3009,0.7432,0.6916,110.82,0.9763,1.3604
2017-05-19,1.1190,1.3018,0.7449,0.6913,111.47,0.9754,1.3537
2017-05-22,1.1236,1.3006,0.7476,0.6990,111.15,0.9736,1.3503
2017-05-23,1.1198,1.2984,0.7485,0.7014,111.64,0.9740,1.3492
2017-05-24,1.1175,1.2935,0.7463,0.7012,112.02,0.9769,1.3454
2017-05-25,1.1218,1.2954,0.7466,0.7043,111.70,0.9720,1.3457
2017-05-26,1.1170,1.2795,0.7440,0.7055,111.30,0.9753,1.3454
2017-05-29,,,,,,,
2017-05-30,1.1183,1.2858,0.7465,0.7095,110.68,0.9744,1.3462
2017-05-31,1.1236,1.2905,0.7437,0.7100,110.71,0.9684,1.3498
2017-06-01,1.1214,1.2894,0.7387,0.7064,111.24,0.9712,1.3484
2017-06-02,1.1270,1.2885,0.7441,0.7141,110.49,0.9642,1.3500
2017-06-05,1.1250,1.2917,0.7479,0.7141,110.49,0.9657,1.3484
2017-06-06,1.1266,1.2901,0.7514,0.7201,109.34,0.9628,1.3451
2017-06-07,1.1236,1.2941,0.7550,0.7196,109.54,0.9657,1.3514
2017-06-08,1.1217,1.2939,0.7543,0.7219,110.10,0.9675,1.3494
2017-06-09,1.1190,1.2737,0.7532,0.7207,110.61,0.9700,1.3434
2017-06-12,1.1204,1.2658,0.7539,0.7206,109.72,0.9688,1.3447
2017-06-13,1.1194,1.2739,0.7540,0.7221,110.12,0.9692,1.3226
2017-06-14,1.1277,1.2808,0.7619,0.7303,109.16,0.9662,1.3201
2017-06-15,1.1152,1.2768,0.7582,0.7209,110.66,0.9749,1.3286
2017-06-16,1.1194,1.2778,0.7622,0.7252,110.84,0.9739,1.3235
2017-06-19,1.1160,1.2743,0.7605,0.7244,111.34,0.9745,1.3202
2017-06-20,1.1124,1.2628,0.7575,0.7239,111.46,0.9759,1.3268
2017-06-21,1.1143,1.2667,0.7549,0.7214,111.58,0.9744,1.3323
2017-06-22,1.1148,1.2659,0.7542,0.7265,111.36,0.9728,1.3236
2017-06-23,1.1196,1.2727,0.7578,0.7294,111.26,0.9692,1.3263
2017-06-26,1.1196,1.2732,0.7590,0.7303,111.48,0.9706,1.3228
2017-06-27,1.1300,1.2791,0.7588,0.7278,112.42,0.9638,1.3176
2017-06-28,1.1364,1.2936,0.7638,0.7308,112.18,0.9608,1.3043
2017-06-29,1.1420,1.2984,0.7680,0.7290,112.32,0.9569,1.3010
2017-06-30,1.1411,1.2995,0.7676,0.7322,112.40,0.9586,1.2982
2017-07-03,1.1367,1.2951,0.7652,0.7299,113.32,0.9632,1.3000
2017-07-04,,,,,,,
2017-07-05,1.1336,1.2934,0.7588,0.7273,113.20,0.9652,1.2998
2017-07-06,1.1409,1.2967,0.7584,0.7266,113.28,0.9634,1.2933
2017-07-07,1.1396,1.2880,0.7599,0.7273,114.10,0.9644,1.2870
2017-07-10,1.1396,1.2884,0.7599,0.7269,114.08,0.9658,1.2883
2017-07-11,1.1430,1.2851,0.7614,0.7209,114.20,0.9672,1.2921
2017-07-12,1.1411,1.2889,0.7673,0.7261,113.19,0.9648,1.2768
2017-07-13,1.1385,1.2921,0.7728,0.7315,113.39,0.9685,1.2739
2017-07-14,1.1452,1.3079,0.7813,0.7331,112.66,0.9654,1.2655
2017-07-17,1.1470,1.3058,0.7811,0.7322,112.76,0.9627,1.2673
2017-07-18,1.1578,1.3026,0.7923,0.7368,111.89,0.9526,1.2663
2017-07-19,1.1518,1.3036,0.7946,0.7357,111.77,0.9548,1.2586
2017-07-20,1.1634,1.2976,0.7958,0.7394,111.68,0.9507,1.2582
2017-07-21,1.1655,1.2968,0.7911,0.7437,111.18,0.9468,1.2545
2017-07-24,1.1642,1.3028,0.7926,0.7430,111.10,0.9456,1.2519
2017-07-25,1.1656,1.3046,0.7949,0.7424,111.57,0.9496,1.2512
2017-07-26,1.1632,1.3048,0.7922,0.7431,112.10,0.9580,1.2506
2017-07-27,1.1656,1.3065,0.7962,0.7491,111.62,0.9656,1.2529
2017-07-28,1.1754,1.3124,0.7991,0.7506,110.87,0.9685,1.2436
2017-07-31,1.1826,1.3196,0.7988,0.7503,110.38,0.9650,1.2490
2017-08-01,1.1799,1.3206,0.7974,0.7474,110.33,0.9655,1.2540
2017-08-02,1.1861,1.3236,0.7983,0.7445,110.43,0.9684,1.2544
2017-08-03,1.1880,1.3144,0.7945,0.7438,110.12,0.9690,1.2563
2017-08-04,1.1754,1.3036,0.7924,0.7414,110.76,0.9721,1.2639
2017-08-07,1.1788,1.3021,0.7905,0.7353,110.76,0.9728,1.2684
2017-08-08,1.1724,1.2968,0.7905,0.7328,110.74,0.9766,1.2658
2017-08-09,1.1748,1.2997,0.7872,0.7317,110.04,0.9649,1.2711
2017-08-10,1.1751,1.2978,0.7888,0.7276,109.37,0.9647,1.2705
2017-08-11,1.1811,1.2988,0.7880,0.7305,109.06,0.9620,1.2689
2017-08-14,1.1786,1.2975,0.7864,0.7297,109.48,0.9714,1.2698
2017-08-15,1.1736,1.2862,0.7822,0.7241,110.42,0.9718,1.2745
2017-08-16,1.1703,1.2860,0.7882,0.7263,110.80,0.9744,1.2708
2017-08-17,1.1736,1.2888,0.7918,0.7308,109.88,0.9633,1.2650
2017-08-18,1.1748,1.2847,0.7933,0.7329,109.32,0.9642,1.2585
2017-08-21,1.1814,1.2903,0.7936,0.7326,108.89,0.9629,1.2587
2017-08-22,1.1762,1.2834,0.7913,0.7292,109.40,0.9668,1.2559
2017-08-23,1.1802,1.2787,0.7893,0.7208,109.14,0.9667,1.2558
2017-08-24,1.1801,1.2802,0.7905,0.7215,109.34,0.9646,1.2528
2017-08-25,1.1874,1.2873,0.7929,0.7232,109.24,0.9574,1.2494
2017-08-28,1.1973,1.2927,0.7956,0.7249,109.22,0.9554,1.2492
2017-08-29,1.2025,1.2937,0.7973,0.7271,109.02,0.9480,1.2517
2017-08-30,1.1927,1.2934,0.7905,0.7210,110.20,0.9583,1.2608
2017-08-31,1.1894,1.2888,0.7932,0.7170,110.06,0.9610,1.2515
2017-09-01,1.1878,1.2972,0.7980,0.7167,110.09,0.9626,1.2372
2017-09-04,,,,,,,
2017-09-05,1.1911,1.3013,0.8010,0.7252,108.94,0.9577,1.2355
2017-09-06,1.1943,1.3073,0.8016,0.7222,108.75,0.9537,1.2210
2017-09-07,1.2028,1.3094,0.8038,0.7236,108.26,0.9498,1.2132
2017-09-08,1.2041,1.3211,0.8071,0.7279,107.72,0.9456,1.2131
2017-09-11,1.1964,1.3173,0.8024,0.7250,109.03,0.9533,1.2136
2017-09-12,1.1968,1.3280,0.8042,0.7297,110.01,0.9596,1.2154
2017-09-13,1.1898,1.3218,0.7987,0.7234,110.58,0.9639,1.2192
2017-09-14,1.1886,1.3398,0.7980,0.7209,110.66,0.9660,1.2207
2017-09-15,1.1959,1.3578,0.8007,0.7289,110.84,0.9594,1.2183
2017-09-18,1.1938,1.3485,0.7966,0.7261,111.48,0.9630,1.2231
2017-09-19,1.1980,1.3517,0.8014,0.7323,111.49,0.9628,1.2262
2017-09-20,1.1998,1.3564,0.8070,0.7388,111.50,0.9617,1.2267
2017-09-21,1.1946,1.3576,0.7940,0.7318,112.30,0.9692,1.2328
2017-09-22,1.1969,1.3531,0.7975,0.7343,112.01,0.9694,1.2305
2017-09-25,1.1852,1.3457,0.7937,0.7267,111.64,0.9682,1.2347
2017-09-26,1.1772,1.3422,0.7880,0.7190,112.16,0.9706,1.2379
2017-09-27,1.1747,1.3401,0.7866,0.7218,112.76,0.9745,1.2402
2017-09-28,1.1776,1.3435,0.7831,0.7213,112.66,0.9710,1.2473
2017-09-29,1.1813,1.3402,0.7840,0.7225,112.64,0.9688,1.2509
2017-10-02,1.1745,1.3268,0.7825,0.7201,112.60,0.9737,1.2507
2017-10-03,1.1759,1.3251,0.7828,0.7155,112.80,0.9734,1.2498
2017-10-04,1.1760,1.3268,0.7856,0.7159,112.84,0.9756,1.2479
2017-10-05,1.1706,1.3132,0.7800,0.7118,112.74,0.9792,1.2548
2017-10-06,1.1732,1.3063,0.7765,0.7092,112.68,0.9777,1.2543
2017-10-09,,,,,,,
2017-10-10,1.1804,1.3215,0.7788,0.7077,112.15,0.9744,1.2495
2017-10-11,1.1847,1.3210,0.7781,0.7077,112.35,0.9732,1.2511
2017-10-12,1.1840,1.3174,0.7827,0.7126,112.38,0.9760,1.2470
2017-10-13,1.1837,1.3304,0.7885,0.7186,111.94,0.9745,1.2494
2017-10-16,1.1810,1.3285,0.7859,0.7181,111.72,0.9735,1.2531
2017-10-17,1.1754,1.3182,0.7833,0.7167,112.32,0.9804,1.2567
2017-10-18,1.1775,1.3183,0.7838,0.7138,112.94,0.9817,1.2473
2017-10-19,1.1842,1.3181,0.7878,0.7024,112.54,0.9751,1.2487
2017-10-20,1.1770,1.3179,0.7812,0.6959,113.50,0.9844,1.2618
2017-10-23,1.1762,1.3201,0.7807,0.6975,113.66,0.9862,1.2644
2017-10-24,1.1766,1.3124,0.7780,0.6896,113.92,0.9890,1.2660
2017-10-25,1.1802,1.3252,0.7694,0.6871,113.70,0.9888,1.2799
2017-10-26,1.1700,1.3181,0.7688,0.6860,113.72,0.9950,1.2821
2017-10-27,1.1580,1.3108,0.7660,0.6871,113.82,0.9990,1.2871
2017-10-30,1.1626,1.3195,0.7678,0.6869,113.26,0.9969,1.2835
2017-10-31,1.1648,1.3281,0.7668,0.6850,113.63,0.9968,1.2894
2017-11-01,1.1618,1.3257,0.7676,0.6896,114.04,1.0014,1.2890
2017-11-02,1.1672,1.3068,0.7722,0.6922,113.84,0.9977,1.2808
2017-11-03,1.1616,1.3067,0.7650,0.6909,114.25,1.0002,1.2769
2017-11-06,1.1600,1.3145,0.7673,0.6914,113.90,0.9990,1.2740
2017-11-07,1.1577,1.3152,0.7637,0.6900,113.90,0.9996,1.2791
2017-11-08,1.1591,1.3108,0.7677,0.6921,113.62,0.9997,1.2727
2017-11-09,1.1648,1.3133,0.7668,0.6952,113.40,0.9958,1.2693
2017-11-10,,,,,,,
2017-11-13,1.1656,1.3101,0.7622,0.6898,113.62,0.9975,1.2735
2017-11-14,1.1764,1.3128,0.7628,0.6883,113.50,0.9914,1.2731
2017-11-15,1.1794,1.3165,0.7576,0.6873,113.15,0.9902,1.2783
2017-11-16,1.1772,1.3197,0.7590,0.6861,112.89,0.9926,1.2736
2017-11-17,1.1799,1.3222,0.7563,0.6812,111.98,0.9882,1.2785
2017-11-20,1.1741,1.3241,0.7551,0.6812,112.49,0.9923,1.2795
2017-11-21,1.1741,1.3232,0.7582,0.6836,112.46,0.9916,1.2768
2017-11-22,1.1789,1.3291,0.7591,0.6861,111.62,0.9838,1.2728
2017-11-23,,,,,,,
2017-11-24,1.1936,1.3336,0.7619,0.6885,111.54,0.9788,1.2705
2017-11-27,1.1911,1.3333,0.7605,0.6909,111.00,0.9804,1.2745
2017-11-28,1.1878,1.3231,0.7617,0.6932,111.13,0.9831,1.2804
2017-11-29,1.1858,1.3436,0.7572,0.6898,111.75,0.9837,1.2850
2017-11-30,1.1898,1.3506,0.7572,0.6850,112.30,0.9838,1.2884
2017-12-01,1.1910,1.3505,0.7624,0.6892,111.88,0.9762,1.2705
2017-12-04,1.1848,1.3465,0.7598,0.6846,112.80,0.9858,1.2696
2017-12-05,1.1820,1.3450,0.7606,0.6879,112.76,0.9868,1.2690
2017-12-06,1.1788,1.3382,0.7565,0.6880,112.32,0.9904,1.2788
2017-12-07,1.1790,1.3432,0.7526,0.6846,112.70,0.9921,1.2832
2017-12-08,1.1761,1.3367,0.7507,0.6845,113.55,0.9928,1.2867
2017-12-11,1.1802,1.3363,0.7540,0.6919,113.34,0.9900,1.2845
2017-12-12,1.1725,1.3323,0.7550,0.6928,113.62,0.9926,1.2884
2017-12-13,1.1762,1.3365,0.7605,0.6988,113.19,0.9894,1.2872
2017-12-14,1.1778,1.3440,0.7672,0.6990,112.56,0.9900,1.2849
2017-12-15,1.1778,1.3316,0.7646,0.7002,112.68,0.9903,1.2846
2017-12-18,1.1804,1.3398,0.7675,0.7011,112.40,0.9856,1.2856
2017-12-19,1.1822,1.3356,0.7652,0.6986,112.98,0.9857,1.2900
2017-12-20,1.1881,1.3408,0.7673,0.6984,113.29,0.9859,1.2846
2017-12-21,1.1872,1.3372,0.7703,0.7020,113.42,0.9890,1.2717
2017-12-22,1.1839,1.3379,0.7713,0.7015,113.30,0.9898,1.2748
2017-12-25,,,,,,,
2017-12-26,1.1867,1.3369,0.7728,0.7034,113.20,0.9891,1.2685
2017-12-27,1.1902,1.3403,0.7772,0.7069,113.28,0.9870,1.2645
2017-12-28,1.1952,1.3450,0.7793,0.7089,112.85,0.9774,1.2586
2017-12-29,1.2022,1.3529,0.7815,0.7100,112.69,0.9738,1.2517
2018-01-01,,,,,,,
2018-01-02,1.2050,1.3596,0.7824,0.7106,112.18,0.9718,1.2507
2018-01-03,1.2030,1.3522,0.7840,0.7104,112.28,0.9762,1.2534
2018-01-04,1.2064,1.3539,0.7856,0.7145,112.78,0.9753,1.2522
2018-01-05,1.2039,1.3562,0.7859,0.7170,113.18,0.9752,1.2396
2018-01-08,1.1973,1.3566,0.7838,0.7182,113.08,0.9762,1.2424
2018-01-09,1.1922,1.3518,0.7822,0.7180,112.57,0.9832,1.2457
2018-01-10,1.1958,1.3513,0.7841,0.7188,111.48,0.9780,1.2485
2018-01-11,1.2035,1.3543,0.7885,0.7244,111.35,0.9748,1.2526
2018-01-12,1.2130,1.3689,0.7886,0.7239,111.23,0.9713,1.2517
2018-01-15,,,,,,,
2018-01-16,1.2244,1.3774,0.7958,0.7275,110.74,0.9618,1.2422
2018-01-17,1.2229,1.3824,0.7982,0.7292,110.81,0.9616,1.2443
2018-01-18,1.2238,1.3889,0.7993,0.7311,110.88,0.9586,1.2442
2018-01-19,1.2238,1.3857,0.8001,0.7285,110.56,0.9612,1.2456
2018-01-22,1.2230,1.3944,0.8004,0.7311,111.15,0.9636,1.2460
2018-01-23,1.2277,1.3968,0.7984,0.7345,110.46,0.9598,1.2455
2018-01-24,1.2390,1.4198,0.8066,0.7407,109.15,0.9452,1.2357
2018-01-25,1.2488,1.4264,0.8089,0.7371,108.70,0.9357,1.2315
2018-01-26,1.2422,1.4179,0.8105,0.7348,108.38,0.9342,1.2320
2018-01-29,1.2352,1.4042,0.8089,0.7308,109.12,0.9380,1.2339
2018-01-30,1.2390,1.4124,0.8076,0.7334,108.90,0.9355,1.2340
2018-01-31,1.2428,1.4190,0.8069,0.7372,109.31,0.9321,1.2293
2018-02-01,1.2482,1.4247,0.8028,0.7398,109.50,0.9288,1.2280
2018-02-02,1.2446,1.4126,0.7929,0.7304,110.40,0.9320,1.2393
2018-02-05,1.2418,1.4022,0.7926,0.7292,110.09,0.9366,1.2483
2018-02-06,1.2381,1.3951,0.7877,0.7306,109.18,0.9368,1.2537
2018-02-07,1.2281,1.3881,0.7842,0.7281,109.53,0.9438,1.2545
2018-02-08,1.2238,1.3915,0.7789,0.7206,109.00,0.9386,1.2603
2018-02-09,1.2226,1.3794,0.7809,0.7252,108.44,0.9393,1.2599
2018-02-12,1.2267,1.3820,0.7836,0.7239,108.72,0.9392,1.2612
2018-02-13,1.2363,1.3892,0.7857,0.7285,107.59,0.9335,1.2600
2018-02-14,1.2396,1.3955,0.7873,0.7334,107.00,0.9319,1.2564
2018-02-15,1.2482,1.4061,0.7912,0.7382,106.36,0.9232,1.2517
2018-02-16,1.2442,1.4055,0.7925,0.7398,106.10,0.9258,1.2532
2018-02-19,,,,,,,
2018-02-20,1.2348,1.4021,0.7903,0.7356,107.23,0.9354,1.2624
2018-02-21,1.2314,1.3946,0.7833,0.7339,107.64,0.9375,1.2678
2018-02-22,1.2326,1.3939,0.7850,0.7349,106.96,0.9345,1.2705
2018-02-23,1.2298,1.3979,0.7827,0.7291,106.64,0.9356,1.2659
2018-02-26,1.2296,1.3952,0.7843,0.7309,106.96,0.9388,1.2691
2018-02-27,1.2239,1.3906,0.7804,0.7243,107.47,0.9398,1.2748
2018-02-28,1.2211,1.3794,0.7801,0.7227,106.62,0.9430,1.2806
2018-03-01,1.2216,1.3755,0.7762,0.7250,106.91,0.9461,1.2840
2018-03-02,1.2314,1.3769,0.7754,0.7234,105.65,0.9378,1.2882
2018-03-05,1.2330,1.3856,0.7759,0.7232,105.97,0.9397,1.2982
2018-03-06,1.2415,1.3886,0.7822,0.7304,106.03,0.9385,1.2892
2018-03-07,1.2397,1.3888,0.7796,0.7265,105.94,0.9426,1.2993
2018-03-08,1.2314,1.3824,0.7787,0.7260,106.08,0.9499,1.2936
2018-03-09,1.2326,1.3863,0.7849,0.7295,106.74,0.9493,1.2822
2018-03-12,1.2318,1.3898,0.7864,0.7293,106.52,0.9489,1.2835
2018-03-13,1.2398,1.3987,0.7881,0.7344,106.64,0.9437,1.2925
2018-03-14,1.2362,1.3946,0.7877,0.7329,106.17,0.9461,1.2946
2018-03-15,1.2321,1.3951,0.7816,0.7289,106.07,0.9502,1.3053
2018-03-16,1.2280,1.3919,0.7733,0.7217,106.10,0.9532,1.3096
2018-03-19,1.2329,1.4032,0.7705,0.7228,105.83,0.9509,1.3089
2018-03-20,1.2271,1.4013,0.7691,0.7195,106.42,0.9549,1.3083
2018-03-21,1.2268,1.4064,0.7708,0.7180,106.30,0.9540,1.2957
2018-03-22,1.2310,1.4098,0.7696,0.7220,105.34,0.9491,1.2930
2018-03-23,1.2360,1.4151,0.7721,0.7254,104.83,0.9465,1.2870
2018-03-26,1.2440,1.4236,0.7727,0.7295,105.00,0.9442,1.2866
2018-03-27,1.2410,1.4161,0.7717,0.7288,105.72,0.9474,1.2841
2018-03-28,1.2351,1.4110,0.7681,0.7243,106.30,0.9538,1.2886
2018-03-29,1.2297,1.4029,0.7672,0.7220,106.27,0.9560,1.2901
2018-03-30,1.2320,1.4027,0.7690,0.7239,106.20,0.9532,1.2891
2018-04-02,1.2288,1.4032,0.7658,0.7218,105.99,0.9558,1.2918
2018-04-03,1.2261,1.4068,0.7674,0.7260,106.45,0.9590,1.2800
2018-04-04,1.2292,1.4076,0.7701,0.7297,106.56,0.9595,1.2801
2018-04-05,1.2230,1.3991,0.7688,0.7272,107.48,0.9633,1.2777
2018-04-06,1.2274,1.4088,0.7684,0.7273,107.03,0.9602,1.2763
2018-04-09,1.2320,1.4136,0.7708,0.7320,107.06,0.9574,1.2700
2018-04-10,1.2338,1.4161,0.7762,0.7364,107.30,0.9574,1.2609
2018-04-11,1.2384,1.4194,0.7765,0.7369,106.78,0.9578,1.2581
2018-04-12,1.2320,1.4244,0.7757,0.7375,107.30,0.9625,1.2583
2018-04-13,1.2322,1.4255,0.7768,0.7351,107.52,0.9631,1.2604
2018-04-16,1.2373,1.4332,0.7777,0.7361,107.26,0.9596,1.2580
2018-04-17,1.2345,1.4301,0.7768,0.7339,107.09,0.9666,1.2548
2018-04-18,1.2380,1.4227,0.7784,0.7328,107.26,0.9670,1.2636
2018-04-19,1.2336,1.4193,0.7751,0.7280,107.42,0.9714,1.2638
2018-04-20,1.2282,1.4033,0.7671,0.7211,107.60,0.9744,1.2740
2018-04-23,1.2216,1.3953,0.7614,0.7155,108.62,0.9776,1.2845
2018-04-24,1.2226,1.3975,0.7598,0.7112,109.03,0.9804,1.2823
2018-04-25,1.2178,1.3941,0.7559,0.7063,109.33,0.9828,1.2871
2018-04-26,1.2113,1.3927,0.7560,0.7066,109.30,0.9880,1.2867
2018-04-27,1.2108,1.3785,0.7566,0.7070,109.12,0.9884,1.2862
2018-04-30,1.2074,1.3751,0.7543,0.7043,109.28,0.9911,1.2818
2018-05-01,1.2000,1.3611,0.7488,0.7007,109.69,0.9954,1.2873
2018-05-02,1.1968,1.3610,0.7501,0.7004,109.89,0.9975,1.2848
2018-05-03,1.1970,1.3569,0.7513,0.7028,109.06,0.9978,1.2878
2018-05-04,1.1946,1.3535,0.7534,0.7017,109.16,1.0005,1.2848
2018-05-07,1.1927,1.3567,0.7526,0.7027,109.14,1.0023,1.2850
2018-05-08,1.1863,1.3521,0.7445,0.6964,109.16,1.0016,1.2967
2018-05-09,1.1852,1.3567,0.7456,0.6986,109.68,1.0042,1.2852
2018-05-10,1.1896,1.3487,0.7515,0.6946,109.53,1.0036,1.2787
2018-05-11,1.1951,1.3549,0.7544,0.6970,109.26,0.9996,1.2781
2018-05-14,1.1976,1.3595,0.7554,0.6936,109.52,0.9976,1.2761
2018-05-15,1.1864,1.3512,0.7477,0.6877,110.25,0.9998,1.2868
2018-05-16,1.1788,1.3478,0.7504,0.6895,110.22,1.0004,1.2828
2018-05-17,1.1798,1.3507,0.7508,0.6877,110.76,1.0014,1.2815
2018-05-18,1.1775,1.3476,0.7511,0.6912,110.71,0.9970,1.2892
2018-05-21,1.1768,1.3418,0.7565,0.6930,111.08,0.9978,1.2835
2018-05-22,1.1783,1.3445,0.7595,0.6941,110.94,0.9924,1.2775
2018-05-23,1.1693,1.3341,0.7534,0.6895,110.05,0.9952,1.2882
2018-05-24,1.1729,1.3384,0.7567,0.6918,109.30,0.9916,1.2907
2018-05-25,1.1666,1.3321,0.7558,0.6922,109.35,0.9912,1.2972
2018-05-28,,,,,,,
2018-05-29,1.1551,1.3258,0.7514,0.6915,108.62,0.9924,1.3027
2018-05-30,1.1664,1.3296,0.7574,0.6994,109.04,0.9890,1.2842
2018-05-31,1.1670,1.3289,0.7570,0.7004,108.73,0.9844,1.2970
2018-06-01,1.1679,1.3358,0.7566,0.6987,109.49,0.9867,1.2948
2018-06-04,1.1696,1.3314,0.7648,0.7032,109.66,0.9884,1.2922
2018-06-05,1.1672,1.3360,0.7606,0.7015,109.63,0.9860,1.3008
2018-06-06,1.1778,1.3429,0.7677,0.7046,110.00,0.9844,1.2907
2018-06-07,1.1815,1.3427,0.7630,0.7033,109.92,0.9822,1.2988
2018-06-08,1.1773,1.3406,0.7601,0.7036,109.45,0.9860,1.2956
2018-06-11,1.1802,1.3386,0.7616,0.7040,109.94,0.9848,1.2980
2018-06-12,1.1792,1.3416,0.7607,0.7032,110.22,0.9841,1.2987
2018-06-13,1.1784,1.3378,0.7604,0.7047,110.41,0.9844,1.2963
2018-06-14,1.1634,1.3333,0.7514,0.6997,110.44,0.9942,1.3070
2018-06-15,1.1616,1.3283,0.7455,0.6943,110.58,0.9962,1.3167
2018-06-18,1.1606,1.3247,0.7419,0.6931,110.44,0.9952,1.3229
2018-06-19,1.1577,1.3172,0.7386,0.6907,110.02,0.9951,1.3263
2018-06-20,1.1592,1.3213,0.7387,0.6880,110.14,0.9956,1.3291
2018-06-21,1.1600,1.3251,0.7374,0.6873,110.05,0.9921,1.3319
2018-06-22,1.1630,1.3258,0.7424,0.6895,109.98,0.9902,1.3318
2018-06-25,1.1694,1.3273,0.7406,0.6894,109.62,0.9874,1.3313
2018-06-26,1.1675,1.3243,0.7402,0.6865,109.92,0.9901,1.3293
2018-06-27,1.1588,1.3139,0.7373,0.6802,110.34,0.9962,1.3300
2018-06-28,1.1582,1.3095,0.7355,0.6759,110.38,0.9979,1.3253
2018-06-29,1.1677,1.3197,0.7399,0.6773,110.71,0.9922,1.3140
2018-07-02,1.1604,1.3133,0.7322,0.6702,110.73,0.9946,1.3213
2018-07-03,1.1653,1.3174,0.7385,0.6751,110.54,0.9922,1.3150
2018-07-04,,,,,,,
2018-07-05,1.1697,1.3228,0.7388,0.6790,110.59,0.9924,1.3121
2018-07-06,1.1738,1.3262,0.7421,0.6829,110.48,0.9901,1.3090
2018-07-09,1.1744,1.3202,0.7466,0.6838,110.78,0.9920,1.3111
2018-07-10,1.1728,1.3266,0.7464,0.6836,111.24,0.9926,1.3120
2018-07-11,1.1722,1.3241,0.7400,0.6786,111.52,0.9932,1.3127
2018-07-12,1.1692,1.3238,0.7418,0.6783,112.41,1.0009,1.3158
2018-07-13,1.1667,1.3216,0.7410,0.6760,112.38,1.0028,1.3168
2018-07-16,1.1710,1.3236,0.7416,0.6771,112.29,0.9974,1.3131
2018-07-17,1.1664,1.3161,0.7392,0.6790,112.79,0.9992,1.3198
2018-07-18,1.1645,1.3050,0.7392,0.6790,112.82,0.9994,1.3203
2018-07-19,1.1604,1.2987,0.7332,0.6718,112.98,1.0016,1.3271
2018-07-20,1.1708,1.3114,0.7410,0.6802,111.74,0.9944,1.3155
2018-07-23,1.1702,1.3105,0.7383,0.6786,111.36,0.9927,1.3150
2018-07-24,1.1684,1.3135,0.7416,0.6801,111.27,0.9944,1.3165
2018-07-25,1.1677,1.3150,0.7412,0.6806,111.02,0.9942,1.3104
2018-07-26,1.1654,1.3119,0.7384,0.6791,111.20,0.9938,1.3080
2018-07-27,1.1660,1.3118,0.7410,0.6799,110.94,0.9940,1.3057
2018-07-30,1.1718,1.3140,0.7408,0.6829,110.98,0.9885,1.3013
2018-07-31,1.1706,1.3125,0.7438,0.6812,111.88,0.9895,1.3017
2018-08-01,1.1666,1.3120,0.7402,0.6795,111.72,0.9923,1.3006
2018-08-02,1.1612,1.3035,0.7379,0.6756,111.48,0.9943,1.3004
2018-08-03,1.1597,1.3021,0.7406,0.6757,111.12,0.9926,1.2975
2018-08-06,1.1564,1.2947,0.7393,0.6736,111.43,0.9963,1.2997
2018-08-07,1.1597,1.2957,0.7428,0.6741,111.19,0.9944,1.3017
2018-08-08,1.1598,1.2880,0.7420,0.6742,110.96,0.9943,1.3061
2018-08-09,1.1566,1.2870,0.7394,0.6624,110.90,0.9906,1.3046
2018-08-10,1.1399,1.2769,0.7298,0.6602,110.66,0.9954,1.3126
2018-08-13,1.1396,1.2757,0.7270,0.6584,110.65,0.9934,1.3138
2018-08-14,1.1351,1.2738,0.7240,0.6587,110.92,0.9930,1.3107
2018-08-15,1.1332,1.2685,0.7233,0.6558,110.62,0.9942,1.3155
2018-08-16,1.1388,1.2722,0.7276,0.6597,110.89,0.9962,1.3144
2018-08-17,1.1410,1.2735,0.7282,0.6608,110.54,0.9948,1.3080
2018-08-20,1.1438,1.2765,0.7308,0.6619,110.38,0.9943,1.3085
2018-08-21,1.1534,1.2860,0.7352,0.6675,110.48,0.9876,1.3048
2018-08-22,1.1595,1.2910,0.7352,0.6699,110.54,0.9836,1.3014
2018-08-23,1.1567,1.2830,0.7264,0.6652,111.14,0.9848,1.3057
2018-08-24,1.1625,1.2858,0.7332,0.6692,111.22,0.9824,1.3022
2018-08-27,1.1676,1.2891,0.7346,0.6694,111.09,0.9802,1.2966
2018-08-28,1.1720,1.2886,0.7352,0.6719,111.04,0.9752,1.2925
2018-08-29,1.1699,1.3006,0.7292,0.6701,111.80,0.9732,1.2941
2018-08-30,1.1646,1.2997,0.7262,0.6640,111.17,0.9709,1.2991
2018-08-31,1.1596,1.2964,0.7192,0.6614,110.98,0.9698,1.3072
2018-09-03,,,,,,,
2018-09-04,1.1566,1.2833,0.7174,0.6548,111.44,0.9753,1.3182
2018-09-05,1.1620,1.2903,0.7189,0.6581,111.47,0.9716,1.3191
2018-09-06,1.1624,1.2933,0.7198,0.6596,110.87,0.9682,1.3212
2018-09-07,1.1572,1.2934,0.7135,0.6549,111.18,0.9684,1.3170
2018-09-10,1.1604,1.3026,0.7118,0.6537,111.09,0.9740,1.3159
2018-09-11,1.1591,1.3015,0.7107,0.6512,111.54,0.9737,1.3131
2018-09-12,1.1626,1.3029,0.7161,0.6554,111.29,0.9704,1.3005
2018-09-13,1.1672,1.3104,0.7192,0.6563,111.92,0.9680,1.3005
2018-09-14,1.1656,1.3084,0.7178,0.6563,112.09,0.9665,1.3029
2018-09-17,1.1687,1.3146,0.7186,0.6585,111.97,0.9620,1.3017
2018-09-18,1.1693,1.3158,0.7220,0.6590,112.30,0.9620,1.2977
2018-09-19,1.1685,1.3162,0.7273,0.6620,112.21,0.9670,1.2939
2018-09-20,1.1744,1.3237,0.7276,0.6674,112.58,0.9624,1.2918
2018-09-21,1.1739,1.3067,0.7278,0.6679,112.62,0.9593,1.2912
2018-09-24,1.1773,1.3128,0.7263,0.6652,112.62,0.9620,1.2934
2018-09-25,1.1770,1.3162,0.7251,0.6651,112.88,0.9646,1.2944
2018-09-26,1.1758,1.3182,0.7260,0.6657,112.92,0.9681,1.2963
2018-09-27,1.1670,1.3104,0.7218,0.6624,113.38,0.9776,1.3036
2018-09-28,1.1622,1.3053,0.7238,0.6635,113.48,0.9758,1.2922
2018-10-01,1.1567,1.3032,0.7223,0.6613,113.96,0.9840,1.2799
2018-10-02,1.1560,1.2984,0.7199,0.6606,113.66,0.9844,1.2815
2018-10-03,1.1525,1.2993,0.7138,0.6541,114.19,0.9894,1.2826
2018-10-04,1.1508,1.3014,0.7078,0.6489,113.79,0.9925,1.2903
2018-10-05,1.1502,1.3101,0.7048,0.6439,113.56,0.9922,1.2948
2018-10-08,,,,,,,
2018-10-09,1.1482,1.3139,0.7092,0.6460,113.13,0.9928,1.2959
2018-10-10,1.1541,1.3206,0.7100,0.6477,112.71,0.9908,1.2985
2018-10-11,1.1565,1.3193,0.7112,0.6517,112.26,0.9920,1.3037
2018-10-12,1.1559,1.3154,0.7116,0.6511,112.02,0.9916,1.3023
2018-10-15,1.1594,1.3168,0.7142,0.6552,111.82,0.9868,1.2966
2018-10-16,1.1593,1.3210,0.7140,0.6593,112.16,0.9894,1.2935
2018-10-17,1.1540,1.3137,0.7130,0.6577,112.21,0.9926,1.2985
2018-10-18,1.1494,1.3061,0.7118,0.6558,112.11,0.9940,1.3059
2018-10-19,1.1513,1.3045,0.7132,0.6595,112.52,0.9968,1.3101
2018-10-22,1.1467,1.2974,0.7086,0.6550,112.78,0.9963,1.3104
2018-10-23,1.1480,1.2982,0.7074,0.6553,112.12,0.9943,1.3101
2018-10-24,1.1389,1.2898,0.7072,0.6525,112.58,0.9982,1.2994
2018-10-25,1.1374,1.2827,0.7084,0.6523,112.54,1.0009,1.3066
2018-10-26,1.1388,1.2826,0.7088,0.6520,111.65,0.9980,1.3100
2018-10-29,1.1390,1.2807,0.7074,0.6531,112.49,1.0006,1.3129
2018-10-30,1.1364,1.2731,0.7112,0.6562,112.76,1.0046,1.3133
2018-10-31,1.1332,1.2779,0.7090,0.6530,112.86,1.0057,1.3129
2018-11-01,1.1396,1.2974,0.7189,0.6642,112.79,1.0033,1.3108
2018-11-02,1.1378,1.2965,0.7199,0.6655,113.09,1.0036,1.3108
2018-11-05,1.1394,1.3020,0.7198,0.6660,113.22,1.0055,1.3098
2018-11-06,1.1412,1.3076,0.7221,0.6672,113.38,1.0042,1.3132
2018-11-07,1.1459,1.3144,0.7282,0.6790,113.32,0.9998,1.3108
2018-11-08,1.1416,1.3116,0.7286,0.6780,113.87,1.0033,1.3115
2018-11-09,1.1325,1.2978,0.7226,0.6735,113.77,1.0062,1.3230
2018-11-12,,,,,,,
2018-11-13,1.1288,1.3031,0.7220,0.6766,113.97,1.0083,1.3223
2018-11-14,1.1312,1.3011,0.7219,0.6794,113.70,1.0067,1.3237
2018-11-15,1.1324,1.2749,0.7269,0.6823,113.46,1.0058,1.3193
2018-11-16,1.1402,1.2839,0.7312,0.6861,112.76,1.0012,1.3174
2018-11-19,1.1448,1.2842,0.7291,0.6835,112.54,0.9938,1.3187
2018-11-20,1.1391,1.2809,0.7246,0.6821,112.66,0.9944,1.3245
2018-11-21,1.1393,1.2776,0.7267,0.6839,113.06,0.9952,1.3274
2018-11-22,,,,,,,
2018-11-23,1.1332,1.2804,0.7225,0.6774,112.83,0.9976,1.3226
2018-11-26,1.1336,1.2809,0.7230,0.6785,113.58,0.9984,1.3237
2018-11-27,1.1281,1.2729,0.7206,0.6777,113.84,0.9998,1.3313
2018-11-28,1.1286,1.2766,0.7233,0.6797,113.96,0.9994,1.3328
2018-11-29,1.1382,1.2789,0.7314,0.6857,113.42,0.9966,1.3278
2018-11-30,1.1323,1.2772,0.7311,0.6880,113.54,0.9987,1.3282
2018-12-03,1.1356,1.2742,0.7360,0.6933,113.54,0.9975,1.3190
2018-12-04,1.1345,1.2719,0.7353,0.6938,112.93,0.9975,1.3202
2018-12-05,,,,,,,
2018-12-06,1.1374,1.2777,0.7216,0.6875,112.46,0.9926,1.3417
2018-12-07,1.1390,1.2749,0.7210,0.6859,112.60,0.9914,1.3302
2018-12-10,1.1368,1.2558,0.7190,0.6878,112.96,0.9896,1.3385
2018-12-11,1.1314,1.2524,0.7204,0.6881,113.41,0.9931,1.3408
2018-12-12,1.1362,1.2658,0.7223,0.6856,113.28,0.9920,1.3336
2018-12-13,1.1358,1.2635,0.7228,0.6860,113.66,0.9938,1.3349
2018-12-14,1.1300,1.2570,0.7176,0.6806,113.35,0.9970,1.3387
2018-12-17,1.1339,1.2606,0.7182,0.6803,112.96,0.9934,1.3390
2018-12-18,1.1364,1.2644,0.7172,0.6851,112.54,0.9930,1.3466
2018-12-19,1.1422,1.2669,0.7172,0.6852,112.15,0.9918,1.3434
2018-12-20,1.1432,1.2650,0.7104,0.6767,111.34,0.9918,1.3515
2018-12-21,1.1402,1.2681,0.7072,0.6726,111.14,0.9914,1.3570
2018-12-24,,,,,,,
2018-12-25,,,,,,,
2018-12-26,1.1408,1.2676,0.7070,0.6745,110.45,0.9908,1.3576
2018-12-27,1.1412,1.2627,0.7020,0.6698,110.78,0.9902,1.3650
2018-12-28,1.1445,1.2699,0.7044,0.6704,110.34,0.9838,1.3629
2018-12-31,1.1456,1.2763,0.7046,0.6711,109.70,0.9832,1.3644
2019-01-01,,,,,,,
2019-01-02,1.1357,1.2598,0.7000,0.6668,109.22,0.9884,1.3591
2019-01-03,1.1399,1.2633,0.7014,0.6687,108.07,0.9889,1.3484
2019-01-04,1.1410,1.2740,0.7108,0.6743,108.29,0.9859,1.3399
2019-01-07,1.1468,1.2757,0.7143,0.6762,108.62,0.9810,1.3297
2019-01-08,1.1444,1.2724,0.7134,0.6723,108.57,0.9810,1.3307
2019-01-09,1.1524,1.2764,0.7172,0.6794,108.38,0.9767,1.3212
2019-01-10,1.1517,1.2768,0.7190,0.6790,108.29,0.9817,1.3232
2019-01-11,1.1479,1.2836,0.7204,0.6826,108.34,0.9829,1.3256
2019-01-14,,,,,,,
2019-01-15,1.1392,1.2761,0.7192,0.6812,108.72,0.9885,1.3272
2019-01-16,1.1408,1.2862,0.7184,0.6787,108.84,0.9899,1.3243
2019-01-17,1.1386,1.2940,0.7171,0.6747,109.01,0.9944,1.3296
2019-01-18,1.1362,1.2898,0.7172,0.6751,109.79,0.9954,1.3262
2019-01-21,,,,,,,
2019-01-22,1.1359,1.2955,0.7133,0.6729,109.34,0.9972,1.3333
2019-01-23,1.1390,1.3074,0.7133,0.6789,109.44,0.9946,1.3362
2019-01-24,1.1322,1.3027,0.7096,0.6768,109.72,0.9965,1.3342
2019-01-25,1.1407,1.3176,0.7172,0.6839,109.60,0.9930,1.3259
2019-01-28,1.1438,1.3158,0.7166,0.6834,109.20,0.9910,1.3269
2019-01-29,1.1424,1.3146,0.7149,0.6830,109.36,0.9950,1.3264
2019-01-30,1.1418,1.3062,0.7196,0.6837,109.57,0.9988,1.3189
2019-01-31,1.1454,1.3135,0.7282,0.6923,108.84,0.9938,1.3140
2019-02-01,1.1474,1.3094,0.7260,0.6907,109.55,0.9940,1.3095
2019-02-04,1.1438,1.3068,0.7218,0.6882,109.96,0.9974,1.3127
2019-02-05,1.1406,1.2947,0.7234,0.6891,109.99,1.0005,1.3132
2019-02-06,1.1380,1.2956,0.7128,0.6843,109.75,1.0009,1.3192
2019-02-07,1.1357,1.2966,0.7093,0.6757,109.70,1.0010,1.3296
2019-02-08,1.1326,1.2933,0.7090,0.6755,109.76,1.0000,1.3277
2019-02-11,1.1277,1.2862,0.7065,0.6732,110.40,1.0040,1.3296
2019-02-12,1.1316,1.2887,0.7094,0.6740,110.50,1.0068,1.3244
2019-02-13,1.1288,1.2865,0.7113,0.6817,110.86,1.0073,1.3222
2019-02-14,1.1284,1.2793,0.7091,0.6829,110.68,1.0064,1.3307
2019-02-15,1.1268,1.2857,0.7122,0.6856,110.54,1.0063,1.3272
2019-02-18,,,,,,,
2019-02-19,1.1328,1.3036,0.7146,0.6854,110.68,1.0018,1.3248
2019-02-20,,,,,,,
2019-02-21,1.1338,1.3060,0.7080,0.6805,110.72,1.0010,1.3192
2019-02-22,1.1342,1.3067,0.7138,0.6841,110.70,0.9998,1.3188
2019-02-25,1.1345,1.3059,0.7169,0.6885,111.07,1.0006,1.3183
2019-02-26,1.1374,1.3252,0.7182,0.6891,110.76,1.0002,1.3175
2019-02-27,1.1370,1.3318,0.7134,0.6841,110.92,1.0003,1.3145
2019-02-28,1.1379,1.3274,0.7099,0.6808,111.38,0.9974,1.3166
2019-03-01,1.1376,1.3222,0.7080,0.6806,111.89,0.9987,1.3277
2019-03-04,1.1328,1.3186,0.7084,0.6806,111.68,0.9994,1.3329
2019-03-05,1.1300,1.3141,0.7073,0.6787,111.98,1.0045,1.3352
2019-03-06,1.1320,1.3148,0.7023,0.6775,111.66,1.0038,1.3445
2019-03-07,1.1214,1.3107,0.7032,0.6771,111.60,1.0106,1.3420
2019-03-08,1.1243,1.3010,0.7048,0.6807,111.11,1.0074,1.3426
2019-03-11,1.1226,1.3095,0.7056,0.6828,111.21,1.0110,1.3418
2019-03-12,1.1276,1.3101,0.7082,0.6865,111.38,1.0078,1.3380
2019-03-13,1.1310,1.3230,0.7087,0.6858,111.23,1.0046,1.3318
2019-03-14,1.1304,1.3281,0.7061,0.6822,111.71,1.0044,1.3316
2019-03-15,1.1326,1.3278,0.7089,0.6850,111.57,1.0026,1.3337
2019-03-18,1.1337,1.3223,0.7100,0.6856,111.41,1.0004,1.3342
2019-03-19,1.1346,1.3263,0.7102,0.6866,111.38,1.0001,1.3294
2019-03-20,1.1352,1.3191,0.7088,0.6848,111.41,0.9974,1.3327
2019-03-21,1.1361,1.3073,0.7110,0.6875,110.86,0.9924,1.3369
2019-03-22,1.1282,1.3219,0.7091,0.6888,109.76,0.9940,1.3406
2019-03-25,1.1324,1.3203,0.7114,0.6916,110.09,0.9918,1.3418
2019-03-26,1.1280,1.3215,0.7140,0.6912,110.50,0.9940,1.3389
2019-03-27,1.1250,1.3192,0.7070,0.6791,110.38,0.9946,1.3434
2019-03-28,1.1236,1.3088,0.7079,0.6794,110.54,0.9952,1.3424
2019-03-29,1.1228,1.3032,0.7104,0.6820,110.68,0.9962,1.3360
2019-04-01,1.1210,1.3144,0.7117,0.6813,111.29,0.9988,1.3344
2019-04-02,1.1186,1.3035,0.7058,0.6743,111.32,0.9986,1.3357
2019-04-03,1.1242,1.3181,0.7124,0.6793,111.48,0.9970,1.3315
2019-04-04,1.1216,1.3072,0.7112,0.6756,111.55,1.0002,1.3357
2019-04-05,1.1217,1.3010,0.7099,0.6725,111.71,1.0003,1.3387
2019-04-08,1.1262,1.3048,0.7124,0.6742,111.47,0.9994,1.3316
2019-04-09,1.1278,1.3048,0.7129,0.6745,111.08,0.9999,1.3320
2019-04-10,1.1266,1.3100,0.7158,0.6756,110.92,1.0019,1.3322
2019-04-11,1.1262,1.3068,0.7128,0.6729,111.48,1.0027,1.3379
2019-04-12,1.1304,1.3086,0.7176,0.6769,112.00,1.0017,1.3332
2019-04-15,1.1304,1.3105,0.7178,0.6764,112.00,1.0039,1.3372
2019-04-16,1.1293,1.3049,0.7174,0.6761,111.95,1.0066,1.3350
2019-04-17,1.1297,1.3036,0.7168,0.6711,112.00,1.0099,1.3345
2019-04-18,1.1241,1.3003,0.7150,0.6679,111.94,1.0154,1.3372
2019-04-19,1.1246,1.3003,0.7150,0.6691,111.92,1.0144,1.3386
2019-04-22,1.1258,1.2983,0.7134,0.6677,111.94,1.0155,1.3352
2019-04-23,1.1213,1.2943,0.7096,0.6648,111.86,1.0218,1.3420
2019-04-24,1.1192,1.2947,0.7026,0.6606,111.81,1.0184,1.3465
2019-04-25,1.1140,1.2901,0.7010,0.6616,111.59,1.0199,1.3494
2019-04-26,1.1154,1.2930,0.7044,0.6670,111.60,1.0190,1.3459
2019-04-29,1.1166,1.2924,0.7054,0.6665,111.80,1.0201,1.3448
2019-04-30,1.1201,1.3030,0.7040,0.6670,111.40,1.0200,1.3427
2019-05-01,1.1246,1.3091,0.7038,0.6652,111.18,1.0137,1.3417
2019-05-02,1.1184,1.3032,0.7002,0.6618,111.39,1.0180,1.3468
2019-05-03,1.1186,1.3139,0.7018,0.6642,111.28,1.0178,1.3425
2019-05-06,1.1197,1.3093,0.6995,0.6606,110.86,1.0179,1.3446
2019-05-07,1.1178,1.3052,0.7004,0.6593,110.34,1.0215,1.3472
2019-05-08,1.1206,1.3014,0.7004,0.6587,110.12,1.0181,1.3458
2019-05-09,1.1228,1.3013,0.6976,0.6584,109.55,1.0133,1.3490
2019-05-10,1.1241,1.3036,0.6998,0.6600,109.56,1.0109,1.3428
2019-05-13,1.1232,1.2961,0.6948,0.6572,109.18,1.0064,1.3467
2019-05-14,1.1207,1.2921,0.6946,0.6577,109.68,1.0088,1.3466
2019-05-15,1.1208,1.2878,0.6930,0.6562,109.58,1.0090,1.3432
2019-05-16,1.1178,1.2803,0.6905,0.6550,109.89,1.0101,1.3433
2019-05-17,1.1166,1.2723,0.6874,0.6522,109.90,1.0108,1.3477
2019-05-20,1.1170,1.2718,0.6913,0.6537,109.96,1.0082,1.3432
2019-05-21,1.1158,1.2747,0.6876,0.6506,110.60,1.0104,1.3425
2019-05-22,1.1156,1.2674,0.6880,0.6497,110.28,1.0090,1.3417
2019-05-23,1.1172,1.2666,0.6896,0.6521,109.58,1.0040,1.3471
2019-05-24,1.1197,1.2700,0.6914,0.6548,109.38,1.0021,1.3454
2019-05-27,,,,,,,
2019-05-28,1.1177,1.2668,0.6930,0.6549,109.49,1.0086,1.3473
2019-05-29,1.1136,1.2631,0.6912,0.6511,109.24,1.0066,1.3533
2019-05-30,1.1140,1.2619,0.6910,0.6507,109.67,1.0074,1.3508
2019-05-31,1.1149,1.2620,0.6930,0.6525,108.66,1.0034,1.3523
2019-06-03,1.1206,1.2621,0.6955,0.6575,108.39,0.9994,1.3471
2019-06-04,1.1236,1.2675,0.6987,0.6597,108.30,0.9940,1.3417
2019-06-05,1.1242,1.2706,0.6974,0.6624,108.20,0.9919,1.3409
2019-06-06,1.1294,1.2713,0.6984,0.6639,108.08,0.9886,1.3374
2019-06-07,1.1324,1.2740,0.7002,0.6664,108.15,0.9877,1.3287
2019-06-10,1.1311,1.2684,0.6964,0.6615,108.56,0.9898,1.3259
2019-06-11,1.1316,1.2724,0.6956,0.6581,108.52,0.9925,1.3291
2019-06-12,1.1310,1.2693,0.6942,0.6580,108.42,0.9944,1.3298
2019-06-13,1.1275,1.2678,0.6910,0.6565,108.44,0.9946,1.3330
2019-06-14,1.1217,1.2601,0.6872,0.6502,108.44,0.9990,1.3382
2019-06-17,1.1235,1.2568,0.6860,0.6504,108.56,0.9982,1.3398
2019-06-18,1.1196,1.2547,0.6872,0.6528,108.39,0.9994,1.3396
2019-06-19,1.1214,1.2625,0.6870,0.6525,108.36,0.9960,1.3362
2019-06-20,1.1284,1.2700,0.6917,0.6584,107.52,0.9821,1.3208
2019-06-21,1.1328,1.2703,0.6920,0.6572,107.55,0.9789,1.3217
2019-06-24,1.1393,1.2728,0.6964,0.6620,107.36,0.9720,1.3196
2019-06-25,1.1386,1.2721,0.6975,0.6655,106.92,0.9726,1.3164
2019-06-26,1.1390,1.2697,0.6990,0.6692,107.64,0.9760,1.3109
2019-06-27,1.1372,1.2674,0.6998,0.6699,107.73,0.9766,1.3115
2019-06-28,1.1374,1.2704,0.7009,0.6711,107.84,0.9758,1.3091
2019-07-01,1.1307,1.2644,0.6963,0.6675,108.42,0.9864,1.3124
2019-07-02,1.1301,1.2599,0.6992,0.6674,107.98,0.9860,1.3117
2019-07-03,1.1275,1.2568,0.7033,0.6709,107.84,0.9864,1.3070
2019-07-04,,,,,,,
2019-07-05,1.1216,1.2506,0.6968,0.6617,108.55,0.9923,1.3108
2019-07-08,1.1208,1.2503,0.6968,0.6624,108.72,0.9938,1.3088
2019-07-09,1.1210,1.2463,0.6927,0.6608,108.78,0.9928,1.3123
2019-07-10,1.1260,1.2507,0.6964,0.6652,108.44,0.9892,1.3099
2019-07-11,1.1261,1.2549,0.6982,0.6672,108.29,0.9886,1.3071
2019-07-12,1.1254,1.2553,0.7007,0.6681,108.00,0.9845,1.3042
2019-07-15,1.1260,1.2523,0.7036,0.6719,107.89,0.9847,1.3036
2019-07-16,1.1212,1.2408,0.7020,0.6704,108.35,0.9890,1.3043
2019-07-17,1.1232,1.2438,0.7021,0.6744,108.10,0.9870,1.3041
2019-07-18,1.1228,1.2494,0.7043,0.6756,107.74,0.9862,1.3090
2019-07-19,1.1220,1.2500,0.7042,0.6771,107.78,0.9823,1.3081
2019-07-22,1.1214,1.2475,0.7042,0.6775,107.91,0.9815,1.3115
2019-07-23,1.1156,1.2449,0.6999,0.6708,108.06,0.9848,1.3138
2019-07-24,1.1141,1.2498,0.6978,0.6712,108.08,0.9854,1.3134
2019-07-25,1.1156,1.2471,0.6954,0.6668,108.58,0.9899,1.3145
2019-07-26,1.1121,1.2387,0.6908,0.6632,108.69,0.9933,1.3187
2019-07-29,1.1142,1.2236,0.6908,0.6632,108.86,0.9916,1.3151
2019-07-30,1.1148,1.2148,0.6872,0.6609,108.66,0.9908,1.3169
2019-07-31,1.1130,1.2220,0.6888,0.6598,108.58,0.9902,1.3143
2019-08-01,1.1062,1.2145,0.6858,0.6564,108.28,0.9938,1.3202
2019-08-02,1.1112,1.2132,0.6806,0.6547,106.64,0.9820,1.3217
2019-08-05,1.1197,1.2165,0.6780,0.6539,106.02,0.9721,1.3196
2019-08-06,1.1196,1.2149,0.6770,0.6529,106.45,0.9782,1.3252
2019-08-07,1.1236,1.2158,0.6754,0.6461,105.62,0.9708,1.3330
2019-08-08,1.1210,1.2138,0.6812,0.6482,106.04,0.9751,1.3241
2019-08-09,1.1222,1.2085,0.6796,0.6479,105.30,0.9710,1.3226
2019-08-12,1.1212,1.2070,0.6756,0.6457,105.38,0.9696,1.3232
2019-08-13,1.1182,1.2067,0.6798,0.6457,106.60,0.9744,1.3221
2019-08-14,1.1144,1.2068,0.6742,0.6425,105.79,0.9736,1.3320
2019-08-15,1.1106,1.2112,0.6784,0.6446,106.12,0.9762,1.3322
2019-08-16,1.1091,1.2152,0.6782,0.6430,106.34,0.9800,1.3280
2019-08-19,1.1096,1.2138,0.6772,0.6420,106.50,0.9808,1.3306
2019-08-20,1.1092,1.2153,0.6777,0.6416,106.35,0.9792,1.3331
2019-08-21,1.1098,1.2142,0.6792,0.6410,106.52,0.9816,1.3275
2019-08-22,1.1089,1.2250,0.6764,0.6379,106.44,0.9834,1.3295
2019-08-23,1.1148,1.2261,0.6749,0.6395,105.30,0.9748,1.3319
2019-08-26,1.1112,1.2232,0.6782,0.6396,106.00,0.9782,1.3282
2019-08-27,1.1094,1.2288,0.6758,0.6366,105.80,0.9815,1.3274
2019-08-28,1.1084,1.2248,0.6746,0.6337,105.86,0.9807,1.3299
2019-08-29,1.1059,1.2197,0.6734,0.6318,106.50,0.9853,1.3299
2019-08-30,1.0989,1.2166,0.6730,0.6299,106.30,0.9899,1.3290
2019-09-02,,,,,,,
2019-09-03,1.0968,1.2086,0.6758,0.6326,105.88,0.9872,1.3332
2019-09-04,1.1025,1.2190,0.6796,0.6354,106.28,0.9817,1.3248
2019-09-05,1.1038,1.2337,0.6820,0.6376,106.96,0.9868,1.3238
2019-09-06,1.1042,1.2299,0.6856,0.6439,106.80,0.9866,1.3170
2019-09-09,1.1056,1.2368,0.6874,0.6434,107.14,0.9910,1.3140
2019-09-10,1.1042,1.2355,0.6868,0.6425,107.34,0.9908,1.3141
2019-09-11,1.1001,1.2329,0.6858,0.6415,107.73,0.9933,1.3199
2019-09-12,1.1074,1.2357,0.6871,0.6417,107.97,0.9891,1.3209
2019-09-13,1.1074,1.2462,0.6886,0.6384,108.12,0.9898,1.3268
2019-09-16,1.1006,1.2423,0.6865,0.6352,107.94,0.9919,1.3240
2019-09-17,1.1063,1.2493,0.6858,0.6350,108.12,0.9925,1.3249
2019-09-18,1.1061,1.2478,0.6844,0.6333,108.17,0.9950,1.3283
2019-09-19,1.1046,1.2481,0.6795,0.6301,108.00,0.9927,1.3258
2019-09-20,1.1004,1.2489,0.6770,0.6258,107.95,0.9930,1.3268
2019-09-23,1.0991,1.2428,0.6772,0.6285,107.47,0.9894,1.3271
2019-09-24,1.0999,1.2475,0.6793,0.6315,107.32,0.9872,1.3253
2019-09-25,1.0949,1.2363,0.6750,0.6275,107.78,0.9909,1.3279
2019-09-26,1.0938,1.2343,0.6754,0.6303,107.67,0.9928,1.3271
2019-09-27,1.0942,1.2312,0.6764,0.6296,108.05,0.9919,1.3250
2019-09-30,1.0905,1.2305,0.6746,0.6262,108.11,0.9978,1.3243
2019-10-01,1.0932,1.2242,0.6703,0.6246,107.70,0.9936,1.3235
2019-10-02,1.0951,1.2313,0.6698,0.6256,107.21,0.9975,1.3313
2019-10-03,1.0991,1.2390,0.6751,0.6314,106.76,0.9974,1.3323
2019-10-04,1.0974,1.2309,0.6764,0.6314,106.91,0.9958,1.3332
2019-10-07,1.0984,1.2322,0.6742,0.6292,107.06,0.9947,1.3305
2019-10-08,1.0949,1.2206,0.6727,0.6294,107.06,0.9940,1.3332
2019-10-09,1.0978,1.2215,0.6730,0.6299,107.43,0.9950,1.3327
2019-10-10,1.1018,1.2382,0.6770,0.6324,107.91,0.9954,1.3274
2019-10-11,1.1039,1.2683,0.6804,0.6345,108.52,0.9967,1.3181
2019-10-14,,,,,,,
2019-10-15,1.1036,1.2737,0.6757,0.6284,108.83,0.9982,1.3199
2019-10-16,1.1075,1.2854,0.6755,0.6276,108.71,0.9959,1.3191
2019-10-17,1.1129,1.2853,0.6826,0.6352,108.51,0.9870,1.3136
2019-10-18,1.1155,1.2904,0.6846,0.6373,108.44,0.9856,1.3134
2019-10-21,1.1145,1.2983,0.6867,0.6392,108.57,0.9865,1.3100
2019-10-22,1.1138,1.2948,0.6863,0.6409,108.56,0.9889,1.3086
2019-10-23,1.1118,1.2886,0.6847,0.6418,108.64,0.9907,1.3089
2019-10-24,1.1098,1.2810,0.6817,0.6378,108.62,0.9923,1.3078
2019-10-25,1.1081,1.2833,0.6829,0.6363,108.75,0.9945,1.3064
2019-10-28,1.1094,1.2860,0.6839,0.6345,109.02,0.9960,1.3063
2019-10-29,1.1117,1.2905,0.6862,0.6358,108.83,0.9936,1.3078
2019-10-30,1.1123,1.2872,0.6872,0.6368,108.88,0.9909,1.3179
2019-10-31,1.1155,1.2939,0.6888,0.6414,108.09,0.9868,1.3144
2019-11-01,1.1169,1.2950,0.6914,0.6445,108.16,0.9855,1.3145
2019-11-04,1.1144,1.2906,0.6898,0.6416,108.56,0.9871,1.3145
2019-11-05,1.1070,1.2870,0.6892,0.6377,109.13,0.9932,1.3176
2019-11-06,1.1076,1.2872,0.6881,0.6370,108.86,0.9920,1.3187
2019-11-07,1.1045,1.2829,0.6895,0.6351,109.42,0.9954,1.3177
2019-11-08,1.1019,1.2790,0.6854,0.6333,109.14,0.9971,1.3218
2019-11-11,,,,,,,
2019-11-12,1.1017,1.2855,0.6846,0.6336,109.09,0.9929,1.3227
2019-11-13,1.1004,1.2840,0.6831,0.6401,108.83,0.9892,1.3239
2019-11-14,1.1016,1.2879,0.6780,0.6374,108.33,0.9878,1.3251
2019-11-15,1.1046,1.2901,0.6810,0.6403,108.80,0.9903,1.3228
2019-11-18,1.1079,1.2965,0.6820,0.6408,108.61,0.9879,1.3210
2019-11-19,1.1075,1.2926,0.6826,0.6426,108.59,0.9912,1.3233
2019-11-20,1.1063,1.2918,0.6797,0.6413,108.67,0.9921,1.3317
2019-11-21,1.1067,1.2915,0.6793,0.6413,108.53,0.9920,1.3277
2019-11-22,1.1029,1.2829,0.6784,0.6406,108.67,0.9967,1.3293
2019-11-25,1.1009,1.2885,0.6770,0.6402,108.95,0.9964,1.3312
2019-11-26,1.1012,1.2850,0.6787,0.6420,109.11,0.9978,1.3285
2019-11-27,1.1002,1.2881,0.6780,0.6429,109.38,0.9996,1.3284
2019-11-28,,,,,,,
2019-11-29,1.1019,1.2939,0.6762,0.6419,109.47,1.0001,1.3291
2019-12-02,1.1075,1.2936,0.6819,0.6506,109.09,0.9920,1.3298
2019-12-03,1.1089,1.3002,0.6841,0.6516,108.53,0.9862,1.3298
2019-12-04,1.1076,1.3095,0.6851,0.6529,108.87,0.9893,1.3212
2019-12-05,1.1104,1.3165,0.6834,0.6545,108.69,0.9872,1.3177
2019-12-06,1.1052,1.3127,0.6836,0.6565,108.66,0.9909,1.3255
2019-12-09,1.1067,1.3157,0.6832,0.6555,108.59,0.9879,1.3228
2019-12-10,1.1090,1.3178,0.6814,0.6541,108.73,0.9852,1.3231
2019-12-11,1.1092,1.3176,0.6864,0.6570,108.67,0.9856,1.3202
2019-12-12,1.1115,1.3133,0.6896,0.6584,109.16,0.9860,1.3185
2019-12-13,1.1128,1.3349,0.6871,0.6591,109.28,0.9838,1.3196
2019-12-16,1.1139,1.3330,0.6887,0.6597,109.64,0.9839,1.3158
2019-12-17,1.1148,1.3116,0.6847,0.6568,109.52,0.9811,1.3155
2019-12-18,1.1113,1.3078,0.6854,0.6578,109.58,0.9819,1.3117
2019-12-19,1.1128,1.3034,0.6887,0.6607,109.23,0.9777,1.3122
2019-12-20,1.1076,1.3036,0.6902,0.6607,109.45,0.9824,1.3170
2019-12-23,1.1091,1.2917,0.6917,0.6628,109.39,0.9820,1.3167
2019-12-24,1.1084,1.2955,0.6923,0.6641,109.38,0.9807,1.3160
2019-12-25,,,,,,,
2019-12-26,1.1102,1.3007,0.6939,0.6666,109.67,0.9808,1.3124
2019-12-27,1.1174,1.3090,0.6978,0.6703,109.47,0.9741,1.3073
2019-12-30,1.1217,1.3140,0.7004,0.6736,108.85,0.9677,1.3058
2019-12-31,1.1227,1.3269,0.7030,0.6745,108.67,0.9677,1.2962
2020-01-01,,,,,,,
2020-01-02,1.1166,1.3128,0.6982,0.6692,108.43,0.9721,1.2998
2020-01-03,1.1173,1.3091,0.6963,0.6673,107.94,0.9703,1.2985
2020-01-06,1.1187,1.3163,0.6932,0.6667,108.36,0.9688,1.2964
2020-01-07,1.1138,1.3127,0.6861,0.6628,108.53,0.9716,1.3016
2020-01-08,1.1117,1.3110,0.6870,0.6642,109.03,0.9725,1.3026
2020-01-09,1.1106,1.3069,0.6856,0.6609,109.47,0.9724,1.3090
2020-01-10,1.1119,1.3060,0.6903,0.6639,109.50,0.9729,1.3051
2020-01-13,1.1138,1.2983,0.6911,0.6635,109.93,0.9705,1.3049
2020-01-14,1.1130,1.3018,0.6905,0.6613,110.05,0.9677,1.3056
2020-01-15,1.1160,1.3030,0.6911,0.6618,109.94,0.9634,1.3040
2020-01-16,1.1131,1.3076,0.6895,0.6639,110.16,0.9650,1.3042
2020-01-17,1.1093,1.3029,0.6877,0.6610,110.16,0.9683,1.3074
2020-01-20,,,,,,,
2020-01-21,1.1096,1.3047,0.6853,0.6609,109.95,0.9681,1.3068
2020-01-22,1.1085,1.3136,0.6836,0.6588,109.93,0.9696,1.3135
2020-01-23,1.1041,1.3104,0.6834,0.6587,109.39,0.9698,1.3144
2020-01-24,1.1026,1.3071,0.6824,0.6602,109.31,0.9712,1.3146
2020-01-27,1.1019,1.3054,0.6757,0.6551,108.95,0.9695,1.3176
2020-01-28,1.1008,1.2996,0.6753,0.6534,109.17,0.9738,1.3174
2020-01-29,1.1004,1.3012,0.6744,0.6523,109.15,0.9747,1.3201
2020-01-30,1.1032,1.3106,0.6715,0.6490,108.75,0.9692,1.3216
2020-01-31,1.1082,1.3195,0.6699,0.6466,108.50,0.9645,1.3220
2020-02-03,1.1062,1.3006,0.6688,0.6463,108.59,0.9655,1.3295
2020-02-04,1.1043,1.3029,0.6732,0.6480,109.41,0.9693,1.3266
2020-02-05,1.1006,1.3000,0.6748,0.6477,109.74,0.9729,1.3294
2020-02-06,1.0979,1.2935,0.6738,0.6462,109.89,0.9750,1.3292
2020-02-07,1.0950,1.2908,0.6679,0.6406,109.81,0.9777,1.3304
2020-02-10,1.0916,1.2919,0.6674,0.6385,109.77,0.9778,1.3323
2020-02-11,1.0917,1.2945,0.6712,0.6402,109.78,0.9761,1.3299
2020-02-12,1.0893,1.2978,0.6746,0.6472,110.00,0.9767,1.3243
2020-02-13,1.0848,1.3051,0.6729,0.6444,109.81,0.9788,1.3255
2020-02-14,1.0839,1.3039,0.6719,0.6437,109.77,0.9818,1.3251
2020-02-17,,,,,,,
2020-02-18,1.0815,1.3017,0.6693,0.6394,109.80,0.9814,1.3256
2020-02-19,1.0794,1.2934,0.6673,0.6380,111.17,0.9839,1.3232
2020-02-20,1.0797,1.2877,0.6618,0.6339,111.86,0.9831,1.3259
2020-02-21,1.0855,1.2966,0.6632,0.6351,111.74,0.9781,1.3217
2020-02-24,1.0857,1.2923,0.6612,0.6347,110.56,0.9776,1.3282
2020-02-25,1.0868,1.3004,0.6597,0.6326,110.23,0.9765,1.3285
2020-02-26,1.0887,1.2921,0.6556,0.6299,110.36,0.9759,1.3321
2020-02-27,1.0977,1.2876,0.6582,0.6319,110.15,0.9718,1.3356
2020-02-28,1.1001,1.2778,0.6495,0.6232,108.12,0.9671,1.3411
2020-03-02,1.1164,1.2791,0.6524,0.6253,108.02,0.9577,1.3334
2020-03-03,1.1175,1.2827,0.6617,0.6306,107.28,0.9563,1.3352
2020-03-04,1.1130,1.2836,0.6609,0.6278,107.34,0.9554,1.3425
2020-03-05,1.1202,1.2939,0.6600,0.6303,106.56,0.9487,1.3403
2020-03-06,1.1319,1.3010,0.6634,0.6356,105.31,0.9365,1.3420
2020-03-09,1.1420,1.3100,0.6654,0.6409,102.52,0.9296,1.3527
2020-03-10,1.1342,1.2933,0.6470,0.6261,103.71,0.9330,1.3775
2020-03-11,1.1280,1.2887,0.6512,0.6309,104.81,0.9381,1.3748
2020-03-12,1.1081,1.2541,0.6280,0.6095,105.67,0.9540,1.3869
2020-03-13,1.1066,1.2406,0.6161,0.6052,107.15,0.9541,1.3991
2020-03-16,1.1139,1.2278,0.6132,0.6119,105.64,0.9467,1.3974
2020-03-17,1.0971,1.2017,0.5976,0.5940,107.41,0.9647,1.4188
2020-03-18,1.0833,1.1760,0.5820,0.5778,108.45,0.9727,1.4529
2020-03-19,1.0699,1.1662,0.5859,0.5824,110.08,0.9847,1.4463
2020-03-20,1.0682,1.1743,0.5841,0.5739,111.30,0.9866,1.4363
2020-03-23,1.0760,1.1492,0.5755,0.5669,111.36,0.9824,1.4539
2020-03-24,1.0794,1.1784,0.5927,0.5794,111.44,0.9813,1.4480
2020-03-25,1.0835,1.1763,0.5957,0.5810,111.43,0.9781,1.4333
2020-03-26,1.1025,1.2140,0.6054,0.5962,109.45,0.9645,1.4045
2020-03-27,1.1059,1.2360,0.6126,0.6022,108.16,0.9558,1.4075
2020-03-30,1.1018,1.2392,0.6145,0.5991,108.06,0.9606,1.4169
2020-03-31,1.1016,1.2454,0.6139,0.5959,107.53,0.9627,1.4123
2020-04-01,1.0934,1.2394,0.6107,0.5944,107.05,0.9675,1.4222
2020-04-02,1.0862,1.2380,0.6047,0.5909,107.85,0.9727,1.4110
2020-04-03,1.0797,1.2228,0.6001,0.5856,108.53,0.9777,1.4132
2020-04-06,1.0808,1.2298,0.6096,0.5950,109.11,0.9768,1.4125
2020-04-07,1.0886,1.2343,0.6187,0.5984,108.97,0.9707,1.3971
2020-04-08,1.0864,1.2394,0.6223,0.6017,108.70,0.9710,1.4015
2020-04-09,1.0931,1.2458,0.6309,0.6066,108.38,0.9660,1.3980
2020-04-10,1.0951,1.2485,0.6349,0.6082,108.39,0.9648,1.3967
2020-04-13,1.0906,1.2518,0.6380,0.6085,107.59,0.9674,1.3953
2020-04-14,1.0971,1.2617,0.6419,0.6080,107.08,0.9606,1.3903
2020-04-15,1.0909,1.2523,0.6328,0.5997,107.42,0.9647,1.4105
2020-04-16,1.0840,1.2433,0.6301,0.5947,107.72,0.9695,1.4141
2020-04-17,1.0883,1.2503,0.6357,0.6034,107.52,0.9662,1.4026
2020-04-20,1.0874,1.2467,0.6387,0.6075,107.69,0.9670,1.4067
2020-04-21,1.0854,1.2266,0.6279,0.5954,107.69,0.9691,1.4199
2020-04-22,1.0829,1.2332,0.6320,0.5949,107.81,0.9711,1.4132
2020-04-23,1.0815,1.2369,0.6388,0.6026,107.65,0.9731,1.4028
2020-04-24,1.0798,1.2335,0.6377,0.6003,107.44,0.9750,1.4098
2020-04-27,1.0829,1.2421,0.6460,0.6054,107.22,0.9756,1.4042
2020-04-28,1.0836,1.2438,0.6499,0.6063,106.83,0.9743,1.3992
2020-04-29,1.0853,1.2429,0.6536,0.6104,106.67,0.9748,1.3936
2020-04-30,1.0934,1.2602,0.6523,0.6150,106.94,0.9669,1.3911
2020-05-01,1.0998,1.2509,0.6424,0.6053,106.76,0.9599,1.4102
2020-05-04,1.0911,1.2430,0.6412,0.6028,106.82,0.9647,1.4088
2020-05-05,1.0844,1.2449,0.6458,0.6065,106.52,0.9721,1.4025
2020-05-06,1.0806,1.2347,0.6414,0.6019,106.07,0.9745,1.4143
2020-05-07,1.0815,1.2349,0.6500,0.6086,106.36,0.9746,1.3972
2020-05-08,1.0854,1.2436,0.6543,0.6147,106.50,0.9699,1.3910
2020-05-11,1.0818,1.2330,0.6472,0.6065,107.70,0.9722,1.4024
2020-05-12,1.0864,1.2299,0.6509,0.6102,107.33,0.9680,1.4009
2020-05-13,1.0837,1.2225,0.6463,0.6009,106.92,0.9704,1.4089
2020-05-14,1.0800,1.2194,0.6422,0.5972,107.09,0.9727,1.4086
2020-05-15,1.0816,1.2129,0.6410,0.5929,107.27,0.9726,1.4090
2020-05-18,1.0904,1.2211,0.6513,0.6038,107.25,0.9699,1.3966
2020-05-19,1.0937,1.2255,0.6567,0.6104,107.89,0.9725,1.3879
2020-05-20,1.0980,1.2257,0.6601,0.6146,107.46,0.9649,1.3911
2020-05-21,1.0953,1.2227,0.6562,0.6113,107.69,0.9703,1.3946
2020-05-22,1.0894,1.2178,0.6528,0.6092,107.50,0.9722,1.4021
2020-05-25,,,,,,,
2020-05-26,1.0970,1.2337,0.6644,0.6202,107.64,0.9668,1.3821
2020-05-27,1.0969,1.2231,0.6590,0.6166,107.79,0.9696,1.3786
2020-05-28,1.1069,1.2325,0.6664,0.6223,107.67,0.9642,1.3763
2020-05-29,1.1107,1.2320,0.6642,0.6187,107.77,0.9618,1.3809
2020-06-01,1.1123,1.2472,0.6785,0.6286,107.56,0.9613,1.3603
2020-06-02,1.1166,1.2531,0.6872,0.6345,108.60,0.9623,1.3515
2020-06-03,1.1246,1.2600,0.6948,0.6436,108.88,0.9613,1.3489
2020-06-04,1.1322,1.2608,0.6944,0.6452,109.00,0.9565,1.3513
2020-06-05,1.1297,1.2703,0.6983,0.6513,109.68,0.9622,1.3420
2020-06-08,1.1293,1.2694,0.6995,0.6541,108.46,0.9567,1.3379
2020-06-09,1.1348,1.2736,0.6964,0.6526,107.66,0.9487,1.3433
2020-06-10,1.1355,1.2758,0.7004,0.6543,107.25,0.9450,1.3388
2020-06-11,1.1378,1.2635,0.6889,0.6460,106.67,0.9382,1.3559
2020-06-12,1.1253,1.2527,0.6854,0.6431,107.36,0.9515,1.3587
2020-06-15,1.1270,1.2543,0.6851,0.6436,107.33,0.9503,1.3618
2020-06-16,1.1259,1.2586,0.6886,0.6451,107.35,0.9494,1.3562
2020-06-17,1.1219,1.2526,0.6897,0.6462,107.26,0.9512,1.3570
2020-06-18,1.1216,1.2430,0.6847,0.6428,106.78,0.9510,1.3593
2020-06-19,1.1189,1.2362,0.6856,0.6422,106.89,0.9519,1.3601
2020-06-22,1.1260,1.2447,0.6904,0.6485,106.84,0.9475,1.3544
2020-06-23,1.1322,1.2531,0.6955,0.6515,106.44,0.9438,1.3509
2020-06-24,1.1272,1.2432,0.6875,0.6416,106.83,0.9471,1.3601
2020-06-25,1.1221,1.2406,0.6868,0.6425,107.21,0.9485,1.3660
2020-06-26,1.1215,1.2337,0.6861,0.6418,107.19,0.9480,1.3695
2020-06-29,1.1237,1.2279,0.6851,0.6408,107.71,0.9504,1.3686
2020-06-30,1.1237,1.2369,0.6893,0.6446,107.77,0.9467,1.3614
2020-07-01,1.1259,1.2474,0.6917,0.6474,107.50,0.9455,1.3579
2020-07-02,1.1237,1.2469,0.6921,0.6513,107.55,0.9455,1.3591
2020-07-03,,,,,,,
2020-07-06,1.1307,1.2482,0.6973,0.6543,107.50,0.9416,1.3546
2020-07-07,1.1299,1.2572,0.6972,0.6567,107.53,0.9410,1.3587
2020-07-08,1.1329,1.2593,0.6967,0.6564,107.39,0.9382,1.3539
2020-07-09,1.1298,1.2614,0.6958,0.6563,107.27,0.9397,1.3577
2020-07-10,1.1318,1.2654,0.6959,0.6581,106.77,0.9395,1.3591
2020-07-13,1.1364,1.2614,0.6983,0.6580,107.22,0.9410,1.3568
2020-07-14,1.1406,1.2546,0.6970,0.6532,107.20,0.9385,1.3606
2020-07-15,1.1406,1.2586,0.7003,0.6567,106.92,0.9439,1.3521
2020-07-16,1.1433,1.2621,0.7008,0.6567,107.05,0.9432,1.3539
2020-07-17,1.1438,1.2550,0.6994,0.6551,107.06,0.9388,1.3572
2020-07-20,1.1442,1.2658,0.7009,0.6570,107.21,0.9389,1.3531
2020-07-21,1.1495,1.2736,0.7111,0.6629,106.82,0.9340,1.3443
2020-07-22,1.1587,1.2729,0.7147,0.6668,107.18,0.9288,1.3407
2020-07-23,1.1623,1.2759,0.7136,0.6659,106.83,0.9250,1.3370
2020-07-24,1.1635,1.2791,0.7094,0.6633,105.79,0.9222,1.3425
2020-07-27,1.1750,1.2887,0.7134,0.6683,105.29,0.9204,1.3383
2020-07-28,1.1733,1.2950,0.7161,0.6663,105.03,0.9169,1.3364
2020-07-29,1.1770,1.2974,0.7168,0.6655,105.06,0.9141,1.3370
2020-07-30,1.1791,1.3035,0.7139,0.6641,105.05,0.9120,1.3440
2020-07-31,1.1822,1.3133,0.7159,0.6644,105.78,0.9113,1.3384
2020-08-03,1.1750,1.3053,0.7107,0.6600,106.11,0.9194,1.3408
2020-08-04,1.1766,1.3059,0.7150,0.6611,105.87,0.9154,1.3366
2020-08-05,1.1898,1.3141,0.7216,0.6662,105.44,0.9053,1.3254
2020-08-06,1.1856,1.3147,0.7228,0.6661,105.52,0.9101,1.3285
2020-08-07,1.1776,1.3043,0.7163,0.6607,105.92,0.9140,1.3393
2020-08-10,1.1756,1.3082,0.7162,0.6592,105.85,0.9154,1.3350
2020-08-11,1.1764,1.3077,0.7155,0.6576,106.56,0.9163,1.3296
2020-08-12,1.1796,1.3047,0.7167,0.6587,106.85,0.9109,1.3250
2020-08-13,1.1818,1.3082,0.7160,0.6557,106.89,0.9097,1.3214
2020-08-14,1.1833,1.3108,0.7168,0.6554,106.49,0.9091,1.3250
2020-08-17,1.1869,1.3105,0.7211,0.6547,105.97,0.9058,1.3202
2020-08-18,1.1928,1.3228,0.7235,0.6588,105.41,0.9029,1.3181
2020-08-19,1.1898,1.3191,0.7234,0.6607,105.71,0.9114,1.3173
2020-08-20,1.1862,1.3190,0.7178,0.6519,105.81,0.9082,1.3177
2020-08-21,1.1775,1.3098,0.7156,0.6533,105.88,0.9131,1.3201
2020-08-24,1.1803,1.3078,0.7174,0.6536,105.90,0.9109,1.3220
2020-08-25,1.1818,1.3136,0.7180,0.6530,106.40,0.9089,1.3191
2020-08-26,1.1813,1.3186,0.7222,0.6600,106.13,0.9086,1.3145
2020-08-27,1.1824,1.3229,0.7260,0.6641,106.42,0.9077,1.3111
2020-08-28,1.1901,1.3341,0.7352,0.6741,105.30,0.9041,1.3106
2020-08-31,1.1950,1.3375,0.7388,0.6753,105.84,0.9012,1.3034
2020-09-01,1.1949,1.3416,0.7375,0.6766,106.00,0.9072,1.3043
2020-09-02,1.1840,1.3315,0.7319,0.6757,106.15,0.9107,1.3061
2020-09-03,1.1832,1.3263,0.7272,0.6707,106.14,0.9104,1.3131
2020-09-04,1.1820,1.3230,0.7264,0.6702,106.34,0.9147,1.3095
2020-09-07,,,,,,,
2020-09-08,1.1789,1.3039,0.7230,0.6632,105.97,0.9166,1.3194
2020-09-09,1.1810,1.3011,0.7275,0.6678,106.23,0.9131,1.3163
2020-09-10,1.1880,1.2846,0.7287,0.6667,106.19,0.9077,1.3162
2020-09-11,1.1831,1.2788,0.7277,0.6667,106.17,0.9092,1.3183
2020-09-14,1.1874,1.2876,0.7299,0.6712,105.68,0.9071,1.3172
2020-09-15,1.1846,1.2866,0.7296,0.6714,105.50,0.9085,1.3199
2020-09-16,1.1835,1.2980,0.7336,0.6755,104.94,0.9080,1.3164
2020-09-17,1.1823,1.2955,0.7289,0.6728,104.77,0.9098,1.3204
2020-09-18,1.1857,1.2950,0.7311,0.6778,104.44,0.9096,1.3179
2020-09-21,1.1737,1.2794,0.7212,0.6663,104.69,0.9163,1.3299
2020-09-22,1.1703,1.2726,0.7173,0.6636,105.05,0.9200,1.3313
2020-09-23,1.1677,1.2750,0.7093,0.6567,105.34,0.9233,1.3373
2020-09-24,1.1666,1.2739,0.7046,0.6542,105.42,0.9264,1.3370
2020-09-25,1.1618,1.2706,0.7012,0.6541,105.59,0.9291,1.3409
2020-09-28,1.1660,1.2865,0.7067,0.6553,105.50,0.9247,1.3377
2020-09-29,1.1717,1.2847,0.7109,0.6582,105.68,0.9215,1.3411
2020-09-30,1.1723,1.2921,0.7160,0.6608,105.58,0.9188,1.3323
2020-10-01,1.1752,1.2901,0.7189,0.6649,105.53,0.9179,1.3289
2020-10-02,1.1706,1.2928,0.7147,0.6622,105.36,0.9204,1.3320
2020-10-05,1.1784,1.2972,0.7181,0.6641,105.70,0.9153,1.3269
2020-10-06,1.1778,1.2945,0.7149,0.6633,105.64,0.9153,1.3275
2020-10-07,1.1766,1.2914,0.7140,0.6593,105.97,0.9168,1.3283
2020-10-08,1.1753,1.2944,0.7158,0.6576,105.98,0.9176,1.3222
2020-10-09,1.1819,1.3003,0.7237,0.6666,105.72,0.9103,1.3120
2020-10-12,,,,,,,
2020-10-13,1.1737,1.2968,0.7165,0.6648,105.55,0.9147,1.3138
2020-10-14,1.1755,1.3023,0.7169,0.6668,105.08,0.9127,1.3147
2020-10-15,1.1701,1.2917,0.7079,0.6587,105.38,0.9143,1.3243
2020-10-16,1.1717,1.2931,0.7083,0.6608,105.41,0.9153,1.3194
2020-10-19,1.1788,1.2998,0.7090,0.6631,105.42,0.9092,1.3155
2020-10-20,1.1824,1.2951,0.7057,0.6586,105.56,0.9071,1.3120
2020-10-21,1.1870,1.3143,0.7120,0.6665,104.58,0.9042,1.3130
2020-10-22,1.1824,1.3090,0.7109,0.6675,104.88,0.9074,1.3132
2020-10-23,1.1844,1.3039,0.7118,0.6677,104.78,0.9055,1.3147
2020-10-26,1.1816,1.3021,0.7120,0.6682,104.86,0.9073,1.3214
2020-10-27,1.1834,1.3067,0.7143,0.6718,104.44,0.9066,1.3156
2020-10-28,1.1751,1.2997,0.7067,0.6660,104.33,0.9097,1.3321
2020-10-29,1.1658,1.2890,0.7006,0.6601,104.69,0.9171,1.3365
2020-10-30,1.1647,1.2933,0.7023,0.6610,104.54,0.9165,1.3332
2020-11-02,1.1634,1.2904,0.7045,0.6627,104.80,0.9200,1.3255
2020-11-03,1.1724,1.3050,0.7159,0.6705,104.50,0.9126,1.3132
2020-11-04,1.1730,1.3021,0.7192,0.6701,104.39,0.9107,1.3113
2020-11-05,1.1809,1.3116,0.7265,0.6761,103.67,0.9063,1.3045
2020-11-06,1.1886,1.3162,0.7268,0.6783,103.32,0.8986,1.3029
2020-11-09,1.1811,1.3137,0.7275,0.6807,105.58,0.9127,1.2978
2020-11-10,1.1810,1.3234,0.7273,0.6818,105.36,0.9136,1.2998
2020-11-11,,,,,,,
2020-11-12,1.1814,1.3142,0.7267,0.6875,105.16,0.9136,1.3107
2020-11-13,1.1824,1.3176,0.7256,0.6839,104.61,0.9133,1.3164
2020-11-16,1.1844,1.3197,0.7323,0.6899,104.54,0.9121,1.3072
2020-11-17,1.1862,1.3247,0.7298,0.6889,104.20,0.9109,1.3107
2020-11-18,1.1869,1.3299,0.7325,0.6938,103.72,0.9096,1.3049
2020-11-19,1.1843,1.3225,0.7265,0.6900,103.85,0.9119,1.3083
2020-11-20,1.1857,1.3294,0.7315,0.6949,103.81,0.9118,1.3075
2020-11-23,1.1826,1.3300,0.7279,0.6912,104.42,0.9131,1.3097
2020-11-24,1.1874,1.3350,0.7351,0.6973,104.61,0.9121,1.3027
2020-11-25,1.1908,1.3378,0.7360,0.7007,104.39,0.9090,1.2994
2020-11-26,,,,,,,
2020-11-27,,,,,,,
2020-11-30,1.1948,1.3338,0.7351,0.7017,104.38,0.9060,1.2982
2020-12-01,1.2039,1.3392,0.7355,0.7057,104.40,0.9005,1.2958
2020-12-02,1.2093,1.3348,0.7395,0.7058,104.52,0.8961,1.2934
2020-12-03,1.2152,1.3496,0.7444,0.7083,103.77,0.8906,1.2875
2020-12-04,1.2142,1.3485,0.7438,0.7046,104.16,0.8908,1.2797
2020-12-07,1.2138,1.3353,0.7449,0.7059,104.01,0.8892,1.2796
2020-12-08,1.2111,1.3358,0.7414,0.7046,104.14,0.8886,1.2808
2020-12-09,1.2080,1.3392,0.7451,0.7041,104.28,0.8901,1.2791
2020-12-10,1.2118,1.3293,0.7520,0.7076,104.30,0.8878,1.2727
2020-12-11,1.2112,1.3197,0.7532,0.7085,103.88,0.8902,1.2767
2020-12-14,1.2145,1.3324,0.7537,0.7080,104.06,0.8872,1.2787
2020-12-15,1.2158,1.3434,0.7555,0.7088,103.69,0.8859,1.2730
2020-12-16,1.2175,1.3503,0.7565,0.7079,103.59,0.8861,1.2755
2020-12-17,1.2258,1.3609,0.7620,0.7149,103.13,0.8841,1.2715
2020-12-18,1.2236,1.3497,0.7615,0.7124,103.35,0.8850,1.2776
2020-12-21,1.2230,1.3354,0.7575,0.7088,103.44,0.8859,1.2836
2020-12-22,1.2172,1.3349,0.7531,0.7041,103.62,0.8889,1.2918
2020-12-23,1.2194,1.3510,0.7587,0.7100,103.52,0.8882,1.2841
2020-12-24,,,,,,,
2020-12-25,,,,,,,
2020-12-28,1.2213,1.3447,0.7568,0.7093,103.84,0.8898,1.2871
2020-12-29,1.2252,1.3512,0.7623,0.7162,103.50,0.8838,1.2794
2020-12-30,1.2280,1.3605,0.7682,0.7207,103.31,0.8832,1.2764
2020-12-31,1.2230,1.3662,0.7709,0.7194,103.19,0.8841,1.2753
2021-01-01,,,,,,,
2021-01-04,1.2254,1.3551,0.7657,0.7164,103.19,0.8811,1.2781
2021-01-05,1.2295,1.3620,0.7752,0.7242,102.70,0.8784,1.2700
2021-01-06,1.2290,1.3593,0.7787,0.7281,103.25,0.8810,1.2685
2021-01-07,1.2265,1.3551,0.7755,0.7249,103.84,0.8841,1.2720
2021-01-08,1.2252,1.3583,0.7778,0.7252,103.89,0.8843,1.2698
2021-01-11,1.2169,1.3522,0.7714,0.7187,104.16,0.8897,1.2768
2021-01-12,1.2168,1.3637,0.7732,0.7187,104.09,0.8892,1.2745
2021-01-13,1.2159,1.3631,0.7740,0.7188,103.91,0.8874,1.2710
2021-01-14,1.2156,1.3690,0.7790,0.7226,103.66,0.8870,1.2633
2021-01-15,1.2099,1.3599,0.7723,0.7159,103.80,0.8894,1.2709
2021-01-18,,,,,,,
2021-01-19,1.2126,1.3627,0.7703,0.7116,103.86,0.8888,1.2721
2021-01-20,,,,,,,
2021-01-21,1.2143,1.3721,0.7754,0.7190,103.57,0.8870,1.2634
2021-01-22,1.2179,1.3685,0.7728,0.7188,103.76,0.8853,1.2711
2021-01-25,1.2138,1.3668,0.7703,0.7192,103.78,0.8882,1.2747
2021-01-26,1.2147,1.3729,0.7737,0.7230,103.69,0.8880,1.2711
2021-01-27,1.2101,1.3688,0.7680,0.7179,104.09,0.8890,1.2782
2021-01-28,1.2122,1.3727,0.7674,0.7173,104.31,0.8887,1.2812
2021-01-29,1.2135,1.3723,0.7661,0.7200,104.64,0.8905,1.2776
2021-02-01,1.2070,1.3672,0.7625,0.7164,104.97,0.8965,1.2826
2021-02-02,1.2020,1.3644,0.7586,0.7153,105.09,0.8987,1.2815
2021-02-03,1.2025,1.3652,0.7622,0.7199,105.05,0.8993,1.2765
2021-02-04,1.1974,1.3665,0.7599,0.7160,105.43,0.9031,1.2830
2021-02-05,1.2035,1.3714,0.7656,0.7193,105.44,0.8996,1.2781
2021-02-08,1.2045,1.3738,0.7702,0.7223,105.19,0.8986,1.2755
2021-02-09,1.2106,1.3796,0.7724,0.7231,104.62,0.8930,1.2713
2021-02-10,1.2132,1.3850,0.7735,0.7220,104.67,0.8891,1.2678
2021-02-11,1.2127,1.3822,0.7756,0.7232,104.75,0.8907,1.2689
2021-02-12,1.2126,1.3855,0.7762,0.7227,104.94,0.8911,1.2694
2021-02-15,,,,,,,
2021-02-16,1.2107,1.3910,0.7759,0.7210,105.88,0.8923,1.2694
2021-02-17,1.2042,1.3848,0.7740,0.7178,105.83,0.8985,1.2712
2021-02-18,1.2078,1.3956,0.7750,0.7202,105.69,0.8968,1.2706
2021-02-19,1.2136,1.4025,0.7873,0.7312,105.58,0.8948,1.2596
2021-02-22,1.2155,1.4077,0.7916,0.7333,105.06,0.8958,1.2606
2021-02-23,1.2142,1.4092,0.7902,0.7329,105.21,0.9022,1.2610
2021-02-24,1.2143,1.4106,0.7935,0.7404,105.91,0.9074,1.2537
2021-02-25,1.2229,1.4105,0.7953,0.7429,106.22,0.9033,1.2528
2021-02-26,1.2093,1.3947,0.7720,0.7249,106.64,0.9092,1.2698
2021-03-01,1.2054,1.3938,0.7776,0.7273,106.68,0.9138,1.2652
2021-03-02,1.2079,1.3962,0.7822,0.7291,106.75,0.9141,1.2612
2021-03-03,1.2073,1.3978,0.7808,0.7262,106.92,0.9180,1.2611
2021-03-04,1.2045,1.3999,0.7807,0.7266,107.58,0.9257,1.2584
2021-03-05,1.1914,1.3817,0.7665,0.7148,108.24,0.9305,1.2666
2021-03-08,1.1849,1.3810,0.7653,0.7125,108.92,0.9355,1.2672
2021-03-09,1.1885,1.3884,0.7699,0.7155,108.64,0.9292,1.2652
2021-03-10,1.1900,1.3899,0.7721,0.7178,108.58,0.9317,1.2641
2021-03-11,1.1978,1.3980,0.7773,0.7215,108.44,0.9244,1.2558
2021-03-12,1.1952,1.3925,0.7772,0.7186,108.87,0.9281,1.2471
2021-03-15,1.1917,1.3866,0.7729,0.7182,109.11,0.9283,1.2490
2021-03-16,1.1895,1.3892,0.7748,0.7191,109.01,0.9261,1.2451
2021-03-17,1.1905,1.3888,0.7709,0.7161,109.22,0.9276,1.2475
2021-03-18,1.1926,1.3938,0.7795,0.7194,108.97,0.9281,1.2434
2021-03-19,1.1909,1.3872,0.7746,0.7166,108.85,0.9301,1.2511
2021-03-22,1.1932,1.3856,0.7750,0.7179,108.67,0.9233,1.2528
2021-03-23,1.1872,1.3795,0.7682,0.7033,108.61,0.9327,1.2548
2021-03-24,1.1831,1.3723,0.7622,0.6984,108.81,0.9355,1.2551
2021-03-25,1.1777,1.3722,0.7570,0.6950,109.13,0.9393,1.2613
2021-03-26,1.1798,1.3794,0.7629,0.6997,109.55,0.9398,1.2577
2021-03-29,1.1779,1.3793,0.7643,0.7015,109.73,0.9381,1.2592
2021-03-30,1.1724,1.3729,0.7607,0.6988,110.19,0.9427,1.2626
2021-03-31,1.1743,1.3795,0.7613,0.6989,110.61,0.9418,1.2571
2021-04-01,1.1772,1.3825,0.7604,0.7013,110.61,0.9409,1.2569
2021-04-02,1.1763,1.3825,0.7607,0.7023,110.67,0.9419,1.2566
2021-04-05,1.1810,1.3907,0.7657,0.7068,110.08,0.9359,1.2512
2021-04-06,1.1852,1.3849,0.7660,0.7046,109.83,0.9325,1.2540
2021-04-07,1.1890,1.3757,0.7627,0.7024,109.67,0.9274,1.2614
2021-04-08,1.1904,1.3739,0.7640,0.7046,109.25,0.9249,1.2576
2021-04-09,1.1897,1.3734,0.7631,0.7047,109.64,0.9249,1.2540
2021-04-12,1.1907,1.3741,0.7620,0.7029,109.43,0.9228,1.2556
2021-04-13,1.1939,1.3742,0.7629,0.7039,109.19,0.9213,1.2541
2021-04-14,1.1974,1.3790,0.7731,0.7148,108.93,0.9228,1.2515
2021-04-15,1.1964,1.3781,0.7746,0.7166,108.78,0.9227,1.2539
2021-04-16,1.1980,1.3826,0.7734,0.7137,108.78,0.9196,1.2498
2021-04-19,1.2028,1.3977,0.7759,0.7175,108.09,0.9155,1.2534
2021-04-20,1.2045,1.3955,0.7742,0.7186,108.07,0.9145,1.2574
2021-04-21,1.2033,1.3936,0.7755,0.7214,108.09,0.9166,1.2484
2021-04-22,1.2012,1.3851,0.7725,0.7167,108.17,0.9182,1.2490
2021-04-23,1.2069,1.3845,0.7739,0.7179,107.94,0.9152,1.2495
2021-04-26,1.2083,1.3890,0.7802,0.7232,108.12,0.9145,1.2399
2021-04-27,1.2079,1.3908,0.7775,0.7213,108.56,0.9134,1.2396
2021-04-28,1.2098,1.3917,0.7768,0.7242,108.81,0.9124,1.2354
2021-04-29,1.2110,1.3956,0.7759,0.7231,108.94,0.9099,1.2295
2021-04-30,1.2030,1.3838,0.7716,0.7169,109.33,0.9127,1.2291
2021-05-03,1.2059,1.3913,0.7758,0.7197,109.08,0.9116,1.2275
2021-05-04,1.2014,1.3873,0.7688,0.7128,109.34,0.9136,1.2320
2021-05-05,1.2003,1.3913,0.7750,0.7211,109.27,0.9130,1.2262
2021-05-06,1.2049,1.3880,0.7768,0.7221,109.17,0.9096,1.2192
2021-05-07,1.2165,1.4000,0.7861,0.7296,108.52,0.9009,1.2137
2021-05-10,1.2170,1.4153,0.7876,0.7305,108.70,0.8986,1.2085
2021-05-11,1.2169,1.4149,0.7843,0.7275,108.53,0.9020,1.2092
2021-05-12,1.2074,1.4081,0.7734,0.7166,109.53,0.9088,1.2104
2021-05-13,1.2070,1.4033,0.7723,0.7180,109.56,0.9068,1.2147
2021-05-14,1.2141,1.4096,0.7776,0.7244,109.37,0.9021,1.2114
2021-05-17,1.2155,1.4127,0.7765,0.7212,109.17,0.9016,1.2073
2021-05-18,1.2203,1.4184,0.7782,0.7239,109.01,0.8986,1.2061
2021-05-19,1.2216,1.4169,0.7753,0.7187,108.76,0.9003,1.2089
2021-05-20,1.2225,1.4182,0.7780,0.7212,108.79,0.8985,1.2049
2021-05-21,1.2178,1.4158,0.7731,0.7165,108.94,0.8987,1.2072
2021-05-24,1.2210,1.4147,0.7741,0.7205,108.81,0.8973,1.2082
2021-05-25,1.2233,1.4123,0.7741,0.7216,108.95,0.8971,1.2069
2021-05-26,1.2204,1.4129,0.7743,0.7292,109.10,0.8973,1.2111
2021-05-27,1.2194,1.4172,0.7736,0.7291,109.81,0.8977,1.2075
2021-05-28,1.2194,1.4188,0.7706,0.7252,109.83,0.8995,1.2087
2021-05-31,,,,,,,
2021-06-01,1.2241,1.4168,0.7765,0.7257,109.43,0.8954,1.2031
2021-06-02,1.2213,1.4177,0.7752,0.7245,109.59,0.8980,1.2047
2021-06-03,1.2122,1.4099,0.7652,0.7144,110.28,0.9051,1.2116
2021-06-04,1.2173,1.4175,0.7742,0.7204,109.42,0.8990,1.2088
2021-06-07,1.2200,1.4179,0.7765,0.7242,109.25,0.8969,1.2062
2021-06-08,1.2180,1.4146,0.7741,0.7196,109.47,0.8963,1.2101
2021-06-09,1.2184,1.4124,0.7731,0.7175,109.61,0.8958,1.2102
2021-06-10,1.2173,1.4165,0.7752,0.7199,109.49,0.8951,1.2095
2021-06-11,1.2101,1.4114,0.7696,0.7125,109.75,0.8993,1.2162
2021-06-14,1.2126,1.4116,0.7718,0.7146,109.98,0.8991,1.2131
2021-06-15,1.2120,1.4073,0.7676,0.7110,110.12,0.8985,1.2202
2021-06-16,1.2119,1.4110,0.7712,0.7145,109.88,0.8986,1.2165
2021-06-17,1.1911,1.3916,0.7555,0.7004,110.28,0.9173,1.2353
2021-06-18,1.1872,1.3817,0.7499,0.6939,110.21,0.9215,1.2437
2021-06-21,1.1909,1.3915,0.7528,0.6988,110.22,0.9184,1.2370
2021-06-22,1.1910,1.3921,0.7528,0.7002,110.75,0.9200,1.2364
2021-06-23,1.1950,1.3977,0.7589,0.7059,110.86,0.9169,1.2286
2021-06-24,1.1927,1.3907,0.7573,0.7050,110.91,0.9188,1.2337
2021-06-25,1.1940,1.3899,0.7595,0.7075,110.78,0.9175,1.2293
2021-06-28,1.1938,1.3895,0.7574,0.7054,110.50,0.9184,1.2325
2021-06-29,1.1905,1.3845,0.7517,0.6995,110.53,0.9201,1.2378
2021-06-30,1.1848,1.3806,0.7496,0.6978,111.05,0.9253,1.2404
2021-07-01,1.1857,1.3780,0.7472,0.6980,111.56,0.9253,1.2405
2021-07-02,1.1848,1.3795,0.7499,0.7007,111.28,0.9224,1.2346
2021-07-05,,,,,,,
2021-07-06,1.1816,1.3792,0.7496,0.7009,110.66,0.9245,1.2466
2021-07-07,1.1803,1.3792,0.7485,0.7013,110.62,0.9252,1.2506
2021-07-08,1.1840,1.3767,0.7437,0.6952,109.82,0.9153,1.2533
2021-07-09,1.1861,1.3842,0.7480,0.6984,110.18,0.9151,1.2476
2021-07-12,1.1858,1.3886,0.7490,0.6986,110.36,0.9154,1.2455
2021-07-13,1.1813,1.3847,0.7471,0.6972,110.36,0.9164,1.2511
2021-07-14,1.1826,1.3854,0.7469,0.7026,110.03,0.9154,1.2521
2021-07-15,1.1806,1.3849,0.7436,0.6994,110.05,0.9186,1.2575
2021-07-16,1.1810,1.3785,0.7409,0.7011,110.13,0.9192,1.2586
2021-07-19,1.1804,1.3690,0.7343,0.6944,109.45,0.9179,1.2752
2021-07-20,1.1776,1.3615,0.7325,0.6914,109.92,0.9218,1.2724
2021-07-21,1.1799,1.3695,0.7357,0.6970,110.22,0.9179,1.2538
2021-07-22,1.1771,1.3750,0.7365,0.6957,110.10,0.9195,1.2578
2021-07-23,1.1761,1.3749,0.7364,0.6975,110.52,0.9211,1.2580
2021-07-26,1.1810,1.3829,0.7386,0.7004,110.31,0.9157,1.2540
2021-07-27,1.1831,1.3884,0.7368,0.6964,109.64,0.9135,1.2579
2021-07-28,1.1809,1.3884,0.7349,0.6933,110.06,0.9134,1.2563
2021-07-29,1.1886,1.3966,0.7400,0.7015,109.53,0.9062,1.2439
2021-07-30,1.1864,1.3913,0.7351,0.6982,109.70,0.9061,1.2466
2021-08-02,1.1873,1.3886,0.7364,0.6973,109.22,0.9051,1.2501
2021-08-03,1.1859,1.3905,0.7385,0.7006,109.09,0.9047,1.2550
2021-08-04,1.1841,1.3912,0.7378,0.7047,109.44,0.9061,1.2551
2021-08-05,1.1838,1.3929,0.7409,0.7063,109.75,0.9070,1.2487
2021-08-06,1.1761,1.3873,0.7357,0.7013,110.22,0.9142,1.2563
2021-08-09,1.1749,1.3852,0.7340,0.7001,110.25,0.9191,1.2571
2021-08-10,1.1722,1.3840,0.7346,0.7005,110.54,0.9226,1.2531
2021-08-11,1.1737,1.3866,0.7374,0.7047,110.47,0.9215,1.2513
2021-08-12,1.1736,1.3833,0.7345,0.7008,110.36,0.9230,1.2518
2021-08-13,1.1796,1.3857,0.7377,0.7045,109.75,0.9162,1.2512
2021-08-16,1.1776,1.3849,0.7339,0.7025,109.26,0.9123,1.2570
2021-08-17,1.1714,1.3739,0.7254,0.6912,109.59,0.9144,1.2622
2021-08-18,1.1702,1.3749,0.7236,0.6890,109.92,0.9179,1.2638
2021-08-19,1.1693,1.3673,0.7170,0.6853,109.75,0.9173,1.2790
2021-08-20,1.1690,1.3625,0.7133,0.6830,109.77,0.9176,1.2853
2021-08-23,1.1732,1.3717,0.7208,0.6894,109.78,0.9137,1.2666
2021-08-24,1.1746,1.3716,0.7254,0.6946,109.68,0.9130,1.2615
2021-08-25,1.1758,1.3723,0.7266,0.6964,110.03,0.9137,1.2624
2021-08-26,1.1761,1.3712,0.7248,0.6957,110.09,0.9174,1.2654
2021-08-27,1.1794,1.3769,0.7309,0.7012,109.84,0.9122,1.2613
2021-08-30,1.1795,1.3758,0.7295,0.7002,109.91,0.9172,1.2606
2021-08-31,1.1800,1.3747,0.7307,0.7042,110.05,0.9161,1.2629
2021-09-01,1.1850,1.3790,0.7369,0.7068,110.03,0.9145,1.2615
2021-09-02,1.1858,1.3825,0.7401,0.7110,110.01,0.9159,1.2559
2021-09-03,1.1884,1.3862,0.7442,0.7147,109.64,0.9136,1.2524
2021-09-06,,,,,,,
2021-09-07,1.1849,1.3792,0.7394,0.7107,110.17,0.9179,1.2622
2021-09-08,1.1818,1.3761,0.7368,0.7095,110.32,0.9219,1.2681
2021-09-09,1.1827,1.3855,0.7380,0.7126,109.76,0.9173,1.2648
2021-09-10,1.1821,1.3847,0.7366,0.7126,109.93,0.9180,1.2636
2021-09-13,1.1809,1.3844,0.7370,0.7117,109.94,0.9213,1.2643
2021-09-14,1.1824,1.3848,0.7335,0.7111,109.66,0.9193,1.2663
2021-09-15,1.1811,1.3837,0.7324,0.7105,109.40,0.9196,1.2653
2021-09-16,1.1764,1.3785,0.7288,0.7072,109.67,0.9251,1.2679
2021-09-17,1.1734,1.3755,0.7276,0.7043,109.94,0.9308,1.2738
2021-09-20,1.1729,1.3656,0.7248,0.7025,109.47,0.9277,1.2818
2021-09-21,1.1724,1.3663,0.7240,0.7013,109.33,0.9235,1.2789
2021-09-22,1.1739,1.3669,0.7264,0.7031,109.59,0.9223,1.2733
2021-09-23,1.1735,1.3745,0.7297,0.7074,110.17,0.9243,1.2662
2021-09-24,1.1715,1.3681,0.7258,0.7013,110.72,0.9246,1.2672
2021-09-27,1.1702,1.3712,0.7284,0.7010,110.97,0.9256,1.2643
2021-09-28,1.1681,1.3537,0.7237,0.6956,111.33,0.9282,1.2692
2021-09-29,1.1612,1.3439,0.7190,0.6871,111.83,0.9335,1.2750
2021-09-30,1.1577,1.3470,0.7228,0.6899,111.50,0.9339,1.2673
2021-10-01,1.1598,1.3572,0.7271,0.6943,110.97,0.9297,1.2657
2021-10-04,1.1622,1.3602,0.7284,0.6964,110.94,0.9248,1.2571
2021-10-05,1.1609,1.3640,0.7295,0.6969,111.39,0.9271,1.2562
2021-10-06,1.1546,1.3569,0.7258,0.6913,111.33,0.9279,1.2612
2021-10-07,1.1561,1.3634,0.7321,0.6939,111.50,0.9280,1.2546
2021-10-08,1.1572,1.3630,0.7308,0.6932,112.15,0.9272,1.2477
2021-10-11,,,,,,,
2021-10-12,1.1541,1.3605,0.7366,0.6946,113.69,0.9302,1.2439
2021-10-13,1.1568,1.3645,0.7371,0.6956,113.49,0.9260,1.2448
2021-10-14,1.1591,1.3684,0.7419,0.7028,113.59,0.9232,1.2362
2021-10-15,1.1594,1.3756,0.7416,0.7071,114.31,0.9241,1.2387
2021-10-18,1.1609,1.3726,0.7417,0.7081,114.22,0.9232,1.2362
2021-10-19,1.1632,1.3807,0.7481,0.7163,114.27,0.9227,1.2354
2021-10-20,1.1643,1.3821,0.7512,0.7201,114.24,0.9197,1.2328
2021-10-21,1.1643,1.3812,0.7492,0.7172,113.75,0.9173,1.2339
2021-10-22,1.1632,1.3741,0.7463,0.7140,113.54,0.9164,1.2385
2021-10-25,1.1609,1.3773,0.7494,0.7166,113.70,0.9193,1.2373
2021-10-26,1.1590,1.3772,0.7497,0.7155,114.19,0.9204,1.2388
2021-10-27,1.1600,1.3739,0.7515,0.7176,113.75,0.9183,1.2337
2021-10-28,1.1685,1.3804,0.7547,0.7208,113.38,0.9123,1.2348
2021-10-29,1.1552,1.3686,0.7510,0.7158,114.03,0.9165,1.2397
2021-11-01,1.1591,1.3679,0.7534,0.7195,114.19,0.9105,1.2355
2021-11-02,1.1581,1.3612,0.7429,0.7104,113.78,0.9145,1.2420
2021-11-03,1.1584,1.3659,0.7430,0.7137,114.06,0.9121,1.2416
2021-11-04,1.1546,1.3494,0.7402,0.7110,113.63,0.9127,1.2462
2021-11-05,1.1554,1.3491,0.7408,0.7123,113.45,0.9133,1.2439
2021-11-08,1.1590,1.3563,0.7429,0.7173,113.15,0.9132,1.2441
2021-11-09,1.1589,1.3551,0.7369,0.7123,112.87,0.9118,1.2457
2021-11-10,1.1517,1.3470,0.7360,0.7087,113.89,0.9164,1.2447
2021-11-11,,,,,,,
2021-11-12,1.1443,1.3412,0.7322,0.7040,113.90,0.9211,1.2558
2021-11-15,1.1421,1.3444,0.7361,0.7059,113.96,0.9217,1.2515
2021-11-16,1.1333,1.3429,0.7309,0.6993,114.62,0.9298,1.2562
2021-11-17,1.1322,1.3488,0.7273,0.7001,114.33,0.9286,1.2594
2021-11-18,1.1358,1.3489,0.7270,0.7031,114.22,0.9260,1.2629
2021-11-19,1.1318,1.3474,0.7257,0.7017,113.81,0.9262,1.2631
2021-11-22,1.1260,1.3412,0.7235,0.6966,114.69,0.9300,1.2684
2021-11-23,1.1265,1.3388,0.7222,0.6946,114.98,0.9325,1.2712
2021-11-24,1.1196,1.3332,0.7197,0.6868,115.34,0.9354,1.2657
2021-11-25,,,,,,,
2021-11-26,1.1302,1.3322,0.7124,0.6825,113.46,0.9234,1.2756
2021-11-29,1.1261,1.3291,0.7119,0.6790,113.75,0.9250,1.2792
2021-11-30,1.1287,1.3252,0.7088,0.6795,113.22,0.9217,1.2812
2021-12-01,1.1323,1.3308,0.7132,0.6839,112.82,0.9195,1.2778
2021-12-02,1.1306,1.3305,0.7097,0.6815,113.10,0.9205,1.2814
2021-12-03,1.1308,1.3234,0.7011,0.6753,112.88,0.9185,1.2833
2021-12-06,1.1282,1.3252,0.7044,0.6748,113.31,0.9256,1.2785
2021-12-07,1.1247,1.3236,0.7113,0.6777,113.61,0.9264,1.2651
2021-12-08,1.1330,1.3236,0.7167,0.6807,113.83,0.9217,1.2653
2021-12-09,1.1285,1.3188,0.7146,0.6783,113.53,0.9260,1.2698
2021-12-10,1.1312,1.3262,0.7177,0.6798,113.36,0.9205,1.2706
2021-12-13,1.1298,1.3233,0.7123,0.6755,113.42,0.9212,1.2795
2021-12-14,1.1267,1.3225,0.7103,0.6746,113.63,0.9236,1.2858
2021-12-15,1.1261,1.3214,0.7125,0.6735,113.83,0.9258,1.2916
2021-12-16,1.1309,1.3325,0.7191,0.6810,113.67,0.9215,1.2772
2021-12-17,1.1277,1.3269,0.7148,0.6755,113.56,0.9226,1.2830
2021-12-20,1.1298,1.3222,0.7117,0.6719,113.45,0.9200,1.2941
2021-12-21,1.1272,1.3253,0.7140,0.6756,114.11,0.9242,1.2927
2021-12-22,1.1324,1.3345,0.7215,0.6817,114.22,0.9201,1.2844
2021-12-23,1.1320,1.3410,0.7240,0.6826,114.42,0.9186,1.2809
2021-12-24,,,,,,,
2021-12-27,1.1329,1.3438,0.7238,0.6811,114.85,0.9175,1.2797
2021-12-28,1.1314,1.3432,0.7233,0.6800,114.75,0.9167,1.2814
2021-12-29,1.1337,1.3475,0.7241,0.6826,114.97,0.9149,1.2810
2021-12-30,1.1318,1.3500,0.7260,0.6839,115.17,0.9146,1.2777
2021-12-31,,,,,,,
2022-01-03,1.1290,1.3469,0.7195,0.6787,115.27,0.9188,1.2757
2022-01-04,1.1296,1.3544,0.7241,0.6808,116.12,0.9154,1.2697
2022-01-05,1.1335,1.3573,0.7260,0.6826,115.91,0.9161,1.2700
2022-01-06,1.1307,1.3539,0.7168,0.6748,115.78,0.9196,1.2725
2022-01-07,1.1358,1.3583,0.7186,0.6779,115.61,0.9191,1.2643
2022-01-10,1.1328,1.3567,0.7170,0.6754,115.14,0.9252,1.2679
2022-01-11,1.1363,1.3622,0.7198,0.6774,115.38,0.9237,1.2598
2022-01-12,1.1431,1.3698,0.7277,0.6846,114.74,0.9134,1.2501
2022-01-13,1.1464,1.3724,0.7299,0.6880,114.06,0.9102,1.2482
2022-01-14,1.1414,1.3670,0.7222,0.6810,113.89,0.9133,1.2549
2022-01-17,,,,,,,
2022-01-18,1.1336,1.3588,0.7188,0.6770,114.60,0.9168,1.2535
2022-01-19,1.1346,1.3625,0.7226,0.6794,114.28,0.9155,1.2499
2022-01-20,1.1336,1.3642,0.7266,0.6793,114.08,0.9157,1.2462
2022-01-21,1.1346,1.3562,0.7199,0.6727,113.72,0.9120,1.2542
2022-01-24,1.1310,1.3447,0.7101,0.6669,113.82,0.9146,1.2688
2022-01-25,1.1283,1.3495,0.7138,0.6670,113.88,0.9194,1.2637
2022-01-26,1.1279,1.3516,0.7167,0.6688,114.33,0.9213,1.2597
2022-01-27,1.1141,1.3385,0.7044,0.6589,115.47,0.9318,1.2709
2022-01-28,1.1160,1.3417,0.6998,0.6555,115.21,0.9298,1.2753
2022-01-31,1.1212,1.3439,0.7064,0.6579,115.22,0.9303,1.2694
2022-02-01,1.1239,1.3505,0.7110,0.6620,114.77,0.9231,1.2688
2022-02-02,1.1299,1.3565,0.7125,0.6627,114.36,0.9186,1.2689
2022-02-03,1.1425,1.3602,0.7143,0.6663,114.88,0.9213,1.2679
2022-02-04,1.1455,1.3543,0.7067,0.6602,115.22,0.9248,1.2759
2022-02-07,1.1434,1.3533,0.7111,0.6620,115.09,0.9243,1.2685
2022-02-08,1.1416,1.3552,0.7133,0.6641,115.62,0.9244,1.2709
2022-02-09,1.1435,1.3540,0.7183,0.6688,115.44,0.9233,1.2675
2022-02-10,1.1487,1.3636,0.7245,0.6729,115.84,0.9230,1.2647
2022-02-11,1.1404,1.3601,0.7177,0.6682,115.91,0.9255,1.2678
2022-02-14,1.1306,1.3516,0.7127,0.6613,115.72,0.9265,1.2732
2022-02-15,1.1363,1.3539,0.7152,0.6642,115.64,0.9258,1.2742
2022-02-16,1.1381,1.3585,0.7183,0.6670,115.41,0.9219,1.2687
2022-02-17,1.1364,1.3624,0.7195,0.6699,115.03,0.9202,1.2696
2022-02-18,1.1327,1.3585,0.7174,0.6694,115.08,0.9210,1.2748
2022-02-21,,,,,,,
2022-02-22,1.1342,1.3597,0.7226,0.6750,114.94,0.9204,1.2736
2022-02-23,1.1316,1.3555,0.7245,0.6782,115.12,0.9179,1.2717
2022-02-24,1.1154,1.3360,0.7133,0.6653,115.45,0.9266,1.2840
2022-02-25,1.1261,1.3407,0.7218,0.6739,115.62,0.9274,1.2740
2022-02-28,1.1224,1.3419,0.7261,0.6774,115.11,0.9179,1.2662
2022-03-01,1.1103,1.3318,0.7248,0.6757,114.87,0.9186,1.2709
2022-03-02,1.1102,1.3365,0.7282,0.6779,115.59,0.9216,1.2657
2022-03-03,1.1053,1.3326,0.7315,0.6785,115.67,0.9204,1.2675
2022-03-04,1.0912,1.3214,0.7362,0.6849,114.65,0.9183,1.2760
2022-03-07,1.0860,1.3115,0.7321,0.6825,115.41,0.9267,1.2772
2022-03-08,1.0881,1.3101,0.7262,0.6813,115.64,0.9302,1.2893
2022-03-09,1.1069,1.3160,0.7323,0.6848,115.87,0.9264,1.2812
2022-03-10,1.1007,1.3108,0.7361,0.6866,116.05,0.9294,1.2772
2022-03-11,1.0937,1.3063,0.7308,0.6818,117.08,0.9326,1.2723
2022-03-14,1.0979,1.3044,0.7228,0.6783,118.00,0.9358,1.2774
2022-03-15,1.0974,1.3065,0.7196,0.6767,118.19,0.9415,1.2806
2022-03-16,1.0996,1.3096,0.7251,0.6807,118.48,0.9414,1.2742
2022-03-17,1.1110,1.3159,0.7388,0.6893,118.45,0.9349,1.2637
2022-03-18,1.1044,1.3169,0.7402,0.6899,119.17,0.9337,1.2633
2022-03-21,1.1048,1.3201,0.7419,0.6903,119.15,0.9303,1.2580
2022-03-22,1.1022,1.3258,0.7438,0.6945,120.66,0.9325,1.2604
2022-03-23,1.1001,1.3212,0.7498,0.6972,121.02,0.9318,1.2555
2022-03-24,1.1006,1.3183,0.7505,0.6960,122.08,0.9308,1.2532
2022-03-25,1.0985,1.3193,0.7501,0.6950,121.98,0.9308,1.2512
2022-03-28,1.0977,1.3091,0.7483,0.6896,123.25,0.9344,1.2550
2022-03-29,1.1104,1.3125,0.7502,0.6924,122.61,0.9303,1.2513
2022-03-30,1.1163,1.3149,0.7508,0.6977,121.97,0.9233,1.2495
2022-03-31,1.1093,1.3152,0.7499,0.6946,121.44,0.9211,1.2482
2022-04-01,1.1043,1.3114,0.7493,0.6912,122.60,0.9256,1.2507
2022-04-04,1.0992,1.3116,0.7549,0.6964,122.70,0.9256,1.2491
2022-04-05,1.0921,1.3101,0.7598,0.6968,123.48,0.9292,1.2452
2022-04-06,1.0913,1.3082,0.7542,0.6933,123.70,0.9325,1.2502
2022-04-07,1.0900,1.3060,0.7472,0.6888,123.80,0.9332,1.2592
2022-04-08,1.0874,1.3032,0.7461,0.6852,124.31,0.9333,1.2577
2022-04-11,1.0875,1.3033,0.7420,0.6826,125.55,0.9308,1.2622
2022-04-12,1.0852,1.3031,0.7480,0.6881,125.25,0.9302,1.2609
2022-04-13,1.0874,1.3072,0.7430,0.6785,125.51,0.9335,1.2595
2022-04-14,1.0796,1.3052,0.7404,0.6774,125.92,0.9426,1.2628
2022-04-15,1.0812,1.3066,0.7401,0.6776,126.31,0.9431,1.2613
2022-04-18,1.0785,1.3019,0.7353,0.6724,126.77,0.9441,1.2620
2022-04-19,1.0789,1.3009,0.7370,0.6726,128.55,0.9482,1.2618
2022-04-20,1.0857,1.3055,0.7452,0.6810,127.76,0.9469,1.2490
2022-04-21,1.0839,1.3042,0.7376,0.6738,128.62,0.9533,1.2526
2022-04-22,1.0790,1.2848,0.7257,0.6637,128.78,0.9587,1.2716
2022-04-25,1.0703,1.2698,0.7147,0.6597,127.66,0.9585,1.2775
2022-04-26,1.0661,1.2617,0.7145,0.6583,127.37,0.9610,1.2796
2022-04-27,1.0549,1.2547,0.7124,0.6538,128.44,0.9695,1.2830
2022-04-28,1.0500,1.2443,0.7077,0.6475,130.94,0.9724,1.2831
2022-04-29,1.0537,1.2565,0.7101,0.6476,129.84,0.9723,1.2802
2022-05-02,1.0521,1.2523,0.7058,0.6433,130.18,0.9770,1.2884
2022-05-03,1.0532,1.2510,0.7099,0.6440,130.09,0.9785,1.2837
2022-05-04,1.0539,1.2487,0.7145,0.6447,129.97,0.9829,1.2817
2022-05-05,1.0507,1.2334,0.7089,0.6405,130.41,0.9874,1.2849
2022-05-06,1.0572,1.2344,0.7091,0.6427,130.35,0.9858,1.2890
2022-05-09,1.0559,1.2335,0.6989,0.6347,130.37,0.9927,1.2962
2022-05-10,1.0531,1.2313,0.6925,0.6286,130.21,0.9949,1.3030
2022-05-11,1.0537,1.2317,0.6994,0.6339,130.20,0.9907,1.2943
2022-05-12,1.0376,1.2198,0.6852,0.6237,128.10,1.0004,1.3055
2022-05-13,1.0410,1.2242,0.6918,0.6261,129.23,1.0014,1.2929
2022-05-16,1.0420,1.2270,0.6943,0.6284,129.15,1.0028,1.2883
2022-05-17,1.0532,1.2468,0.7013,0.6352,129.31,0.9931,1.2839
2022-05-18,1.0494,1.2396,0.6998,0.6333,128.22,0.9902,1.2838
2022-05-19,1.0587,1.2504,0.7057,0.6400,127.62,0.9729,1.2821
2022-05-20,1.0559,1.2492,0.7032,0.6388,127.86,0.9749,1.2837
2022-05-23,1.0668,1.2571,0.7099,0.6462,127.78,0.9664,1.2784
2022-05-24,1.0744,1.2544,0.7081,0.6443,126.56,0.9597,1.2840
2022-05-25,1.0658,1.2539,0.7066,0.6459,127.31,0.9637,1.2837
2022-05-26,1.0725,1.2582,0.7078,0.6462,127.23,0.9595,1.2788
2022-05-27,1.0709,1.2613,0.7155,0.6535,127.14,0.9575,1.2740
2022-05-30,,,,,,,
2022-05-31,1.0731,1.2624,0.7188,0.6520,128.53,0.9570,1.2639
2022-06-01,1.0646,1.2472,0.7164,0.6471,130.09,0.9644,1.2670
2022-06-02,1.0733,1.2557,0.7251,0.6550,129.83,0.9592,1.2587
2022-06-03,1.0721,1.2496,0.7209,0.6505,130.71,0.9625,1.2581
2022-06-06,1.0699,1.2544,0.7207,0.6499,131.55,0.9690,1.2570
2022-06-07,1.0697,1.2594,0.7212,0.6475,132.53,0.9731,1.2550
2022-06-08,1.0740,1.2557,0.7218,0.6470,134.06,0.9750,1.2524
2022-06-09,1.0656,1.2511,0.7120,0.6405,134.06,0.9778,1.2651
2022-06-10,1.0521,1.2330,0.7054,0.6363,134.19,0.9886,1.2782
2022-06-13,1.0436,1.2170,0.6946,0.6276,134.12,0.9966,1.2851
2022-06-14,1.0416,1.2011,0.6885,0.6221,134.89,1.0016,1.2933
2022-06-15,1.0388,1.2057,0.6946,0.6241,134.50,1.0021,1.2970
2022-06-16,1.0531,1.2341,0.6998,0.6338,131.65,0.9663,1.2925
2022-06-17,1.0473,1.2201,0.6923,0.6291,135.14,0.9717,1.3054
2022-06-20,,,,,,,
2022-06-21,1.0548,1.2277,0.6975,0.6345,136.25,0.9660,1.2927
2022-06-22,1.0583,1.2280,0.6934,0.6293,136.05,0.9615,1.2932
2022-06-23,1.0503,1.2240,0.6893,0.6281,134.72,0.9606,1.2979
2022-06-24,1.0539,1.2273,0.6946,0.6319,135.22,0.9569,1.2919
2022-06-27,1.0601,1.2305,0.6942,0.6318,135.26,0.9551,1.2870
2022-06-28,1.0534,1.2200,0.6916,0.6254,136.19,0.9563,1.2882
2022-06-29,1.0477,1.2151,0.6887,0.6224,136.50,0.9541,1.2861
2022-06-30,1.0469,1.2162,0.6905,0.6245,135.69,0.9550,1.2871
2022-07-01,1.0409,1.2048,0.6789,0.6187,135.09,0.9623,1.2915
2022-07-04,,,,,,,
2022-07-05,1.0254,1.1932,0.6774,0.6142,135.72,0.9690,1.3064
2022-07-06,1.0173,1.1907,0.6774,0.6140,135.66,0.9714,1.3052
2022-07-07,1.0159,1.1994,0.6827,0.6170,135.99,0.9734,1.2988
2022-07-08,1.0178,1.2036,0.6858,0.6196,136.16,0.9775,1.2947
2022-07-11,1.0088,1.1907,0.6750,0.6136,137.29,0.9794,1.2979
2022-07-12,1.0069,1.1905,0.6772,0.6140,136.68,0.9812,1.3003
2022-07-13,1.0081,1.1919,0.6786,0.6156,137.34,0.9784,1.2956
2022-07-14,1.0028,1.1827,0.6744,0.6124,138.94,0.9829,1.3100
2022-07-15,1.0089,1.1857,0.6793,0.6158,138.57,0.9776,1.3041
2022-07-18,1.0160,1.1989,0.6838,0.6172,138.23,0.9764,1.2919
2022-07-19,1.0238,1.2022,0.6904,0.6228,137.94,0.9683,1.2887
2022-07-20,1.0217,1.1989,0.6897,0.6238,138.16,0.9721,1.2875
2022-07-21,1.0197,1.1968,0.6896,0.6216,137.94,0.9693,1.2885
2022-07-22,1.0225,1.2019,0.6948,0.6273,136.12,0.9613,1.2861
2022-07-25,1.0211,1.2042,0.6954,0.6259,136.72,0.9651,1.2845
2022-07-26,1.0116,1.2036,0.6939,0.6235,136.62,0.9634,1.2891
2022-07-27,1.0108,1.2027,0.6921,0.6199,137.31,0.9650,1.2881
2022-07-28,1.0163,1.2126,0.6971,0.6277,134.45,0.9568,1.2835
2022-07-29,1.0202,1.2183,0.6985,0.6279,133.25,0.9513,1.2801
2022-08-01,1.0270,1.2278,0.7035,0.6346,131.80,0.9486,1.2830
2022-08-02,1.0194,1.2218,0.6952,0.6281,132.32,0.9543,1.2855
2022-08-03,1.0146,1.2132,0.6930,0.6250,134.18,0.9630,1.2869
2022-08-04,1.0221,1.2141,0.6966,0.6297,133.28,0.9565,1.2852
2022-08-05,1.0170,1.2061,0.6901,0.6239,135.33,0.9635,1.2942
2022-08-08,1.0207,1.2098,0.6991,0.6289,134.73,0.9545,1.2854
2022-08-09,1.0226,1.2089,0.6973,0.6287,134.95,0.9525,1.2880
2022-08-10,1.0337,1.2245,0.7099,0.6427,132.58,0.9410,1.2773
2022-08-11,1.0338,1.2230,0.7119,0.6444,132.66,0.9391,1.2744
2022-08-12,1.0257,1.2132,0.7106,0.6437,133.57,0.9430,1.2783
2022-08-15,1.0186,1.2090,0.7046,0.6382,133.13,0.9449,1.2891
2022-08-16,1.0174,1.2090,0.7011,0.6337,134.38,0.9506,1.2874
2022-08-17,1.0164,1.2030,0.6914,0.6262,135.40,0.9537,1.2932
2022-08-18,1.0114,1.1970,0.6930,0.6268,135.29,0.9546,1.2945
2022-08-19,1.0039,1.1810,0.6870,0.6177,137.01,0.9590,1.2994
2022-08-22,0.9936,1.1752,0.6871,0.6164,137.57,0.9652,1.3038
2022-08-23,0.9976,1.1844,0.6943,0.6227,136.36,0.9632,1.2945
2022-08-24,0.9967,1.1802,0.6913,0.6190,136.92,0.9664,1.2969
2022-08-25,0.9959,1.1803,0.6961,0.6215,136.83,0.9648,1.2944
2022-08-26,0.9998,1.1778,0.6921,0.6161,137.07,0.9635,1.3006
2022-08-29,1.0000,1.1718,0.6909,0.6161,138.74,0.9688,1.3001
2022-08-30,1.0018,1.1651,0.6875,0.6139,138.73,0.9746,1.3090
2022-08-31,1.0065,1.1647,0.6866,0.6136,138.69,0.9748,1.3091
2022-09-01,0.9950,1.1541,0.6780,0.6069,139.93,0.9838,1.3160
2022-09-02,1.0030,1.1582,0.6845,0.6135,140.03,0.9801,1.3089
2022-09-05,,,,,,,
2022-09-06,0.9914,1.1549,0.6750,0.6052,142.95,0.9839,1.3122
2022-09-07,0.9942,1.1473,0.6731,0.6035,144.39,0.9808,1.3166
2022-09-08,0.9956,1.1489,0.6740,0.6047,144.05,0.9726,1.3118
2022-09-09,1.0046,1.1600,0.6846,0.6114,142.44,0.9604,1.3036
2022-09-12,1.0129,1.1701,0.6887,0.6151,142.41,0.9519,1.2976
2022-09-13,0.9997,1.1526,0.6763,0.6013,144.30,0.9608,1.3123
2022-09-14,0.9993,1.1564,0.6752,0.6013,142.93,0.9612,1.3156
2022-09-15,0.9991,1.1472,0.6708,0.5975,143.57,0.9607,1.3204
2022-09-16,1.0013,1.1419,0.6703,0.5978,143.04,0.9647,1.3273
2022-09-19,1.0003,1.1403,0.6694,0.5936,143.34,0.9663,1.3287
2022-09-20,0.9994,1.1405,0.6704,0.5909,143.64,0.9628,1.3339
2022-09-21,0.9880,1.1330,0.6661,0.5884,144.14,0.9652,1.3397
2022-09-22,0.9841,1.1269,0.6636,0.5844,142.16,0.9806,1.3499
2022-09-23,0.9719,1.0921,0.6543,0.5763,143.18,0.9816,1.3581
2022-09-26,0.9623,1.0703,0.6466,0.5666,144.45,0.9924,1.3745
2022-09-27,0.9616,1.0753,0.6445,0.5649,144.71,0.9896,1.3738
2022-09-28,0.9681,1.0832,0.6512,0.5703,144.15,0.9756,1.3648
2022-09-29,0.9774,1.1048,0.6490,0.5707,144.45,0.9798,1.3700
2022-09-30,0.9783,1.1134,0.6437,0.5642,144.71,0.9845,1.3752
2022-10-03,0.9809,1.1272,0.6501,0.5709,144.50,0.9929,1.3651
2022-10-04,0.9977,1.1446,0.6493,0.5740,144.32,0.9806,1.3551
2022-10-05,0.9866,1.1275,0.6466,0.5704,144.73,0.9838,1.3662
2022-10-06,0.9806,1.1133,0.6411,0.5659,144.94,0.9899,1.3732
2022-10-07,0.9785,1.1116,0.6393,0.5628,145.19,0.9914,1.3692
2022-10-10,,,,,,,
2022-10-11,0.9757,1.1168,0.6329,0.5642,145.55,0.9940,1.3737
2022-10-12,0.9692,1.1096,0.6273,0.5607,146.87,0.9980,1.3797
2022-10-13,0.9780,1.1344,0.6285,0.5621,147.15,0.9987,1.3744
2022-10-14,0.9739,1.1208,0.6219,0.5568,148.46,1.0049,1.3873
2022-10-17,0.9843,1.1427,0.6309,0.5646,148.71,0.9953,1.3723
2022-10-18,0.9842,1.1307,0.6281,0.5663,149.23,0.9962,1.3790
2022-10-19,0.9780,1.1232,0.6271,0.5668,149.77,1.0039,1.3783
2022-10-20,0.9823,1.1288,0.6336,0.5722,149.82,1.0003,1.3715
2022-10-21,0.9855,1.1292,0.6368,0.5754,146.35,0.9981,1.3673
2022-10-24,0.9874,1.1295,0.6310,0.5691,148.76,1.0007,1.3704
2022-10-25,0.9959,1.1469,0.6395,0.5762,147.85,0.9961,1.3616
2022-10-26,1.0068,1.1615,0.6499,0.5834,146.50,0.9865,1.3551
2022-10-27,0.9985,1.1574,0.6477,0.5845,146.02,0.9899,1.3532
2022-10-28,0.9934,1.1573,0.6396,0.5792,147.68,0.9968,1.3622
2022-10-31,0.9885,1.1515,0.6394,0.5810,148.63,1.0006,1.3639
2022-11-01,0.9871,1.1460,0.6392,0.5842,148.11,0.9995,1.3639
2022-11-02,0.9875,1.1467,0.6412,0.5863,147.11,0.9988,1.3628
2022-11-03,0.9759,1.1183,0.6294,0.5779,148.18,1.0131,1.3729
2022-11-04,0.9895,1.1279,0.6435,0.5890,147.22,0.9981,1.3528
2022-11-07,0.9997,1.1463,0.6463,0.5920,146.64,0.9906,1.3497
2022-11-08,1.0089,1.1595,0.6545,0.5996,145.38,0.9842,1.3389
2022-11-09,1.0037,1.1396,0.6448,0.5899,146.15,0.9836,1.3453
2022-11-10,1.0176,1.1677,0.6590,0.6010,141.78,0.9672,1.3362
2022-11-11,,,,,,,
2022-11-14,1.0337,1.1728,0.6695,0.6097,140.43,0.9427,1.3295
2022-11-15,1.0372,1.1890,0.6779,0.6174,139.36,0.9444,1.3280
2022-11-16,1.0395,1.1889,0.6733,0.6145,139.59,0.9445,1.3343
2022-11-17,1.0341,1.1812,0.6666,0.6100,140.45,0.9540,1.3343
2022-11-18,1.0349,1.1902,0.6681,0.6160,140.03,0.9522,1.3379
2022-11-21,1.0238,1.1785,0.6590,0.6093,141.95,0.9586,1.3483
2022-11-22,1.0276,1.1880,0.6635,0.6140,141.29,0.9531,1.3401
2022-11-23,1.0364,1.2040,0.6707,0.6221,139.76,0.9432,1.3416
2022-11-24,,,,,,,
2022-11-25,1.0402,1.2102,0.6750,0.6244,139.21,0.9459,1.3370
2022-11-28,1.0386,1.2041,0.6694,0.6204,138.67,0.9463,1.3433
2022-11-29,1.0356,1.1996,0.6691,0.6200,138.28,0.9506,1.3636
2022-11-30,1.0323,1.1962,0.6717,0.6234,139.31,0.9486,1.3538
2022-12-01,1.0498,1.2252,0.6804,0.6372,135.55,0.9377,1.3427
2022-12-02,1.0521,1.2292,0.6801,0.6398,134.89,0.9369,1.3448
2022-12-05,1.0494,1.2169,0.6713,0.6307,136.55,0.9421,1.3571
2022-12-06,1.0497,1.2202,0.6698,0.6327,136.67,0.9406,1.3652
2022-12-07,1.0505,1.2194,0.6722,0.6366,136.57,0.9401,1.3640
2022-12-08,1.0552,1.2235,0.6769,0.6376,136.45,0.9358,1.3574
2022-12-09,1.0550,1.2311,0.6809,0.6424,136.40,0.9320,1.3604
2022-12-12,1.0545,1.2285,0.6741,0.6377,137.47,0.9356,1.3654
2022-12-13,1.0630,1.2375,0.6869,0.6479,135.14,0.9268,1.3530
2022-12-14,1.0655,1.2408,0.6861,0.6450,134.95,0.9238,1.3567
2022-12-15,1.0638,1.2206,0.6700,0.6342,137.92,0.9288,1.3649
2022-12-16,1.0610,1.2168,0.6691,0.6370,136.55,0.9324,1.3690
2022-12-19,1.0624,1.2180,0.6711,0.6372,136.87,0.9303,1.3638
2022-12-20,1.0635,1.2146,0.6665,0.6332,131.08,0.9259,1.3618
2022-12-21,1.0599,1.2072,0.6696,0.6286,132.36,0.9277,1.3622
2022-12-22,1.0588,1.2032,0.6671,0.6253,132.34,0.9310,1.3653
2022-12-23,1.0621,1.2054,0.6710,0.6293,132.78,0.9335,1.3587
2022-12-26,,,,,,,
2022-12-27,1.0654,1.2032,0.6742,0.6284,133.43,0.9285,1.3504
2022-12-28,1.0622,1.2034,0.6752,0.6308,134.27,0.9275,1.3588
2022-12-29,1.0668,1.2060,0.6779,0.6351,133.16,0.9233,1.3546
2022-12-30,1.0698,1.2077,0.6805,0.6342,131.81,0.9241,1.3532
2023-01-02,,,,,,,
2023-01-03,1.0559,1.1970,0.6730,0.6247,130.83,0.9368,1.3664
2023-01-04,1.0620,1.2063,0.6860,0.6314,132.00,0.9271,1.3492
2023-01-05,1.0522,1.1902,0.6744,0.6224,133.57,0.9364,1.3579
2023-01-06,1.0619,1.2064,0.6864,0.6334,132.21,0.9293,1.3452
2023-01-09,1.0759,1.2206,0.6948,0.6401,131.58,0.9180,1.3372
2023-01-10,1.0737,1.2155,0.6883,0.6362,132.25,0.9225,1.3433
2023-01-11,1.0740,1.2125,0.6899,0.6347,132.58,0.9299,1.3422
2023-01-12,1.0823,1.2182,0.6946,0.6377,129.75,0.9288,1.3380
2023-01-13,1.0811,1.2194,0.6950,0.6361,127.85,0.9284,1.3413
2023-01-16,,,,,,,
2023-01-17,1.0793,1.2264,0.6986,0.6425,128.18,0.9215,1.3380
2023-01-18,1.0827,1.2369,0.6988,0.6460,128.45,0.9140,1.3436
2023-01-19,1.0810,1.2366,0.6887,0.6375,128.48,0.9162,1.3494
2023-01-20,1.0831,1.2374,0.6953,0.6457,129.97,0.9221,1.3416
2023-01-23,1.0865,1.2370,0.7024,0.6477,130.69,0.9231,1.3384
2023-01-24,1.0873,1.2323,0.7042,0.6501,130.07,0.9230,1.3369
2023-01-25,1.0901,1.2374,0.7083,0.6463,129.64,0.9199,1.3413
2023-01-26,1.0866,1.2370,0.7094,0.6471,130.40,0.9210,1.3348
2023-01-27,1.0857,1.2379,0.7102,0.6483,129.94,0.9218,1.3314
2023-01-30,1.0867,1.2373,0.7076,0.6486,130.34,0.9231,1.3350
2023-01-31,1.0858,1.2324,0.7050,0.6466,130.17,0.9186,1.3333
2023-02-01,1.0917,1.2308,0.7067,0.6435,129.27,0.9147,1.3335
2023-02-02,1.0918,1.2260,0.7084,0.6493,128.45,0.9120,1.3317
2023-02-03,1.0825,1.2073,0.6946,0.6344,131.07,0.9250,1.3395
2023-02-06,1.0722,1.2009,0.6869,0.6284,132.76,0.9278,1.3442
2023-02-07,1.0705,1.2013,0.6925,0.6305,131.37,0.9239,1.3440
2023-02-08,1.0734,1.2093,0.6941,0.6312,131.27,0.9198,1.3430
2023-02-09,1.0761,1.2157,0.6964,0.6352,130.98,0.9192,1.3428
2023-02-10,1.0670,1.2061,0.6919,0.6308,131.50,0.9246,1.3363
2023-02-13,1.0718,1.2136,0.6964,0.6359,132.71,0.9207,1.3348
2023-02-14,1.0722,1.2157,0.6962,0.6324,133.05,0.9224,1.3367
2023-02-15,1.0683,1.2031,0.6893,0.6276,134.22,0.9238,1.3401
2023-02-16,1.0684,1.2018,0.6889,0.6267,133.95,0.9245,1.3451
2023-02-17,1.0678,1.2012,0.6865,0.6235,134.21,0.9266,1.3487
2023-02-20,,,,,,,
2023-02-21,1.0657,1.2111,0.6865,0.6214,134.87,0.9267,1.3515
2023-02-22,1.0623,1.2064,0.6819,0.6234,134.77,0.9297,1.3540
2023-02-23,1.0583,1.2016,0.6787,0.6208,134.80,0.9343,1.3567
2023-02-24,1.0545,1.1948,0.6735,0.6166,136.36,0.9400,1.3618
2023-02-27,1.0596,1.2036,0.6730,0.6164,136.18,0.9375,1.3574
2023-02-28,1.0602,1.2093,0.6744,0.6194,136.09,0.9376,1.3616
2023-03-01,1.0674,1.2034,0.6768,0.6262,135.82,0.9387,1.3597
2023-03-02,1.0595,1.1942,0.6720,0.6210,136.84,0.9420,1.3616
2023-03-03,1.0616,1.1996,0.6759,0.6210,136.09,0.9381,1.3609
2023-03-06,1.0694,1.2048,0.6738,0.6193,135.93,0.9308,1.3606
2023-03-07,1.0573,1.1857,0.6600,0.6127,136.90,0.9413,1.3736
2023-03-08,1.0549,1.1837,0.6602,0.6111,137.18,0.9395,1.3784
2023-03-09,1.0577,1.1922,0.6611,0.6130,136.41,0.9363,1.3777
2023-03-10,1.0659,1.2043,0.6610,0.6147,135.05,0.9213,1.3804
2023-03-13,1.0733,1.2160,0.6686,0.6240,133.13,0.9118,1.3687
2023-03-14,1.0722,1.2146,0.6662,0.6224,134.33,0.9137,1.3676
2023-03-15,1.0535,1.2032,0.6611,0.6182,132.81,0.9243,1.3799
2023-03-16,1.0622,1.2111,0.6652,0.6172,133.01,0.9299,1.3761
2023-03-17,1.0647,1.2141,0.6683,0.6249,132.01,0.9284,1.3753
2023-03-20,1.0722,1.2257,0.6711,0.6246,131.59,0.9267,1.3686
2023-03-21,1.0769,1.2195,0.6652,0.6171,132.27,0.9238,1.3732
2023-03-22,1.0792,1.2232,0.6686,0.6221,132.67,0.9237,1.3722
2023-03-23,1.0890,1.2322,0.6719,0.6284,130.99,0.9145,1.3658
2023-03-24,1.0762,1.2225,0.6643,0.6207,130.64,0.9181,1.3763
2023-03-27,1.0789,1.2278,0.6642,0.6189,131.49,0.9163,1.3686
2023-03-28,1.0844,1.2341,0.6709,0.6250,130.97,0.9198,1.3615
2023-03-29,1.0826,1.2313,0.6680,0.6222,132.69,0.9195,1.3575
2023-03-30,1.0899,1.2368,0.6701,0.6252,132.71,0.9140,1.3536
2023-03-31,1.0872,1.2369,0.6704,0.6271,132.75,0.9129,1.3525
2023-04-03,1.0891,1.2403,0.6784,0.6289,132.35,0.9130,1.3435
2023-04-04,1.0951,1.2498,0.6742,0.6304,131.60,0.9071,1.3454
2023-04-05,1.0918,1.2469,0.6728,0.6330,131.11,0.9050,1.3453
2023-04-06,1.0927,1.2456,0.6674,0.6252,131.67,0.9040,1.3472
2023-04-07,1.0913,1.2422,0.6668,0.6246,132.11,0.9049,1.3513
2023-04-10,1.0840,1.2358,0.6625,0.6202,133.75,0.9112,1.3534
2023-04-11,1.0906,1.2409,0.6649,0.6194,133.63,0.9040,1.3480
2023-04-12,1.0987,1.2471,0.6688,0.6213,133.25,0.8968,1.3450
2023-04-13,1.1054,1.2531,0.6779,0.6307,132.37,0.8874,1.3344
2023-04-14,1.0980,1.2417,0.6702,0.6208,133.74,0.8955,1.3379
2023-04-17,1.0915,1.2359,0.6692,0.6174,134.51,0.8994,1.3403
2023-04-18,1.0958,1.2419,0.6719,0.6204,134.11,0.8980,1.3391
2023-04-19,1.0953,1.2442,0.6717,0.6206,134.79,0.8984,1.3454
2023-04-20,1.0970,1.2448,0.6754,0.6191,134.10,0.8944,1.3459
2023-04-21,1.0973,1.2419,0.6691,0.6138,134.28,0.8926,1.3534
2023-04-24,1.1027,1.2457,0.6681,0.6142,134.41,0.8887,1.3543
2023-04-25,1.0968,1.2398,0.6628,0.6144,133.96,0.8925,1.3627
2023-04-26,1.1052,1.2486,0.6616,0.6135,133.72,0.8901,1.3601
2023-04-27,1.1017,1.2471,0.6614,0.6133,134.04,0.8957,1.3611
2023-04-28,1.1040,1.2582,0.6617,0.6187,135.99,0.8911,1.3552
2023-05-01,1.0970,1.2495,0.6636,0.6171,137.35,0.8961,1.3541
2023-05-02,1.0997,1.2475,0.6670,0.6208,136.46,0.8931,1.3627
2023-05-03,1.1049,1.2547,0.6675,0.6238,135.31,0.8871,1.3610
2023-05-04,1.1009,1.2580,0.6676,0.6282,133.76,0.8861,1.3570
2023-05-05,1.1026,1.2650,0.6747,0.6299,134.85,0.8913,1.3419
2023-05-08,1.1020,1.2633,0.6792,0.6350,134.83,0.8894,1.3356
2023-05-09,1.0953,1.2618,0.6752,0.6321,135.15,0.8916,1.3399
2023-05-10,1.0966,1.2614,0.6764,0.6354,134.52,0.8911,1.3374
2023-05-11,1.0916,1.2501,0.6694,0.6296,134.46,0.8953,1.3487
2023-05-12,1.0856,1.2464,0.6649,0.6193,135.63,0.8971,1.3540
2023-05-15,1.0874,1.2526,0.6698,0.6226,136.07,0.8949,1.3482
2023-05-16,1.0866,1.2494,0.6663,0.6237,136.62,0.8965,1.3456
2023-05-17,1.0830,1.2475,0.6651,0.6250,137.51,0.8992,1.3483
2023-05-18,1.0776,1.2424,0.6618,0.6219,138.50,0.9046,1.3502
2023-05-19,1.0819,1.2464,0.6661,0.6288,137.67,0.8989,1.3508
2023-05-22,1.0806,1.2425,0.6644,0.6275,138.65,0.8991,1.3508
2023-05-23,1.0771,1.2423,0.6622,0.6260,138.74,0.9014,1.3485
2023-05-24,1.0758,1.2368,0.6541,0.6108,139.14,0.9058,1.3589
2023-05-25,1.0725,1.2325,0.6506,0.6051,139.81,0.9060,1.3636
2023-05-26,1.0713,1.2342,0.6511,0.6046,140.53,0.9060,1.3625
2023-05-29,,,,,,,
2023-05-30,1.0722,1.2403,0.6513,0.6045,139.83,0.9048,1.3593
2023-05-31,1.0654,1.2396,0.6473,0.5995,139.78,0.9129,1.3588
2023-06-01,1.0752,1.2536,0.6577,0.6076,138.74,0.9077,1.3441
2023-06-02,1.0724,1.2468,0.6616,0.6072,139.76,0.9075,1.3438
2023-06-05,1.0721,1.2440,0.6626,0.6084,139.64,0.9058,1.3419
2023-06-06,1.0695,1.2418,0.6674,0.6080,139.67,0.9076,1.3403
2023-06-07,1.0702,1.2451,0.6661,0.6049,139.98,0.9089,1.3363
2023-06-08,1.0780,1.2547,0.6707,0.6094,138.83,0.9003,1.3380
2023-06-09,1.0749,1.2579,0.6740,0.6127,139.35,0.9026,1.3342
2023-06-12,1.0747,1.2489,0.6747,0.6117,139.72,0.9099,1.3377
2023-06-13,1.0792,1.2611,0.6776,0.6148,140.00,0.9053,1.3298
2023-06-14,1.0859,1.2696,0.6832,0.6235,139.33,0.8972,1.3283
2023-06-15,1.0933,1.2762,0.6871,0.6228,140.49,0.8927,1.3237
2023-06-16,1.0925,1.2815,0.6865,0.6222,141.82,0.8943,1.3194
2023-06-19,,,,,,,
2023-06-20,1.0900,1.2732,0.6770,0.6151,141.46,0.8993,1.3246
2023-06-21,1.0951,1.2737,0.6781,0.6189,142.09,0.8950,1.3179
2023-06-22,1.0953,1.2750,0.6753,0.6188,142.89,0.8967,1.3164
2023-06-23,1.0887,1.2701,0.6687,0.6149,143.78,0.8979,1.3196
2023-06-26,1.0910,1.2724,0.6683,0.6170,143.55,0.8946,1.3145
2023-06-27,1.0961,1.2752,0.6683,0.6168,144.00,0.8941,1.3175
2023-06-28,1.0904,1.2637,0.6620,0.6089,144.23,0.8975,1.3249
2023-06-29,1.0881,1.2617,0.6633,0.6075,144.72,0.8984,1.3246
2023-06-30,1.0920,1.2709,0.6663,0.6133,144.47,0.8947,1.3232
2023-07-03,1.0919,1.2695,0.6678,0.6155,144.50,0.8956,1.3243
2023-07-04,,,,,,,
2023-07-05,1.0868,1.2710,0.6663,0.6185,144.56,0.8980,1.3271
2023-07-06,1.0873,1.2721,0.6619,0.6152,144.09,0.8965,1.3353
2023-07-07,1.0964,1.2838,0.6686,0.6210,142.21,0.8887,1.3284
2023-07-10,1.0991,1.2837,0.6669,0.6208,141.56,0.8869,1.3281
2023-07-11,1.0992,1.2901,0.6664,0.6181,140.51,0.8805,1.3249
2023-07-12,1.1123,1.2993,0.6782,0.6294,138.21,0.8676,1.3179
2023-07-13,1.1194,1.3097,0.6873,0.6373,138.14,0.8595,1.3126
2023-07-14,1.1237,1.3113,0.6843,0.6376,138.74,0.8616,1.3204
2023-07-17,1.1236,1.3078,0.6821,0.6335,138.92,0.8602,1.3173
2023-07-18,1.1223,1.3054,0.6817,0.6292,138.94,0.8582,1.3175
2023-07-19,1.1195,1.2898,0.6763,0.6244,139.76,0.8598,1.3158
2023-07-20,1.1135,1.2849,0.6778,0.6224,140.39,0.8671,1.3182
2023-07-21,1.1120,1.2854,0.6737,0.6178,141.75,0.8658,1.3217
2023-07-24,1.1083,1.2828,0.6750,0.6211,141.19,0.8664,1.3154
2023-07-25,1.1050,1.2876,0.6791,0.6224,140.91,0.8644,1.3179
2023-07-26,1.1078,1.2930,0.6756,0.6210,140.41,0.8625,1.3218
2023-07-27,1.0998,1.2870,0.6740,0.6209,141.03,0.8686,1.3194
2023-07-28,1.1039,1.2870,0.6670,0.6167,140.72,0.8687,1.3225
2023-07-31,1.1020,1.2857,0.6730,0.6220,142.18,0.8688,1.3160
2023-08-01,1.0971,1.2750,0.6611,0.6142,143.34,0.8763,1.3289
2023-08-02,1.0939,1.2712,0.6542,0.6084,143.21,0.8779,1.3334
2023-08-03,1.0947,1.2709,0.6554,0.6087,142.42,0.8742,1.3340
2023-08-04,1.1036,1.2775,0.6605,0.6127,141.79,0.8713,1.3337
2023-08-07,1.1000,1.2769,0.6564,0.6097,142.45,0.8742,1.3372
2023-08-08,1.0951,1.2729,0.6514,0.6047,143.17,0.8757,1.3454
2023-08-09,1.0975,1.2715,0.6525,0.6048,143.58,0.8770,1.3442
2023-08-10,1.1016,1.2726,0.6557,0.6062,144.40,0.8736,1.3401
2023-08-11,1.0957,1.2694,0.6493,0.5983,144.94,0.8765,1.3437
2023-08-14,1.0922,1.2691,0.6496,0.5985,145.30,0.8775,1.3451
2023-08-15,1.0928,1.2745,0.6484,0.5977,145.40,0.8769,1.3472
2023-08-16,1.0904,1.2749,0.6440,0.5950,145.81,0.8786,1.3516
2023-08-17,1.0874,1.2753,0.6417,0.5934,146.16,0.8792,1.3522
2023-08-18,1.0875,1.2738,0.6413,0.5942,145.15,0.8817,1.3557
2023-08-21,1.0888,1.2737,0.6393,0.5905,146.26,0.8799,1.3563
2023-08-22,1.0846,1.2733,0.6425,0.5948,145.79,0.8800,1.3547
2023-08-23,1.0862,1.2715,0.6469,0.5974,144.62,0.8785,1.3542
2023-08-24,1.0826,1.2634,0.6426,0.5925,145.75,0.8825,1.3562
2023-08-25,1.0787,1.2570,0.6401,0.5900,146.38,0.8860,1.3626
2023-08-28,1.0810,1.2592,0.6426,0.5912,146.40,0.8832,1.3596
2023-08-29,1.0851,1.2614,0.6459,0.5949,146.01,0.8798,1.3589
2023-08-30,1.0926,1.2726,0.6495,0.5984,145.94,0.8772,1.3515
2023-08-31,1.0839,1.2667,0.6468,0.5948,145.68,0.8837,1.3539
2023-09-01,1.0787,1.2594,0.6449,0.5940,146.20,0.8857,1.3582
2023-09-04,,,,,,,
2023-09-05,1.0727,1.2583,0.6382,0.5883,147.63,0.8888,1.3607
2023-09-06,1.0714,1.2498,0.6382,0.5875,147.65,0.8924,1.3655
2023-09-07,1.0704,1.2485,0.6380,0.5884,147.13,0.8927,1.3678
2023-09-08,1.0709,1.2476,0.6386,0.5898,147.70,0.8927,1.3621
2023-09-11,1.0744,1.2529,0.6435,0.5921,146.46,0.8910,1.3581
2023-09-12,1.0726,1.2477,0.6423,0.5905,147.12,0.8913,1.3553
2023-09-13,1.0737,1.2488,0.6425,0.5918,147.45,0.8925,1.3533
2023-09-14,1.0660,1.2410,0.6445,0.5917,147.17,0.8949,1.3513
2023-09-15,1.0673,1.2392,0.6442,0.5909,147.83,0.8960,1.3504
2023-09-18,1.0695,1.2403,0.6442,0.5920,147.63,0.8964,1.3482
2023-09-19,1.0684,1.2393,0.6458,0.5932,147.80,0.8979,1.3431
2023-09-20,1.0715,1.2389,0.6499,0.5977,147.74,0.8953,1.3424
2023-09-21,1.0664,1.2299,0.6422,0.5934,147.42,0.9033,1.3484
2023-09-22,1.0660,1.2257,0.6453,0.5975,148.24,0.9064,1.3467
2023-09-25,1.0591,1.2218,0.6420,0.5966,148.74,0.9120,1.3473
2023-09-26,1.0573,1.2168,0.6405,0.5954,148.90,0.9144,1.3509
2023-09-27,1.0510,1.2133,0.6368,0.5927,149.48,0.9198,1.3512
2023-09-28,1.0578,1.2223,0.6427,0.5973,149.18,0.9150,1.3474
2023-09-29,1.0584,1.2214,0.6451,0.6013,149.43,0.9141,1.3535
2023-10-02,1.0500,1.2130,0.6375,0.5957,149.80,0.9176,1.3666
2023-10-03,1.0453,1.2069,0.6293,0.5895,149.16,0.9226,1.3720
2023-10-04,1.0518,1.2157,0.6337,0.5922,148.83,0.9160,1.3739
2023-10-05,1.0527,1.2171,0.6350,0.5948,148.49,0.9141,1.3736
2023-10-06,1.0596,1.2255,0.6394,0.5996,149.08,0.9082,1.3657
2023-10-09,,,,,,,
2023-10-10,1.0618,1.2288,0.6430,0.6044,148.62,0.9039,1.3579
2023-10-11,1.0620,1.2304,0.6407,0.6023,149.17,0.9025,1.3617
2023-10-12,1.0553,1.2214,0.6334,0.5944,149.71,0.9064,1.3656
2023-10-13,1.0502,1.2139,0.6290,0.5893,149.62,0.9018,1.3650
2023-10-16,1.0546,1.2198,0.6339,0.5924,149.57,0.9007,1.3615
2023-10-17,1.0593,1.2206,0.6377,0.5907,149.71,0.8995,1.3622
2023-10-18,1.0532,1.2150,0.6336,0.5859,149.86,0.8985,1.3696
2023-10-19,1.0570,1.2145,0.6325,0.5839,149.92,0.8956,1.3716
2023-10-20,1.0592,1.2153,0.6319,0.5830,149.85,0.8918,1.3692
2023-10-23,1.0646,1.2235,0.6337,0.5843,149.78,0.8919,1.3676
2023-10-24,1.0595,1.2170,0.6349,0.5835,149.84,0.8935,1.3744
2023-10-25,1.0583,1.2140,0.6334,0.5825,149.94,0.8951,1.3772
2023-10-26,1.0532,1.2113,0.6312,0.5816,150.44,0.8995,1.3830
2023-10-27,1.0592,1.2151,0.6352,0.5824,149.60,0.9021,1.3866
2023-10-30,1.0620,1.2157,0.6374,0.5837,149.01,0.9017,1.3829
2023-10-31,1.0568,1.2135,0.6332,0.5816,151.46,0.9100,1.3878
2023-11-01,1.0538,1.2127,0.6363,0.5830,150.96,0.9103,1.3879
2023-11-02,1.0618,1.2175,0.6422,0.5885,150.48,0.9061,1.3788
2023-11-03,1.0733,1.2374,0.6507,0.5990,149.36,0.8984,1.3671
2023-11-06,1.0747,1.2391,0.6503,0.5980,149.77,0.8969,1.3662
2023-11-07,1.0687,1.2296,0.6424,0.5932,150.47,0.9005,1.3769
2023-11-08,1.0715,1.2301,0.6421,0.5929,150.77,0.8980,1.3798
2023-11-09,1.0710,1.2279,0.6420,0.5947,151.04,0.8996,1.3766
2023-11-10,,,,,,,
2023-11-13,1.0700,1.2268,0.6387,0.5892,151.56,0.9014,1.3781
2023-11-14,1.0861,1.2483,0.6491,0.5987,150.75,0.8905,1.3711
2023-11-15,1.0853,1.2431,0.6518,0.6031,151.07,0.8872,1.3665
2023-11-16,1.0851,1.2423,0.6464,0.5978,150.59,0.8882,1.3774
2023-11-17,1.0879,1.2430,0.6494,0.5971,149.82,0.8870,1.3740
2023-11-20,1.0945,1.2505,0.6557,0.6029,148.26,0.8841,1.3720
2023-11-21,1.0923,1.2540,0.6568,0.6063,147.88,0.8831,1.3690
2023-11-22,1.0871,1.2468,0.6535,0.6014,149.67,0.8853,1.3733
2023-11-23,,,,,,,
2023-11-24,1.0934,1.2601,0.6584,0.6083,149.57,0.8818,1.3608
2023-11-27,1.0937,1.2613,0.6597,0.6090,148.89,0.8811,1.3633
2023-11-28,1.1007,1.2713,0.6666,0.6148,147.41,0.8763,1.3562
2023-11-29,1.0969,1.2690,0.6618,0.6149,147.39,0.8752,1.3596
2023-11-30,1.0908,1.2640,0.6614,0.6166,147.87,0.8725,1.3587
2023-12-01,1.0878,1.2682,0.6660,0.6198,147.00,0.8706,1.3495
2023-12-04,1.0824,1.2633,0.6620,0.6170,147.15,0.8730,1.3537
2023-12-05,1.0787,1.2590,0.6551,0.6133,147.26,0.8760,1.3577
2023-12-06,1.0790,1.2589,0.6569,0.6157,147.16,0.8741,1.3580
2023-12-07,1.0794,1.2582,0.6601,0.6173,144.10,0.8758,1.3594
2023-12-08,1.0746,1.2539,0.6569,0.6118,144.88,0.8810,1.3595
2023-12-11,1.0747,1.2550,0.6563,0.6120,146.41,0.8795,1.3568
2023-12-12,1.0790,1.2549,0.6561,0.6131,145.45,0.8757,1.3611
2023-12-13,1.0793,1.2527,0.6583,0.6124,145.17,0.8761,1.3570
2023-12-14,1.0997,1.2767,0.6713,0.6222,141.53,0.8639,1.3404
2023-12-15,1.0906,1.2709,0.6715,0.6221,141.80,0.8688,1.3374
2023-12-18,1.0920,1.2632,0.6697,0.6207,143.04,0.8682,1.3391
2023-12-19,1.0977,1.2751,0.6765,0.6269,143.62,0.8609,1.3340
2023-12-20,1.0957,1.2660,0.6764,0.6283,143.77,0.8615,1.3322
2023-12-21,1.0990,1.2668,0.6790,0.6284,142.16,0.8577,1.3294
2023-12-22,1.1008,1.2720,0.6803,0.6297,142.60,0.8564,1.3259
2023-12-25,,,,,,,
2023-12-26,1.1035,1.2709,0.6816,0.6322,142.48,0.8552,1.3208
2023-12-27,1.1114,1.2797,0.6844,0.6343,142.05,0.8417,1.3201
2023-12-28,1.1073,1.2743,0.6844,0.6346,141.08,0.8396,1.3202
2023-12-29,1.1062,1.2743,0.6828,0.6340,140.92,0.8405,1.3202
2024-01-01,,,,,,,
2024-01-02,1.0957,1.2632,0.6771,0.6263,141.89,0.8483,1.3310
2024-01-03,1.0909,1.2641,0.6720,0.6235,143.55,0.8523,1.3358
2024-01-04,1.0957,1.2692,0.6710,0.6233,144.59,0.8503,1.3355
2024-01-05,1.0957,1.2740,0.6722,0.6255,144.52,0.8486,1.3331
2024-01-08,1.0976,1.2766,0.6719,0.6250,143.89,0.8466,1.3361
2024-01-09,1.0935,1.2720,0.6692,0.6242,144.35,0.8515,1.3384
2024-01-10,1.0960,1.2730,0.6692,0.6224,145.68,0.8514,1.3379
2024-01-11,1.0943,1.2712,0.6653,0.6211,146.03,0.8556,1.3439
2024-01-12,1.0959,1.2746,0.6692,0.6247,144.86,0.8523,1.3399
2024-01-15,,,,,,,
2024-01-16,1.0882,1.2657,0.6597,0.6147,147.01,0.8604,1.3472
2024-01-17,1.0858,1.2666,0.6539,0.6104,148.39,0.8667,1.3523
2024-01-18,1.0863,1.2687,0.6564,0.6107,148.15,0.8685,1.3503
2024-01-19,1.0887,1.2677,0.6581,0.6101,148.21,0.8694,1.3467
2024-01-22,1.0895,1.2728,0.6586,0.6103,147.95,0.8686,1.3454
2024-01-23,1.0829,1.2661,0.6566,0.6071,148.55,0.8718,1.3486
2024-01-24,1.0901,1.2754,0.6601,0.6128,147.31,0.8631,1.3479
2024-01-25,1.0837,1.2700,0.6581,0.6116,147.69,0.8674,1.3489
2024-01-26,1.0866,1.2720,0.6589,0.6103,147.94,0.8635,1.3456
2024-01-29,1.0807,1.2681,0.6594,0.6110,147.65,0.8640,1.3439
2024-01-30,1.0844,1.2683,0.6595,0.6129,147.71,0.8624,1.3409
2024-01-31,1.0855,1.2733,0.6600,0.6147,146.26,0.8587,1.3384
2024-02-01,1.0865,1.2727,0.6566,0.6135,146.18,0.8579,1.3380
2024-02-02,1.0787,1.2627,0.6510,0.6066,148.54,0.8676,1.3458
2024-02-05,1.0736,1.2532,0.6478,0.6048,148.79,0.8711,1.3533
2024-02-06,1.0751,1.2589,0.6517,0.6073,148.03,0.8702,1.3499
2024-02-07,1.0769,1.2629,0.6523,0.6111,148.04,0.8731,1.3470
2024-02-08,1.0774,1.2620,0.6490,0.6092,149.25,0.8736,1.3463
2024-02-09,1.0782,1.2628,0.6516,0.6141,149.38,0.8750,1.3478
2024-02-12,1.0774,1.2631,0.6538,0.6138,149.37,0.8759,1.3437
2024-02-13,1.0720,1.2606,0.6460,0.6062,150.72,0.8863,1.3563
2024-02-14,1.0735,1.2562,0.6489,0.6090,150.50,0.8852,1.3550
2024-02-15,1.0761,1.2580,0.6508,0.6104,150.19,0.8808,1.3493
2024-02-16,1.0769,1.2590,0.6531,0.6119,150.34,0.8813,1.3483
2024-02-19,,,,,,,
2024-02-20,1.0814,1.2645,0.6560,0.6177,149.87,0.8807,1.3517
2024-02-21,1.0818,1.2624,0.6546,0.6175,150.29,0.8799,1.3504
2024-02-22,1.0815,1.2649,0.6547,0.6188,150.62,0.8816,1.3496
2024-02-23,1.0828,1.2678,0.6566,0.6198,150.36,0.8804,1.3502
2024-02-26,1.0855,1.2681,0.6539,0.6176,150.79,0.8801,1.3513
2024-02-27,1.0857,1.2693,0.6547,0.6173,150.46,0.8792,1.3522
2024-02-28,1.0843,1.2670,0.6496,0.6093,150.68,0.8786,1.3570
2024-02-29,1.0807,1.2632,0.6503,0.6092,149.90,0.8833,1.3568
2024-03-01,1.0832,1.2652,0.6529,0.6106,150.20,0.8844,1.3553
2024-03-04,1.0862,1.2701,0.6521,0.6100,150.44,0.8841,1.3563
2024-03-05,1.0861,1.2712,0.6507,0.6091,150.14,0.8837,1.3579
2024-03-06,1.0913,1.2757,0.6577,0.6142,149.17,0.8812,1.3509
2024-03-07,1.0941,1.2796,0.6618,0.6173,148.08,0.8781,1.3466
2024-03-08,1.0941,1.2852,0.6627,0.6180,147.17,0.8766,1.3468
2024-03-11,1.0928,1.2807,0.6608,0.6171,146.86,0.8783,1.3485
2024-03-12,1.0918,1.2786,0.6601,0.6151,147.69,0.8782,1.3495
2024-03-13,1.0944,1.2799,0.6623,0.6159,147.73,0.8780,1.3470
2024-03-14,1.0888,1.2749,0.6585,0.6133,148.19,0.8834,1.3516
2024-03-15,1.0888,1.2742,0.6569,0.6091,149.14,0.8837,1.3530
2024-03-18,1.0886,1.2736,0.6562,0.6085,149.13,0.8862,1.3540
2024-03-19,1.0859,1.2713,0.6528,0.6050,150.73,0.8882,1.3578
2024-03-20,1.0856,1.2713,0.6532,0.6037,151.66,0.8911,1.3562
2024-03-21,1.0861,1.2670,0.6570,0.6046,151.59,0.8993,1.3536
2024-03-22,1.0817,1.2603,0.6520,0.5998,151.35,0.8983,1.3594
2024-03-25,1.0837,1.2648,0.6539,0.6004,151.42,0.8983,1.3579
2024-03-26,1.0829,1.2630,0.6538,0.6010,151.58,0.9027,1.3568
2024-03-27,1.0821,1.2631,0.6525,0.6002,151.35,0.9056,1.3586
2024-03-28,1.0801,1.2634,0.6525,0.5984,151.35,0.9006,1.3530
2024-03-29,1.0791,1.2637,0.6524,0.5987,151.22,0.9015,1.3540
2024-04-01,1.0733,1.2545,0.6484,0.5944,151.72,0.9055,1.3579
2024-04-02,1.0769,1.2576,0.6513,0.5968,151.55,0.9071,1.3570
2024-04-03,1.0827,1.2635,0.6558,0.6000,151.67,0.9038,1.3521
2024-04-04,1.0865,1.2669,0.6615,0.6042,151.66,0.9049,1.3493
2024-04-05,1.0841,1.2633,0.6584,0.6020,151.59,0.9005,1.3580
2024-04-08,1.0853,1.2655,0.6602,0.6032,151.78,0.9051,1.3583
2024-04-09,1.0856,1.2676,0.6622,0.6057,151.73,0.9032,1.3583
2024-04-10,1.0737,1.2544,0.6509,0.5979,152.90,0.9127,1.3688
2024-04-11,1.0722,1.2535,0.6525,0.5983,153.19,0.9107,1.3705
2024-04-12,1.0647,1.2457,0.6478,0.5950,153.12,0.9120,1.3756
2024-04-15,1.0644,1.2466,0.6469,0.5928,154.25,0.9137,1.3751
2024-04-16,1.0628,1.2437,0.6412,0.5888,154.57,0.9128,1.3824
2024-04-17,1.0644,1.2443,0.6419,0.5902,154.61,0.9121,1.3804
2024-04-18,1.0660,1.2465,0.6437,0.5919,154.61,0.9115,1.3755
2024-04-19,1.0655,1.2397,0.6423,0.5895,154.55,0.9092,1.3742
2024-04-22,1.0655,1.2341,0.6439,0.5909,154.77,0.9119,1.3721
2024-04-23,1.0695,1.2434,0.6479,0.5935,154.81,0.9117,1.3676
2024-04-24,1.0687,1.2434,0.6486,0.5924,155.11,0.9141,1.3721
2024-04-25,1.0721,1.2494,0.6506,0.5942,155.52,0.9134,1.3691
2024-04-26,1.0686,1.2474,0.6528,0.5940,157.62,0.9142,1.3678
2024-04-29,1.0717,1.2553,0.6565,0.5974,156.71,0.9108,1.3649
2024-04-30,1.0684,1.2514,0.6490,0.5912,157.54,0.9174,1.3748
2024-05-01,1.0680,1.2488,0.6496,0.5903,157.65,0.9195,1.3760
2024-05-02,1.0706,1.2507,0.6547,0.5943,153.77,0.9119,1.3696
2024-05-03,1.0770,1.2550,0.6616,0.6021,152.85,0.9047,1.3683
2024-05-06,1.0779,1.2575,0.6623,0.6013,153.85,0.9052,1.3655
2024-05-07,1.0767,1.2535,0.6608,0.6012,154.59,0.9072,1.3712
2024-05-08,1.0755,1.2503,0.6585,0.6004,155.42,0.9076,1.3719
2024-05-09,1.0771,1.2505,0.6606,0.6020,155.68,0.9072,1.3690
2024-05-10,1.0773,1.2528,0.6607,0.6020,155.85,0.9063,1.3663
2024-05-13,1.0796,1.2563,0.6611,0.6019,156.17,0.9075,1.3675
2024-05-14,1.0818,1.2588,0.6623,0.6034,156.50,0.9067,1.3650
2024-05-15,1.0860,1.2658,0.6674,0.6104,155.02,0.9041,1.3612
2024-05-16,1.0875,1.2682,0.6683,0.6124,155.25,0.9044,1.3606
2024-05-17,1.0869,1.2703,0.6686,0.6132,155.57,0.9079,1.3615
2024-05-20,1.0861,1.2708,0.6675,0.6114,156.09,0.9097,1.3611
2024-05-21,1.0855,1.2710,0.6666,0.6097,156.08,0.9108,1.3644
2024-05-22,1.0836,1.2739,0.6636,0.6105,156.49,0.9140,1.3667
2024-05-23,1.0827,1.2717,0.6629,0.6115,157.05,0.9144,1.3696
2024-05-24,1.0852,1.2746,0.6629,0.6121,156.90,0.9143,1.3665
2024-05-27,,,,,,,
2024-05-28,1.0879,1.2786,0.6666,0.6157,156.90,0.9106,1.3630
2024-05-29,1.0811,1.2714,0.6619,0.6118,157.62,0.9135,1.3702
2024-05-30,1.0837,1.2739,0.6642,0.6128,156.63,0.9036,1.3668
2024-05-31,1.0846,1.2738,0.6640,0.6137,157.19,0.9034,1.3646
2024-06-03,1.0890,1.2795,0.6683,0.6183,156.04,0.8954,1.3626
2024-06-04,1.0878,1.2785,0.6643,0.6175,154.87,0.8904,1.3684
2024-06-05,1.0865,1.2771,0.6643,0.6186,156.21,0.8940,1.3705
2024-06-06,1.0883,1.2786,0.6662,0.6197,155.98,0.8917,1.3684
2024-06-07,1.0807,1.2727,0.6589,0.6113,156.58,0.8960,1.3747
2024-06-10,1.0751,1.2733,0.6611,0.6126,156.93,0.8968,1.3755
2024-06-11,1.0733,1.2725,0.6598,0.6132,157.32,0.8987,1.3764
2024-06-12,1.0843,1.2843,0.6701,0.6219,155.88,0.8918,1.3690
2024-06-13,1.0756,1.2764,0.6641,0.6174,156.77,0.8935,1.3746
2024-06-14,1.0699,1.2685,0.6617,0.6142,157.28,0.8907,1.3735
2024-06-17,1.0723,1.2689,0.6599,0.6118,157.80,0.8914,1.3752
2024-06-18,1.0739,1.2699,0.6652,0.6139,157.81,0.8842,1.3723
2024-06-19,,,,,,,
2024-06-20,1.0708,1.2671,0.6656,0.6120,158.77,0.8912,1.3703
2024-06-21,1.0694,1.2645,0.6640,0.6120,159.45,0.8938,1.3698
2024-06-24,1.0727,1.2684,0.6655,0.6126,159.71,0.8939,1.3658
2024-06-25,1.0705,1.2677,0.6642,0.6115,159.68,0.8944,1.3658
2024-06-26,1.0682,1.2625,0.6649,0.6078,160.68,0.8973,1.3697
2024-06-27,1.0708,1.2653,0.6648,0.6089,160.70,0.8980,1.3693
2024-06-28,1.0711,1.2640,0.6677,0.6096,160.88,0.8992,1.3684
2024-07-01,1.0728,1.2650,0.6656,0.6072,161.55,0.9039,1.3742
2024-07-02,1.0737,1.2679,0.6659,0.6072,161.53,0.9046,1.3691
2024-07-03,1.0799,1.2766,0.6719,0.6114,161.48,0.9007,1.3624
2024-07-04,,,,,,,
2024-07-05,1.0828,1.2807,0.6743,0.6138,160.73,0.8976,1.3631
2024-07-08,1.0835,1.2829,0.6741,0.6134,160.77,0.8971,1.3637
2024-07-09,1.0813,1.2787,0.6737,0.6123,161.40,0.8978,1.3636
2024-07-10,1.0823,1.2842,0.6747,0.6083,161.73,0.8992,1.3608
2024-07-11,1.0870,1.2920,0.6776,0.6113,158.58,0.8939,1.3619
2024-07-12,1.0902,1.2986,0.6788,0.6122,157.88,0.8942,1.3627
2024-07-15,1.0912,1.2986,0.6778,0.6094,157.89,0.8949,1.3662
2024-07-16,1.0885,1.2958,0.6726,0.6044,158.57,0.8953,1.3686
2024-07-17,1.0933,1.3008,0.6728,0.6073,156.56,0.8846,1.3683
2024-07-18,1.0913,1.2973,0.6726,0.6067,156.97,0.8858,1.3695
2024-07-19,1.0888,1.2922,0.6694,0.6019,157.38,0.8884,1.3723
2024-07-22,1.0880,1.2911,0.6639,0.5977,157.08,0.8900,1.3756
2024-07-23,1.0855,1.2916,0.6619,0.5961,156.02,0.8915,1.3763
2024-07-24,1.0853,1.2925,0.6600,0.5948,153.39,0.8838,1.3783
2024-07-25,1.0861,1.2884,0.6552,0.5903,153.97,0.8802,1.3809
2024-07-26,1.0859,1.2864,0.6557,0.5895,153.86,0.8826,1.3832
2024-07-29,1.0819,1.2853,0.6540,0.5872,153.96,0.8860,1.3853
2024-07-30,1.0809,1.2828,0.6537,0.5897,153.72,0.8852,1.3848
2024-07-31,1.0823,1.2840,0.6535,0.5947,150.38,0.8797,1.3806
2024-08-01,1.0789,1.2772,0.6522,0.5962,150.06,0.8744,1.3845
2024-08-02,1.0914,1.2798,0.6528,0.5972,146.98,0.8605,1.3846
2024-08-05,1.0957,1.2765,0.6488,0.5930,143.95,0.8528,1.3820
2024-08-06,1.0926,1.2695,0.6519,0.5951,145.11,0.8533,1.3791
2024-08-07,1.0925,1.2718,0.6552,0.6015,147.42,0.8652,1.3729
2024-08-08,1.0914,1.2741,0.6581,0.6002,147.08,0.8656,1.3742
2024-08-09,1.0925,1.2766,0.6577,0.6012,146.49,0.8639,1.3725
2024-08-12,1.0928,1.2776,0.6595,0.6021,147.54,0.8673,1.3741
2024-08-13,1.0954,1.2828,0.6613,0.6059,146.97,0.8654,1.3723
2024-08-14,1.1024,1.2849,0.6617,0.6021,146.86,0.8638,1.3696
2024-08-15,1.0986,1.2863,0.6629,0.6006,148.91,0.8712,1.3701
2024-08-16,1.0996,1.2906,0.6649,0.6035,148.13,0.8685,1.3705
2024-08-19,1.1070,1.2984,0.6715,0.6093,146.42,0.8629,1.3659
2024-08-20,1.1106,1.3027,0.6743,0.6144,145.70,0.8576,1.3631
2024-08-21,1.1143,1.3077,0.6753,0.6161,145.19,0.8515,1.3583
2024-08-22,1.1114,1.3094,0.6708,0.6140,145.97,0.8518,1.3605
2024-08-23,1.1176,1.3197,0.6777,0.6212,144.86,0.8492,1.3514
2024-08-26,1.1164,1.3185,0.6772,0.6204,144.51,0.8479,1.3485
2024-08-27,1.1160,1.3235,0.6779,0.6237,144.26,0.8439,1.3454
2024-08-28,1.1127,1.3201,0.6781,0.6242,144.47,0.8420,1.3462
2024-08-29,1.1086,1.3186,0.6807,0.6268,144.98,0.8466,1.3460
2024-08-30,1.1060,1.3132,0.6765,0.6242,145.95,0.8493,1.3493
2024-09-02,,,,,,,
2024-09-03,1.1043,1.3103,0.6721,0.6189,145.82,0.8503,1.3543
2024-09-04,1.1081,1.3142,0.6724,0.6199,144.31,0.8482,1.3519
2024-09-05,1.1096,1.3165,0.6727,0.6213,143.43,0.8453,1.3515
2024-09-06,1.1086,1.3136,0.6678,0.6178,142.13,0.8428,1.3561
2024-09-09,1.1042,1.3083,0.6664,0.6150,142.92,0.8480,1.3560
2024-09-10,1.1025,1.3065,0.6652,0.6155,142.28,0.8459,1.3607
2024-09-11,1.1012,1.3027,0.6650,0.6121,141.72,0.8505,1.3595
2024-09-12,1.1041,1.3081,0.6696,0.6152,142.24,0.8527,1.3595
2024-09-13,1.1085,1.3140,0.6712,0.6166,140.66,0.8479,1.3581
2024-09-16,1.1123,1.3202,0.6739,0.6185,140.79,0.8453,1.3599
2024-09-17,1.1118,1.3164,0.6754,0.6183,141.77,0.8470,1.3598
2024-09-18,1.1116,1.3199,0.6761,0.6203,141.93,0.8459,1.3607
2024-09-19,1.1147,1.3279,0.6817,0.6241,142.88,0.8478,1.3560
2024-09-20,1.1159,1.3305,0.6806,0.6234,143.90,0.8496,1.3565
2024-09-23,1.1130,1.3351,0.6848,0.6271,143.59,0.8475,1.3502
2024-09-24,1.1150,1.3376,0.6873,0.6321,143.77,0.8459,1.3470
2024-09-25,1.1143,1.3338,0.6837,0.6279,144.41,0.8495,1.3466
2024-09-26,1.1184,1.3428,0.6902,0.6327,144.68,0.8463,1.3466
2024-09-27,1.1159,1.3394,0.6911,0.6342,142.60,0.8424,1.3504
2024-09-30,1.1145,1.3399,0.6934,0.6363,143.25,0.8444,1.3511
2024-10-01,1.1067,1.3282,0.6888,0.6284,143.66,0.8458,1.3492
2024-10-02,1.1050,1.3271,0.6895,0.6277,146.05,0.8495,1.3485
2024-10-03,1.1015,1.3114,0.6843,0.6216,146.82,0.8540,1.3533
2024-10-04,1.0961,1.3107,0.6797,0.6156,148.69,0.8589,1.3578
2024-10-07,1.0976,1.3080,0.6761,0.6123,148.13,0.8555,1.3608
2024-10-08,1.0970,1.3093,0.6738,0.6124,148.22,0.8576,1.3662
2024-10-09,1.0951,1.3080,0.6725,0.6065,149.20,0.8595,1.3682
2024-10-10,1.0925,1.3053,0.6733,0.6086,148.56,0.8573,1.3752
2024-10-11,1.0942,1.3070,0.6756,0.6111,149.12,0.8574,1.3768
2024-10-14,,,,,,,
2024-10-15,1.0899,1.3083,0.6709,0.6086,149.22,0.8621,1.3803
2024-10-16,1.0873,1.3000,0.6662,0.6058,149.71,0.8642,1.3772
2024-10-17,1.0837,1.3008,0.6702,0.6063,150.12,0.8654,1.3791
2024-10-18,1.0854,1.3022,0.6700,0.6065,149.58,0.8659,1.3804
2024-10-21,1.0820,1.2980,0.6661,0.6033,150.47,0.8658,1.3847
2024-10-22,1.0805,1.2969,0.6679,0.6044,151.11,0.8654,1.3830
2024-10-23,1.0779,1.2944,0.6632,0.6007,152.81,0.8665,1.3838
2024-10-24,1.0806,1.2964,0.6629,0.6008,151.87,0.8668,1.3858
2024-10-25,1.0813,1.2978,0.6621,0.5994,152.08,0.8664,1.3882
2024-10-28,1.0819,1.2981,0.6587,0.5980,153.21,0.8659,1.3903
2024-10-29,1.0798,1.3005,0.6557,0.5961,153.47,0.8684,1.3909
2024-10-30,1.0864,1.3012,0.6584,0.5986,153.15,0.8664,1.3911
2024-10-31,1.0855,1.2856,0.6550,0.5951,152.35,0.8648,1.3939
2024-11-01,1.0848,1.2959,0.6582,0.5980,152.94,0.8704,1.3925
2024-11-04,1.0884,1.2942,0.6584,0.5978,152.02,0.8632,1.3898
2024-11-05,1.0920,1.3015,0.6633,0.5999,151.96,0.8635,1.3850
2024-11-06,1.0732,1.2897,0.6573,0.5946,154.58,0.8761,1.3929
2024-11-07,1.0792,1.2985,0.6671,0.6020,153.13,0.8724,1.3866
2024-11-08,1.0710,1.2905,0.6573,0.5961,152.58,0.8755,1.3921
2024-11-11,,,,,,,
2024-11-12,1.0598,1.2733,0.6522,0.5917,154.73,0.8827,1.3956
2024-11-13,1.0567,1.2709,0.6486,0.5886,155.28,0.8850,1.3985
2024-11-14,1.0562,1.2706,0.6473,0.5872,155.96,0.8878,1.4025
2024-11-15,1.0552,1.2629,0.6461,0.5862,154.59,0.8878,1.4076
2024-11-18,1.0586,1.2664,0.6498,0.5883,154.78,0.8850,1.4028
2024-11-19,1.0578,1.2667,0.6524,0.5907,154.34,0.8824,1.3981
2024-11-20,1.0521,1.2639,0.6494,0.5872,155.38,0.8855,1.3995
2024-11-21,1.0475,1.2586,0.6503,0.5853,154.66,0.8866,1.3960
2024-11-22,1.0399,1.2516,0.6495,0.5827,154.73,0.8946,1.3985
2024-11-25,1.0478,1.2554,0.6491,0.5841,154.29,0.8874,1.4003
2024-11-26,1.0481,1.2547,0.6461,0.5826,153.49,0.8876,1.4058
2024-11-27,1.0575,1.2678,0.6492,0.5902,150.69,0.8806,1.4028
2024-11-28,,,,,,,
2024-11-29,1.0547,1.2699,0.6513,0.5913,150.41,0.8822,1.4014
2024-12-02,1.0484,1.2639,0.6459,0.5877,149.26,0.8866,1.4069
2024-12-03,1.0518,1.2677,0.6483,0.5883,149.12,0.8852,1.4065
2024-12-04,1.0527,1.2712,0.6436,0.5864,150.18,0.8835,1.4069
2024-12-05,1.0571,1.2754,0.6439,0.5870,150.19,0.8794,1.4035
2024-12-06,1.0563,1.2744,0.6382,0.5832,149.78,0.8776,1.4144
2024-12-09,1.0570,1.2783,0.6462,0.5881,151.24,0.8774,1.4120
2024-12-10,1.0512,1.2758,0.6377,0.5802,152.05,0.8823,1.4160
2024-12-11,1.0508,1.2763,0.6378,0.5797,152.34,0.8830,1.4126
2024-12-12,1.0514,1.2715,0.6388,0.5790,152.07,0.8879,1.4179
2024-12-13,1.0498,1.2629,0.6359,0.5761,153.74,0.8929,1.4240
2024-12-16,1.0512,1.2690,0.6372,0.5781,154.18,0.8934,1.4230
2024-12-17,1.0506,1.2718,0.6339,0.5759,153.41,0.8930,1.4312
2024-12-18,1.0469,1.2696,0.6302,0.5719,154.00,0.8937,1.4335
2024-12-19,1.0357,1.2530,0.6252,0.5644,157.73,0.8994,1.4366
2024-12-20,1.0430,1.2587,0.6266,0.5664,156.11,0.8928,1.4354
2024-12-23,1.0409,1.2529,0.6243,0.5649,157.04,0.8991,1.4390
2024-12-24,1.0388,1.2528,0.6230,0.5639,157.29,0.9009,1.4383
2024-12-25,,,,,,,
2024-12-26,1.0423,1.2522,0.6227,0.5632,158.01,0.9000,1.4404
2024-12-27,1.0423,1.2573,0.6208,0.5631,157.73,0.9018,1.4433
2024-12-30,1.0386,1.2523,0.6219,0.5640,157.26,0.9066,1.4374
2024-12-31,1.0351,1.2521,0.6185,0.5596,157.37,0.9068,1.4400
2025-01-01,,,,,,,
2025-01-02,1.0261,1.2376,0.6208,0.5601,157.65,0.9124,1.4422
2025-01-03,1.0292,1.2419,0.6209,0.5604,157.20,0.9096,1.4455
2025-01-06,1.0397,1.2530,0.6251,0.5646,157.54,0.9043,1.4359
2025-01-07,1.0369,1.2499,0.6245,0.5643,157.82,0.9076,1.4341
2025-01-08,1.0313,1.2366,0.6217,0.5613,158.31,0.9107,1.4375
2025-01-09,1.0298,1.2303,0.6196,0.5598,158.01,0.9124,1.4394
2025-01-10,1.0238,1.2215,0.6147,0.5556,157.68,0.9172,1.4437
2025-01-13,1.0209,1.2158,0.6155,0.5556,157.51,0.9192,1.4411
2025-01-14,1.0292,1.2188,0.6184,0.5596,157.95,0.9139,1.4369
2025-01-15,1.0282,1.2214,0.6218,0.5613,156.60,0.9129,1.4340
2025-01-16,1.0303,1.2246,0.6221,0.5618,155.44,0.9110,1.4377
2025-01-17,1.0287,1.2181,0.6210,0.5596,156.30,0.9148,1.4420
2025-01-20,,,,,,,
2025-01-21,1.0423,1.2331,0.6272,0.5667,155.49,0.9069,1.4328
2025-01-22,1.0420,1.2324,0.6276,0.5669,156.62,0.9070,1.4361
2025-01-23,1.0420,1.2347,0.6287,0.5677,156.00,0.9072,1.4359
2025-01-24,1.0515,1.2496,0.6322,0.5720,155.58,0.9044,1.4331
2025-01-27,1.0492,1.2479,0.6280,0.5682,154.22,0.9006,1.4388
2025-01-28,1.0427,1.2433,0.6247,0.5663,155.65,0.9051,1.4392
2025-01-29,1.0416,1.2435,0.6228,0.5654,155.22,0.9077,1.4432
2025-01-30,1.0420,1.2453,0.6233,0.5654,154.42,0.9085,1.4411
2025-01-31,1.0400,1.2447,0.6242,0.5668,154.91,0.9088,1.4459
2025-02-03,1.0277,1.2389,0.6177,0.5589,154.68,0.9139,1.4601
2025-02-04,1.0379,1.2487,0.6257,0.5650,154.56,0.9058,1.4318
2025-02-05,1.0419,1.2516,0.6296,0.5697,152.33,0.9009,1.4280
2025-02-06,1.0368,1.2435,0.6279,0.5670,152.04,0.9055,1.4314
2025-02-07,1.0329,1.2396,0.6264,0.5652,151.30,0.9101,1.4311
2025-02-10,1.0312,1.2385,0.6279,0.5651,151.72,0.9110,1.4317
2025-02-11,1.0346,1.2423,0.6294,0.5657,152.37,0.9133,1.4308
2025-02-12,1.0392,1.2444,0.6285,0.5641,154.62,0.9130,1.4288
2025-02-13,1.0428,1.2528,0.6292,0.5652,153.18,0.9048,1.4230
2025-02-14,1.0498,1.2609,0.6359,0.5734,152.25,0.8983,1.4170
2025-02-17,,,,,,,
2025-02-18,1.0457,1.2614,0.6353,0.5705,151.79,0.9023,1.4189
2025-02-19,1.0406,1.2571,0.6341,0.5701,151.67,0.9054,1.4235
2025-02-20,1.0475,1.2643,0.6393,0.5756,149.63,0.8993,1.4195
2025-02-21,1.0455,1.2647,0.6376,0.5751,149.49,0.8990,1.4196
2025-02-24,1.0478,1.2640,0.6361,0.5746,149.57,0.8966,1.4224
2025-02-25,1.0498,1.2652,0.6332,0.5716,149.09,0.8928,1.4300
2025-02-26,1.0514,1.2696,0.6323,0.5711,149.13,0.8931,1.4346
2025-02-27,1.0414,1.2628,0.6256,0.5647,149.80,0.8981,1.4419
2025-02-28,1.0402,1.2591,0.6211,0.5602,150.64,0.9019,1.4433
2025-03-03,1.0496,1.2711,0.6249,0.5635,150.16,0.8972,1.4399
2025-03-04,1.0534,1.2726,0.6212,0.5621,148.81,0.8900,1.4515
2025-03-05,1.0768,1.2864,0.6312,0.5707,148.82,0.8900,1.4375
2025-03-06,1.0818,1.2894,0.6348,0.5749,147.90,0.8841,1.4282
2025-03-07,1.0859,1.2918,0.6300,0.5710,147.13,0.8774,1.4385
2025-03-10,1.0837,1.2909,0.6308,0.5725,147.15,0.8813,1.4431
2025-03-11,1.0927,1.2948,0.6285,0.5710,147.48,0.8800,1.4462
2025-03-12,1.0925,1.2970,0.6306,0.5723,148.32,0.8827,1.4397
2025-03-13,1.0859,1.2945,0.6289,0.5709,147.71,0.8849,1.4398
2025-03-14,1.0872,1.2917,0.6318,0.5741,148.51,0.8855,1.4377
2025-03-17,1.0922,1.2988,0.6375,0.5811,148.56,0.8812,1.4298
2025-03-18,1.0927,1.2987,0.6356,0.5810,149.49,0.8773,1.4312
2025-03-19,1.0877,1.2969,0.6331,0.5783,150.02,0.8800,1.4328
2025-03-20,1.0848,1.2973,0.6301,0.5751,148.84,0.8826,1.4326
2025-03-21,1.0806,1.2896,0.6266,0.5731,148.98,0.8834,1.4356
2025-03-24,1.0794,1.2913,0.6281,0.5719,150.74,0.8842,1.4292
2025-03-25,1.0804,1.2948,0.6309,0.5738,149.77,0.8819,1.4307
2025-03-26,1.0781,1.2889,0.6307,0.5743,150.69,0.8839,1.4254
2025-03-27,1.0800,1.2963,0.6308,0.5748,150.97,0.8818,1.4316
2025-03-28,1.0826,1.2942,0.6300,0.5730,150.26,0.8809,1.4282
2025-03-31,1.0796,1.2896,0.6236,0.5666,149.90,0.8843,1.4379
2025-04-01,1.0800,1.2923,0.6278,0.5704,149.40,0.8827,1.4316
2025-04-02,1.0868,1.2974,0.6300,0.5741,149.98,0.8819,1.4310
2025-04-03,1.1052,1.3113,0.6352,0.5815,146.04,0.8590,1.4062
2025-04-04,1.1014,1.2927,0.6043,0.5593,145.93,0.8547,1.4194
2025-04-07,1.0912,1.2729,0.5980,0.5536,147.96,0.8597,1.4224
2025-04-08,1.0912,1.2769,0.6015,0.5577,147.02,0.8560,1.4199
2025-04-09,1.1040,1.2771,0.6003,0.5561,145.09,0.8413,1.4187
2025-04-10,1.1192,1.2940,0.6192,0.5722,144.34,0.8283,1.4010
2025-04-11,1.1325,1.3051,0.6245,0.5796,143.57,0.8153,1.3895
2025-04-14,1.1358,1.3176,0.6312,0.5867,142.96,0.8139,1.3892
2025-04-15,1.1290,1.3223,0.6358,0.5916,143.10,0.8209,1.3944
2025-04-16,1.1382,1.3247,0.6389,0.5929,142.56,0.8142,1.3882
2025-04-17,1.1364,1.3259,0.6382,0.5971,142.33,0.8203,1.3856
2025-04-18,1.1390,1.3279,0.6375,0.5933,142.22,0.8174,1.3846
2025-04-21,1.1508,1.3385,0.6412,0.6001,140.81,0.8069,1.3818
2025-04-22,1.1466,1.3376,0.6391,0.5994,140.87,0.8150,1.3798
2025-04-23,1.1350,1.3256,0.6376,0.5965,142.64,0.8271,1.3894
2025-04-24,1.1363,1.3309,0.6396,0.5987,142.64,0.8271,1.3889
2025-04-25,1.1381,1.3331,0.6396,0.5969,143.75,0.8285,1.3858
2025-04-28,1.1387,1.3395,0.6413,0.5965,142.70,0.8254,1.3857
2025-04-29,1.1396,1.3397,0.6385,0.5940,142.29,0.8241,1.3853
2025-04-30,1.1349,1.3344,0.6399,0.5933,142.63,0.8227,1.3807
2025-05-01,1.1279,1.3273,0.6373,0.5901,145.48,0.8321,1.3847
2025-05-02,1.1330,1.3283,0.6447,0.5955,144.52,0.8262,1.3790
2025-05-05,1.1315,1.3284,0.6472,0.5974,143.98,0.8239,1.3810
2025-05-06,1.1345,1.3369,0.6489,0.6004,142.76,0.8242,1.3774
2025-05-07,1.1348,1.3344,0.6462,0.5977,143.47,0.8215,1.3773
2025-05-08,1.1249,1.3287,0.6416,0.5922,145.46,0.8291,1.3914
2025-05-09,1.1270,1.3318,0.6425,0.5920,145.15,0.8298,1.3925
2025-05-12,1.1106,1.3194,0.6369,0.5864,148.09,0.8427,1.4003
2025-05-13,1.1176,1.3280,0.6472,0.5938,147.75,0.8412,1.3958
2025-05-14,1.1206,1.3303,0.6448,0.5918,146.54,0.8397,1.3963
2025-05-15,1.1189,1.3292,0.6403,0.5873,145.61,0.8359,1.3989
2025-05-16,1.1141,1.3257,0.6395,0.5872,146.02,0.8396,1.3991
2025-05-19,1.1236,1.3357,0.6458,0.5926,144.99,0.8342,1.3944
2025-05-20,1.1254,1.3371,0.6405,0.5909,144.72,0.8321,1.3941
2025-05-21,1.1343,1.3447,0.6468,0.5965,143.68,0.8251,1.3822
2025-05-22,1.1281,1.3426,0.6417,0.5907,143.89,0.8291,1.3856
2025-05-23,1.1350,1.3511,0.6478,0.5977,142.61,0.8214,1.3755
2025-05-26,,,,,,,
2025-05-27,1.1326,1.3505,0.6437,0.5944,144.37,0.8278,1.3776
2025-05-28,1.1286,1.3462,0.6417,0.5952,145.04,0.8276,1.3819
2025-05-29,1.1370,1.3489,0.6443,0.5980,144.09,0.8227,1.3809
2025-05-30,1.1347,1.3468,0.6434,0.5972,144.18,0.8229,1.3747
2025-06-02,1.1432,1.3549,0.6493,0.6035,142.76,0.8173,1.3699
2025-06-03,1.1373,1.3520,0.6462,0.5999,143.93,0.8242,1.3722
2025-06-04,1.1424,1.3570,0.6499,0.6032,142.91,0.8183,1.3668
2025-06-05,1.1440,1.3584,0.6517,0.6045,143.87,0.8210,1.3667
2025-06-06,1.1397,1.3532,0.6496,0.6020,144.87,0.8220,1.3686
2025-06-09,1.1425,1.3563,0.6526,0.6056,144.37,0.8205,1.3675
2025-06-10,1.1423,1.3508,0.6523,0.6045,144.91,0.8219,1.3683
2025-06-11,1.1490,1.3556,0.6521,0.6047,144.48,0.8195,1.3662
2025-06-12,1.1578,1.3589,0.6525,0.6063,143.64,0.8125,1.3615
2025-06-13,1.1557,1.3594,0.6513,0.6035,144.04,0.8116,1.3575
2025-06-16,1.1581,1.3600,0.6536,0.6072,144.14,0.8115,1.3556
2025-06-17,1.1535,1.3516,0.6515,0.6056,145.04,0.8141,1.3587
2025-06-18,1.1521,1.3471,0.6520,0.6046,144.58,0.8174,1.3683
2025-06-19,,,,,,,
2025-06-20,1.1520,1.3465,0.6455,0.5969,145.92,0.8175,1.3739
2025-06-23,1.1538,1.3491,0.6423,0.5940,146.47,0.8133,1.3773
2025-06-24,1.1608,1.3616,0.6499,0.6016,144.90,0.8049,1.3711
2025-06-25,1.1620,1.3626,0.6493,0.6020,145.59,0.8057,1.3750
2025-06-26,1.1717,1.3754,0.6555,0.6069,144.34,0.7990,1.3629
2025-06-27,1.1724,1.3720,0.6535,0.6062,144.74,0.7989,1.3666
2025-06-30,1.1770,1.3722,0.6573,0.6092,144.17,0.7938,1.3620
2025-07-01,1.1776,1.3728,0.6572,0.6087,143.58,0.7929,1.3659
2025-07-02,1.1790,1.3623,0.6571,0.6077,143.76,0.7921,1.3620
2025-07-03,1.1758,1.3656,0.6576,0.6068,144.96,0.7951,1.3559
2025-07-04,,,,,,,
2025-07-07,1.1733,1.3638,0.6513,0.6014,145.86,0.7969,1.3644
2025-07-08,1.1707,1.3575,0.6524,0.5994,146.81,0.7971,1.3671
2025-07-09,1.1707,1.3585,0.6532,0.5992,146.53,0.7957,1.3694
2025-07-10,1.1688,1.3569,0.6572,0.6019,146.46,0.7971,1.3682
2025-07-11,1.1696,1.3503,0.6577,0.6011,147.29,0.7962,1.3678
2025-07-14,1.1672,1.3437,0.6550,0.5974,147.69,0.7977,1.3694
2025-07-15,1.1619,1.3396,0.6520,0.5951,148.75,0.8004,1.3713
2025-07-16,1.1629,1.3426,0.6522,0.5939,148.08,0.8014,1.3706
2025-07-17,1.1597,1.3413,0.6485,0.5930,148.55,0.8043,1.3749
2025-07-18,1.1645,1.3439,0.6527,0.5977,148.55,0.8001,1.3711
2025-07-21,1.1705,1.3498,0.6531,0.5979,147.27,0.7973,1.3689
2025-07-22,1.1749,1.3522,0.6556,0.6001,146.36,0.7926,1.3615
2025-07-23,1.1748,1.3566,0.6590,0.6039,146.55,0.7936,1.3609
2025-07-24,1.1765,1.3524,0.6601,0.6041,146.92,0.7957,1.3643
2025-07-25,1.1730,1.3429,0.6556,0.6006,147.77,0.7965,1.3714
2025-07-28,1.1609,1.3393,0.6519,0.5973,148.45,0.8025,1.3718
2025-07-29,1.1534,1.3339,0.6509,0.5955,148.57,0.8071,1.3777
2025-07-30,1.1470,1.3274,0.6452,0.5912,149.07,0.8111,1.3814
2025-07-31,1.1431,1.3220,0.6430,0.5894,150.60,0.8123,1.3845
2025-08-01,1.1555,1.3259,0.6468,0.5912,148.06,0.8068,1.3778
2025-08-04,1.1568,1.3290,0.6467,0.5907,147.09,0.8083,1.3775
2025-08-05,1.1580,1.3309,0.6472,0.5901,147.49,0.8071,1.3779
2025-08-06,1.1647,1.3360,0.6504,0.5939,147.25,0.8052,1.3739
2025-08-07,1.1641,1.3434,0.6502,0.5944,147.35,0.8074,1.3749
2025-08-08,1.1660,1.3444,0.6528,0.5956,147.70,0.8073,1.3752
2025-08-11,1.1607,1.3414,0.6512,0.5936,147.99,0.8126,1.3783
2025-08-12,1.1673,1.3509,0.6532,0.5957,147.80,0.8081,1.3762
2025-08-13,1.1715,1.3572,0.6546,0.5978,147.25,0.8043,1.3764
2025-08-14,1.1644,1.3532,0.6490,0.5916,147.69,0.8078,1.3806
2025-08-15,1.1708,1.3565,0.6515,0.5930,147.00,0.8061,1.3808
2025-08-18,1.1667,1.3521,0.6494,0.5925,147.76,0.8068,1.3815
2025-08-19,1.1660,1.3496,0.6459,0.5901,147.72,0.8070,1.3859
2025-08-20,1.1649,1.3450,0.6428,0.5822,147.19,0.8044,1.3874
2025-08-21,1.1605,1.3417,0.6421,0.5818,148.35,0.8085,1.3900
2025-08-22,1.1713,1.3528,0.6485,0.5862,146.82,0.8016,1.3845
2025-08-25,1.1670,1.3491,0.6500,0.5867,147.61,0.8034,1.3829
2025-08-26,1.1657,1.3485,0.6500,0.5865,147.30,0.8031,1.3823
2025-08-27,1.1611,1.3468,0.6496,0.5848,147.75,0.8037,1.3825
2025-08-28,1.1672,1.3516,0.6532,0.5885,146.98,0.8017,1.3750
2025-08-29,1.1695,1.3511,0.6545,0.5901,146.90,0.7996,1.3726
2025-09-01,,,,,,,
2025-09-02,1.1653,1.3392,0.6516,0.5864,148.23,0.8033,1.3784
2025-09-03,1.1676,1.3448,0.6550,0.5881,147.97,0.8032,1.3787
2025-09-04,1.1648,1.3441,0.6514,0.5838,148.63,0.8059,1.3828
2025-09-05,1.1759,1.3543,0.6570,0.5910,146.84,0.7958,1.3823
2025-09-08,1.1751,1.3550,0.6592,0.5941,147.58,0.7935,1.3820
2025-09-09,1.1723,1.3533,0.6593,0.5931,147.23,0.7961,1.3834
2025-09-10,1.1714,1.3548,0.6626,0.5954,147.37,0.7979,1.3843
2025-09-11,1.1732,1.3568,0.6658,0.5973,147.17,0.7961,1.3830
2025-09-12,1.1714,1.3547,0.6636,0.5948,147.85,0.7975,1.3858
2025-09-15,1.1772,1.3609,0.6671,0.5972,147.27,0.7938,1.3797
2025-09-16,1.1848,1.3654,0.6678,0.5980,146.56,0.7877,1.3745
2025-09-17,1.1845,1.3661,0.6668,0.5972,146.36,0.7871,1.3761
2025-09-18,1.1780,1.3552,0.6613,0.5878,148.02,0.7927,1.3796
2025-09-19,1.1753,1.3484,0.6597,0.5859,147.83,0.7949,1.3772
2025-09-22,1.1773,1.3505,0.6591,0.5863,147.83,0.7935,1.3814
2025-09-23,1.1800,1.3518,0.6601,0.5858,147.83,0.7922,1.3834
2025-09-24,1.1742,1.3450,0.6587,0.5815,148.71,0.7951,1.3894
2025-09-25,1.1673,1.3351,0.6550,0.5777,149.78,0.8006,1.3923
2025-09-26,1.1692,1.3404,0.6546,0.5769,149.52,0.7985,1.3946
2025-09-29,1.1730,1.3433,0.6578,0.5786,148.57,0.7970,1.3904
2025-09-30,1.1735,1.3443,0.6614,0.5799,147.97,0.7966,1.3927
2025-10-01,1.1723,1.3474,0.6605,0.5811,147.16,0.7984,1.3953
2025-10-02,1.1696,1.3423,0.6588,0.5813,147.35,0.7994,1.3974
2025-10-03,1.1747,1.3481,0.6615,0.5840,147.33,0.7949,1.3946
2025-10-06,1.1707,1.3476,0.6620,0.5838,150.02,0.7954,1.3945
2025-10-07,1.1674,1.3441,0.6587,0.5806,151.17,0.7970,1.3949
2025-10-08,1.1606,1.3390,0.6582,0.5779,152.72,0.8020,1.3953
2025-10-09,1.1559,1.3312,0.6556,0.5745,153.05,0.8059,1.4009
2025-10-10,1.1613,1.3343,0.6495,0.5733,151.94,0.8015,1.3997
2025-10-13,,,,,,,
2025-10-14,1.1608,1.3321,0.6492,0.5719,151.77,0.8010,1.4041
2025-10-15,1.1638,1.3396,0.6514,0.5724,151.21,0.7972,1.4033
2025-10-16,1.1665,1.3425,0.6492,0.5732,150.75,0.7957,1.4045
2025-10-17,1.1674,1.3425,0.6486,0.5722,150.33,0.7919,1.4046
2025-10-20,1.1656,1.3420,0.6517,0.5751,150.59,0.7918,1.4029
2025-10-21,1.1616,1.3391,0.6499,0.5747,151.72,0.7950,1.4010
2025-10-22,1.1612,1.3372,0.6502,0.5753,151.79,0.7958,1.3978
2025-10-23,1.1612,1.3323,0.6516,0.5751,152.72,0.7956,1.3991
2025-10-24,1.1626,1.3298,0.6511,0.5748,152.82,0.7958,1.4013
2025-10-27,1.1636,1.3331,0.6554,0.5763,153.09,0.7965,1.3995
2025-10-28,1.1659,1.3280,0.6585,0.5780,152.14,0.7927,1.3937
2025-10-29,1.1664,1.3243,0.6613,0.5798,151.91,0.7958,1.3893
2025-10-30,1.1564,1.3147,0.6555,0.5747,154.17,0.8020,1.3982
2025-10-31,1.1541,1.3141,0.6546,0.5728,154.05,0.8027,1.4010
2025-11-03,1.1531,1.3150,0.6537,0.5709,154.13,0.8073,1.4049
2025-11-04,1.1491,1.3044,0.6502,0.5666,153.55,0.8091,1.4081
2025-11-05,1.1485,1.3051,0.6512,0.5664,154.11,0.8107,1.4108
2025-11-06,1.1539,1.3107,0.6468,0.5631,152.97,0.8069,1.4127
2025-11-07,1.1578,1.3165,0.6476,0.5617,153.06,0.8040,1.4075
2025-11-10,1.1545,1.3157,0.6522,0.5633,153.99,0.8062,1.4029
2025-11-11,,,,,,,
2025-11-12,1.1592,1.3131,0.6541,0.5663,154.64,0.7972,1.4000
2025-11-13,1.1649,1.3214,0.6553,0.5678,154.40,0.7917,1.4010
2025-11-14,1.1617,1.3156,0.6549,0.5685,154.64,0.7933,1.4023
2025-11-17,1.1598,1.3179,0.6516,0.5674,155.20,0.7956,1.4028
2025-11-18,1.1579,1.3152,0.6505,0.5661,155.44,0.7996,1.3996
2025-11-19,1.1540,1.3077,0.6468,0.5603,156.63,0.8046,1.4049
2025-11-20,1.1534,1.3079,0.6448,0.5597,157.41,0.8054,1.4092
2025-11-21,1.1506,1.3100,0.6457,0.5609,156.58,0.8087,1.4094
2025-11-24,1.1518,1.3096,0.6456,0.5607,156.94,0.8084,1.4110
2025-11-25,1.1553,1.3174,0.6453,0.5609,156.30,0.8091,1.4115
2025-11-26,1.1591,1.3228,0.6516,0.5694,156.38,0.8048,1.4051
2025-11-27,,,,,,,
2025-11-28,1.1600,1.3239,0.6552,0.5737,156.17,0.8036,1.3974
2025-12-01,1.1623,1.3229,0.6554,0.5737,155.28,0.8035,1.3982
2025-12-02,1.1596,1.3186,0.6556,0.5727,155.92,0.8046,1.3988
2025-12-03,1.1660,1.3334,0.6592,0.5769,155.17,0.8004,1.3950
2025-12-04,1.1659,1.3355,0.6619,0.5775,154.90,0.8022,1.3939
2025-12-05,1.1635,1.3324,0.6635,0.5771,155.30,0.8050,1.3858
2025-12-08,1.1626,1.3321,0.6622,0.5771,155.89,0.8078,1.3846
2025-12-09,1.1639,1.3320,0.6653,0.5793,156.85,0.8061,1.3832
2025-12-10,1.1650,1.3340,0.6642,0.5788,156.33,0.8027,1.3834
2025-12-11,1.1756,1.3428,0.6671,0.5819,155.15,0.7932,1.3769
2025-12-12,1.1731,1.3351,0.6640,0.5793,155.81,0.7960,1.3783
2025-12-15,1.1756,1.3380,0.6643,0.5795,155.29,0.7963,1.3765
2025-12-16,1.1770,1.3429,0.6637,0.5794,154.80,0.7949,1.3749
2025-12-17,1.1748,1.3390,0.6608,0.5776,155.60,0.7948,1.3791
2025-12-18,1.1729,1.3389,0.6619,0.5781,155.53,0.7942,1.3762
2025-12-19,1.1721,1.3379,0.6617,0.5760,157.43,0.7950,1.3780
2025-12-22,1.1750,1.3457,0.6657,0.5798,156.93,0.7925,1.3744
2025-12-23,1.1776,1.3485,0.6694,0.5832,156.33,0.7897,1.3713
2025-12-24,1.1780,1.3505,0.6707,0.5837,155.83,0.7887,1.3671
2025-12-25,,,,,,,
2025-12-26,1.1766,1.3492,0.6710,0.5830,156.63,0.7900,1.3662
2025-12-29,1.1756,1.3497,0.6690,0.5807,156.10,0.7899,1.3680
2025-12-30,1.1765,1.3480,0.6703,0.5804,156.26,0.7907,1.3678
2025-12-31,1.1736,1.3447,0.6669,0.5755,156.80,0.7936,1.3712
2026-01-01,,,,,,,
2026-01-02,1.1738,1.3481,0.6684,0.5767,156.72,0.7918,1.3738
2026-01-05,1.1715,1.3527,0.6718,0.5789,156.32,0.7924,1.3757
2026-01-06,1.1689,1.3497,0.6732,0.5779,156.70,0.7954,1.3789
2026-01-07,1.1690,1.3474,0.6728,0.5780,156.73,0.7967,1.3828
2026-01-08,1.1655,1.3430,0.6694,0.5750,156.90,0.7993,1.3864
2026-01-09,1.1634,1.3413,0.6684,0.5731,158.07,0.8012,1.3893
2026-01-12,1.1672,1.3466,0.6716,0.5764,158.15,0.7972,1.3876
2026-01-13,1.1646,1.3436,0.6684,0.5746,159.06,0.8005,1.3885
2026-01-14,1.1655,1.3445,0.6679,0.5750,158.13,0.7987,1.3871
2026-01-15,1.1605,1.3387,0.6705,0.5743,158.50,0.8030,1.3896
2026-01-16,1.1599,1.3384,0.6682,0.5751,158.02,0.8026,1.3920
2026-01-19,,,,,,,
2026-01-20,1.1739,1.3472,0.6743,0.5848,157.89,0.7891,1.3821
2026-01-21,1.1705,1.3430,0.6765,0.5849,158.16,0.7929,1.3813
2026-01-22,1.1738,1.3489,0.6834,0.5902,158.36,0.7905,1.3799
2026-01-23,1.1771,1.3590,0.6878,0.5929,157.57,0.7879,1.3726
2026-01-26,1.1886,1.3699,0.6933,0.5989,153.88,0.7753,1.3692
2026-01-27,1.1980,1.3782,0.6978,0.6018,153.03,0.7666,1.3598
2026-01-28,1.1941,1.3787,0.6993,0.6032,153.60,0.7694,1.3575
2026-01-29,1.1943,1.3795,0.7010,0.6053,152.88,0.7674,1.3518
2026-01-30,1.1885,1.3729,0.6995,0.6048,154.34,0.7710,1.3557
2026-02-02,1.1807,1.3654,0.6960,0.6010,155.50,0.7797,1.3677
2026-02-03,1.1819,1.3701,0.7019,0.6050,155.70,0.7749,1.3644
2026-02-04,1.1803,1.3659,0.6996,0.6005,156.61,0.7767,1.3667
2026-02-05,1.1802,1.3551,0.6974,0.5990,156.91,0.7772,1.3670
2026-02-06,1.1812,1.3606,0.7014,0.6020,157.10,0.7758,1.3644
2026-02-09,1.1898,1.3667,0.7087,0.6048,156.08,0.7679,1.3570
2026-02-10,1.1898,1.3664,0.7072,0.6046,154.28,0.7668,1.3533
2026-02-11,1.1884,1.3654,0.7129,0.6057,152.93,0.7700,1.3569
2026-02-12,1.1870,1.3632,0.7097,0.6047,152.64,0.7693,1.3623
2026-02-13,1.1870,1.3644,0.7068,0.6036,152.77,0.7685,1.3618
2026-02-16,,,,,,,
2026-02-17,1.1831,1.3540,0.7064,0.6029,153.57,0.7718,1.3652
2026-02-18,1.1810,1.3536,0.7065,0.5986,154.45,0.7723,1.3675
2026-02-19,1.1762,1.3446,0.7050,0.5968,154.96,0.7758,1.3701
2026-02-20,1.1781,1.3500,0.7082,0.5974,154.99,0.7756,1.3688
2026-02-23,1.1804,1.3509,0.7061,0.5966,154.30,0.7734,1.3685
2026-02-24,1.1789,1.3531,0.7067,0.5973,155.66,0.7734,1.3702
2026-02-25,1.1804,1.3552,0.7116,0.5992,156.30,0.7728,1.3685
2026-02-26,1.1792,1.3504,0.7092,0.5974,156.13,0.7738,1.3683
2026-02-27,1.1822,1.3455,0.7121,0.6000,156.05,0.7686,1.3632
2026-03-02,1.1690,1.3393,0.7067,0.5930,157.48,0.7797,1.3705
2026-03-03,1.1604,1.3330,0.7026,0.5885,157.69,0.7828,1.3662
2026-03-04,1.1638,1.3370,0.7072,0.5934,156.93,0.7798,1.3661
2026-03-05,1.1585,1.3320,0.7005,0.5892,157.58,0.7819,1.3693
2026-03-06,1.1606,1.3398,0.7022,0.5902,157.64,0.7778,1.3599
2026-03-09,1.1592,1.3395,0.7046,0.5918,158.08,0.7787,1.3573
2026-03-10,1.1648,1.3460,0.7150,0.5956,157.60,0.7753,1.3562
2026-03-11,1.1566,1.3399,0.7150,0.5909,158.83,0.7806,1.3603
2026-03-12,1.1522,1.3350,0.7089,0.5869,159.21,0.7844,1.3618
2026-03-13,1.1444,1.3240,0.7004,0.5804,159.54,0.7898,1.3736
2026-03-16,1.1487,1.3302,0.7055,0.5847,159.30,0.7887,1.3683
2026-03-17,1.1525,1.3345,0.7100,0.5858,159.03,0.7857,1.3706
2026-03-18,1.1513,1.3323,0.7078,0.5840,159.48,0.7892,1.3697
2026-03-19,1.1515,1.3361,0.7036,0.5832,158.19,0.7924,1.3721
2026-03-20,1.1543,1.3303,0.7033,0.5840,159.26,0.7890,1.3731
2026-03-23,1.1587,1.3385,0.6995,0.5843,158.70,0.7878,1.3718
2026-03-24,1.1578,1.3383,0.6965,0.5818,158.90,0.7914,1.3764
2026-03-25,1.1570,1.3373,0.6962,0.5815,159.20,0.7918,1.3799
2026-03-26,1.1542,1.3353,0.6913,0.5779,159.65,0.7935,1.3849
2026-03-27,1.1520,1.3293,0.6890,0.5759,160.16,0.7970,1.3880
2026-03-30,1.1454,1.3191,0.6858,0.5715,159.49,0.8001,1.3921
2026-03-31,1.1518,1.3184,0.6855,0.5710,159.08,0.8027,1.3953
2026-04-01,1.1614,1.3331,0.6944,0.5770,158.63,0.7933,1.3875
2026-04-02,1.1546,1.3241,0.6911,0.5727,159.34,0.7985,1.3917
2026-04-03,1.1523,1.3202,0.6894,0.5695,159.64,0.7999,1.3942
2026-04-06,1.1545,1.3235,0.6919,0.5719,159.71,0.7979,1.3913
2026-04-07,1.1571,1.3240,0.6944,0.5704,159.90,0.7997,1.3905
2026-04-08,1.1686,1.3439,0.7062,0.5836,158.39,0.7899,1.3851
2026-04-09,1.1706,1.3443,0.7086,0.5870,158.87,0.7889,1.3807
2026-04-10,1.1723,1.3460,0.7078,0.5842,159.22,0.7893,1.3828
2026-04-13,1.1710,1.3459,0.7063,0.5843,159.74,0.7876,1.3811
2026-04-14,1.1791,1.3563,0.7131,0.5907,158.91,0.7810,1.3757
2026-04-15,1.1799,1.3569,0.7161,0.5908,159.02,0.7815,1.3740
2026-04-16,1.1783,1.3540,0.7170,0.5896,159.07,0.7833,1.3706
2026-04-17,1.1801,1.3556,0.7192,0.5910,158.10,0.7795,1.3667
2026-04-20,1.1785,1.3542,0.7175,0.5892,158.66,0.7782,1.3649
2026-04-21,1.1752,1.3512,0.7164,0.5905,159.39,0.7800,1.3642
2026-04-22,1.1714,1.3505,0.7162,0.5910,159.49,0.7835,1.3659
2026-04-23,1.1704,1.3495,0.7156,0.5879,159.44,0.7843,1.3682
2026-04-24,1.1718,1.3518,0.7154,0.5881,159.35,0.7848,1.3675
2026-04-27,1.1731,1.3553,0.7193,0.5918,159.29,0.7845,1.3616
2026-04-28,1.1715,1.3513,0.7181,0.5890,159.53,0.7888,1.3671
2026-04-29,1.1695,1.3493,0.7130,0.5837,160.23,0.7902,1.3671
2026-04-30,1.1729,1.3580,0.7184,0.5892,156.66,0.7824,1.3611
2026-05-01,1.1755,1.3621,0.7219,0.5918,156.76,0.7796,1.3575
2026-05-04,1.1698,1.3535,0.7167,0.5873,157.21,0.7835,1.3608
2026-05-05,1.1707,1.3576,0.7196,0.5903,157.68,0.7822,1.3609
2026-05-06,1.1753,1.3597,0.7235,0.5956,156.44,0.7793,1.3621
2026-05-07,1.1764,1.3612,0.7241,0.5962,156.48,0.7777,1.3636
2026-05-08,1.1773,1.3625,0.7242,0.5960,156.64,0.7773,1.3679
2026-05-11,1.1780,1.3651,0.7259,0.5969,157.04,0.7773,1.3664
2026-05-12,1.1733,1.3528,0.7224,0.5944,157.71,0.7817,1.3712
2026-05-13,1.1711,1.3520,0.7263,0.5937,157.84,0.7825,1.3701
2026-05-14,1.1678,1.3480,0.7225,0.5923,158.08,0.7830,1.3724
2026-05-15,1.1627,1.3332,0.7151,0.5841,158.69,0.7868,1.3750
2026-05-18,1.1649,1.3420,0.7160,0.5868,158.83,0.7856,1.3742
2026-05-19,1.1602,1.3401,0.7101,0.5832,159.11,0.7897,1.3754
2026-05-20,1.1620,1.3441,0.7152,0.5870,158.84,0.7876,1.3747
2026-05-21,1.1589,1.3407,0.7134,0.5857,159.16,0.7893,1.3788
2026-05-22,1.1603,1.3439,0.7132,0.5855,159.20,0.7857,1.3817
2026-05-25,,,,,,,
2026-05-26,1.1620,1.3437,0.7162,0.5835,159.36,0.7860,1.3803
2026-05-27,1.1631,1.3431,0.7137,0.5894,159.47,0.7871,1.3829
2026-05-28,1.1649,1.3438,0.7159,0.5927,159.29,0.7845,1.3798
2026-05-29,1.1679,1.3476,0.7191,0.5992,159.23,0.7811,1.3784
2026-06-01,1.1624,1.3451,0.7153,0.5931,159.66,0.7868,1.3837
2026-06-02,1.1642,1.3481,0.7186,0.5933,159.86,0.7858,1.3822
2026-06-03,1.1605,1.3435,0.7139,0.5871,159.97,0.7908,1.3891
2026-06-04,1.1629,1.3441,0.7143,0.5879,159.97,0.7885,1.3889
2026-06-05,1.1533,1.3360,0.7060,0.5809,160.26,0.7955,1.3931
2026-06-08,1.1545,1.3347,0.7055,0.5817,160.12,0.7972,1.3949
2026-06-09,1.1556,1.3389,0.7028,0.5824,160.23,0.7971,1.3957
2026-06-10,1.1550,1.3392,0.7022,0.5823,160.47,0.7984,1.3927
2026-06-11,1.1515,1.3337,0.6995,0.5779,160.51,0.8007,1.4004
2026-06-12,1.1573,1.3414,0.7047,0.5829,160.24,0.7964,1.3971
2026-06-15,1.1599,1.3426,0.7081,0.5835,160.20,0.7937,1.3984
2026-06-16,1.1615,1.3438,0.7077,0.5841,160.39,0.7928,1.3982
2026-06-17,1.1593,1.3400,0.7073,0.5818,160.22,0.7930,1.4030
2026-06-18,1.1470,1.3228,0.7019,0.5758,161.37,0.8040,1.4142
2026-06-19,,,,,,,
2026-06-22,1.1432,1.3249,0.7000,0.5721,161.51,0.8091,1.4167
2026-06-23,1.1383,1.3192,0.6926,0.5672,161.55,0.8097,1.4198
2026-06-24,1.1348,1.3160,0.6895,0.5646,161.76,0.8126,1.4237
2026-06-25,1.1385,1.3216,0.6922,0.5659,161.67,0.8093,1.4191
2026-06-26,1.1403,1.3223,0.6907,0.5651,161.67,0.8082,1.4182
2026-06-29,1.1425,1.3255,0.6885,0.5650,161.93,0.8081,1.4210
2026-06-30,1.1417,1.3259,0.6915,0.5676,162.61,0.8082,1.4205
2026-07-01,1.1384,1.3280,0.6903,0.5678,162.41,0.8086,1.4205
2026-07-02,1.1448,1.3364,0.6931,0.5707,160.90,0.8022,1.4182
2026-07-03,,,,,,,
2026-07-06,1.1426,1.3369,0.6944,0.5691,162.28,0.8063,1.4214
2026-07-07,1.1423,1.3372,0.6935,0.5686,161.91,0.8069,1.4194
2026-07-08,1.1396,1.3362,0.6911,0.5684,162.67,0.8105,1.4190
2026-07-09,1.1439,1.3409,0.6944,0.5761,162.29,0.8063,1.4163
2026-07-10,1.1438,1.3421,0.6959,0.5774,161.31,0.8063,1.4132
2026-07-13,1.1402,1.3382,0.6935,0.5771,162.32,0.8123,1.4138
2026-07-14,1.1428,1.3383,0.6974,0.5808,162.14,0.8091,1.4067
2026-07-15,1.1436,1.3497,0.6999,0.5839,162.13,0.8067,1.4047
2026-07-16,1.1447,1.3485,0.7004,0.5845,162.42,0.8079,1.4033
2026-07-17,1.1440,1.3446,0.6985,0.5848,162.43,0.8069,1.4014
2026-07-20,1.1411,1.3420,0.7004,0.5847,162.59,0.8104,1.4059
2026-07-21,1.1408,1.3374,0.7008,0.5832,163.01,0.8122,1.4097
2026-07-22,1.1414,1.3378,0.7000,0.5823,163.08,0.8134,1.4084
2026-07-23,1.1373,1.3313,0.6975,0.5776,163.80,0.8172,1.4087
2026-07-24,1.1385,1.3344,0.6996,0.5802,163.71,0.8168,1.4078
2026-07-27,1.1376,1.3304,0.6993,0.5780,163.71,0.8187,1.4110
2026-07-28,1.1401,1.3311,0.6984,0.5798,163.65,0.8170,1.4091
2026-07-29,1.1384,1.3288,0.6930,0.5769,163.86,0.8199,1.4086
2026-07-30,1.1522,1.3463,0.7022,0.5876,159.47,0.8056,1.4003
2026-07-31,1.1519,1.3470,0.7026,0.5879,159.16,0.8081,1.4028
2026-08-03,1.1509,1.3434,0.7001,0.5868,156.96,0.8104,1.4039
2026-08-04,1.1527,1.3456,0.7038,0.5889,157.44,0.8092,1.4071
2026-08-05,1.1547,1.3462,0.7051,0.5880,157.63,0.8075,1.4018
2026-08-06,1.1521,1.3456,0.7028,0.5867,158.45,0.8129,1.4029
2026-08-07,1.1559,1.3498,0.7064,0.5892,157.54,0.8078,1.3933
2026-08-10,1.1552,1.3526,0.7066,0.5891,158.90,0.8089,1.3927
2026-08-11,1.1543,1.3516,0.7062,0.5882,159.25,0.8109,1.3923
2026-08-12,1.1540,1.3511,0.7070,0.5867,159.23,0.8117,1.3919
2026-08-13,1.1531,1.3497,0.7058,0.5848,159.35,0.8130,1.3934
2026-08-14,1.1581,1.3556,0.7091,0.5897,159.21,0.8116,1.3872
2026-08-17,1.1591,1.3564,0.7113,0.5910,159.34,0.8096,1.3867
2026-08-18,1.1580,1.3543,0.7097,0.5880,159.58,0.8121,1.3889
2026-08-19,1.1664,1.3608,0.7123,0.5930,158.45,0.7998,1.3821
2026-08-20,1.1679,1.3639,0.7120,0.5949,158.85,0.7998,1.3780
2026-08-21,1.1684,1.3644,0.7178,0.5983,158.91,0.8008,1.3765
2026-08-24,1.1665,1.3631,0.7151,0.5957,159.17,0.8024,1.3840
2026-08-25,1.1673,1.3644,0.7160,0.5972,159.21,0.8024,1.3833
2026-08-26,1.1651,1.3595,0.7169,0.5938,159.36,0.8054,1.3876
2026-08-27,1.1654,1.3600,0.7198,0.5953,159.26,0.8036,1.3854
2026-08-28,1.1598,1.3555,0.7166,0.5915,159.97,0.8085,1.3895
2026-08-31,1.1617,1.3550,0.7166,0.5917,159.74,0.8085,1.3862
2026-09-01,1.1593,1.3527,0.7161,0.5905,160.03,0.8117,1.3902
2026-09-02,1.1592,1.3503,0.7169,0.5847,158.79,0.8130,1.3850
2026-09-03,1.1623,1.3536,0.7199,0.5885,155.39,0.8073,1.3782
2026-09-04,1.1618,1.3521,0.7209,0.5890,156.11,0.8096,1.3834
2026-09-07,,,,,,,
2026-09-08,1.1627,1.3542,0.7218,0.5855,154.24,0.8091,1.3779
2026-09-09,1.1627,1.3549,0.7219,0.5842,153.50,0.8102,1.3805
2026-09-10,1.1629,1.3532,0.7171,0.5810,154.06,0.8113,1.3806
2026-09-11,1.1604,1.3524,0.7174,0.5817,153.71,0.8159,1.3864
2026-09-14,1.1549,1.3494,0.7141,0.5779,154.42,0.8173,1.3911
2026-09-15,1.1542,1.3479,0.7128,0.5757,155.11,0.8190,1.3916
2026-09-16,1.1538,1.3451,0.7132,0.5759,155.08,0.8191,1.3934
2026-09-17,1.1479,1.3347,0.7114,0.5736,155.85,0.8245,1.3991
2026-09-18,1.1464,1.3372,0.7111,0.5710,156.87,0.8242,1.4008
2026-09-21,1.1469,1.3371,0.7123,0.5719,157.46,0.8213,1.4023
2026-09-22,1.1432,1.3326,0.7102,0.5715,157.55,0.8219,1.4070
2026-09-23,1.1394,1.3253,0.7036,0.5672,158.30,0.8250,1.4098
2026-09-24,1.1373,1.3217,0.7016,0.5659,158.92,0.8286,1.4140
2026-09-25,1.1400,1.3250,0.7033,0.5667,157.18,0.8282,1.4140
